2026-01-10 18:03:41,364 - pymongo.topology - DEBUG - {"message": "Starting topology monitoring", "topologyId": {"$oid": "6962785d3127086e3f0188e5"}}
2026-01-10 18:03:41,364 - pymongo.topology - DEBUG - {"message": "Topology description changed", "topologyId": {"$oid": "6962785d3127086e3f0188e5"}, "previousDescription": "<TopologyDescription id: 6962785d3127086e3f0188e5, topology_type: Unknown, servers: []>", "newDescription": "<TopologyDescription id: 6962785d3127086e3f0188e5, topology_type: Unknown, servers: [<ServerDescription ('localhost', 27017) server_type: Unknown, rtt: None>]>"}
2026-01-10 18:03:41,364 - pymongo.topology - DEBUG - {"message": "Starting server monitoring", "topologyId": {"$oid": "6962785d3127086e3f0188e5"}, "serverHost": "localhost", "serverPort": 27017}
2026-01-10 18:03:41,364 - __main__ - INFO - Starting GymAI Telegram Bot...
2026-01-10 18:03:41,364 - __main__ - INFO - Environment: dev
2026-01-10 18:03:41,364 - __main__ - INFO - Debug mode: True
2026-01-10 18:03:41,373 - telegram.ext.ExtBot - DEBUG - Set Bot API URL: https://api.telegram.org/bot8490932438:AAFVy70Urq5Cj0h7gUKJbECBv3z9-apYZtM
2026-01-10 18:03:41,373 - telegram.ext.ExtBot - DEBUG - Set Bot API File URL: https://api.telegram.org/file/bot8490932438:AAFVy70Urq5Cj0h7gUKJbECBv3z9-apYZtM
2026-01-10 18:03:41,373 - __main__ - INFO - Bot is running in polling mode. Press Ctrl+C to stop.
2026-01-10 18:03:41,373 - asyncio - DEBUG - Using selector: KqueueSelector
2026-01-10 18:03:41,373 - telegram.ext - DEBUG - Network Retry Loop (Bootstrap Initialize Application): Starting
2026-01-10 18:03:41,374 - telegram.ext.ExtBot - DEBUG - Calling Bot API endpoint `getMe` with parameters `{}`
2026-01-10 18:03:41,376 - httpcore.connection - DEBUG - connect_tcp.started host='api.telegram.org' port=443 local_address=None timeout=5.0 socket_options=None
2026-01-10 18:03:41,472 - httpcore.connection - DEBUG - connect_tcp.complete return_value=<httpcore._backends.anyio.AnyIOStream object at 0x10b8a1f10>
2026-01-10 18:03:41,472 - httpcore.connection - DEBUG - start_tls.started ssl_context=<ssl.SSLContext object at 0x10b82f0b0> server_hostname='api.telegram.org' timeout=5.0
2026-01-10 18:03:41,559 - httpcore.connection - DEBUG - start_tls.complete return_value=<httpcore._backends.anyio.AnyIOStream object at 0x10773efd0>
2026-01-10 18:03:41,559 - httpcore.http11 - DEBUG - send_request_headers.started request=<Request [b'POST']>
2026-01-10 18:03:41,560 - httpcore.http11 - DEBUG - send_request_headers.complete
2026-01-10 18:03:41,560 - httpcore.http11 - DEBUG - send_request_body.started request=<Request [b'POST']>
2026-01-10 18:03:41,560 - httpcore.http11 - DEBUG - send_request_body.complete
2026-01-10 18:03:41,560 - httpcore.http11 - DEBUG - receive_response_headers.started request=<Request [b'POST']>
2026-01-10 18:03:41,638 - httpcore.http11 - DEBUG - receive_response_headers.complete return_value=(b'HTTP/1.1', 200, b'OK', [(b'Server', b'nginx/1.18.0'), (b'Date', b'Sat, 10 Jan 2026 16:03:41 GMT'), (b'Content-Type', b'application/json'), (b'Content-Length', b'272'), (b'Connection', b'keep-alive'), (b'Strict-Transport-Security', b'max-age=31536000; includeSubDomains; preload'), (b'Access-Control-Allow-Origin', b'*'), (b'Access-Control-Allow-Methods', b'GET, POST, OPTIONS'), (b'Access-Control-Expose-Headers', b'Content-Length,Content-Type,Date,Server,Connection')])
2026-01-10 18:03:41,639 - httpx - INFO - HTTP Request: POST https://api.telegram.org/bot8490932438:AAFVy70Urq5Cj0h7gUKJbECBv3z9-apYZtM/getMe "HTTP/1.1 200 OK"
2026-01-10 18:03:41,639 - httpcore.http11 - DEBUG - receive_response_body.started request=<Request [b'POST']>
2026-01-10 18:03:41,639 - httpcore.http11 - DEBUG - receive_response_body.complete
2026-01-10 18:03:41,639 - httpcore.http11 - DEBUG - response_closed.started
2026-01-10 18:03:41,639 - httpcore.http11 - DEBUG - response_closed.complete
2026-01-10 18:03:41,639 - telegram.ext.ExtBot - DEBUG - Call to Bot API endpoint `getMe` finished with return value `{'id': 8490932438, 'is_bot': True, 'first_name': 'ne', 'username': 'pulluptestbot', 'can_join_groups': True, 'can_read_all_group_messages': False, 'supports_inline_queries': False, 'can_connect_to_business': False, 'has_main_web_app': False, 'has_topics_enabled': False}`
2026-01-10 18:03:41,639 - telegram.ext.ExtBot - DEBUG - This Bot is already initialized.
2026-01-10 18:03:41,639 - telegram.ext - DEBUG - Network Retry Loop (Bootstrap Initialize Application): Action succeeded. Stopping loop.
2026-01-10 18:03:41,639 - telegram.ext.Updater - DEBUG - Updater started (polling)
2026-01-10 18:03:41,639 - telegram.ext - DEBUG - Network Retry Loop (Bootstrap delete Webhook): Starting
2026-01-10 18:03:41,639 - telegram.ext.Updater - DEBUG - Deleting webhook
2026-01-10 18:03:41,639 - telegram.ext.ExtBot - DEBUG - Calling Bot API endpoint `deleteWebhook` with parameters `{}`
2026-01-10 18:03:41,640 - httpcore.http11 - DEBUG - send_request_headers.started request=<Request [b'POST']>
2026-01-10 18:03:41,640 - httpcore.http11 - DEBUG - send_request_headers.complete
2026-01-10 18:03:41,640 - httpcore.http11 - DEBUG - send_request_body.started request=<Request [b'POST']>
2026-01-10 18:03:41,640 - httpcore.http11 - DEBUG - send_request_body.complete
2026-01-10 18:03:41,640 - httpcore.http11 - DEBUG - receive_response_headers.started request=<Request [b'POST']>
2026-01-10 18:03:41,721 - httpcore.http11 - DEBUG - receive_response_headers.complete return_value=(b'HTTP/1.1', 200, b'OK', [(b'Server', b'nginx/1.18.0'), (b'Date', b'Sat, 10 Jan 2026 16:03:41 GMT'), (b'Content-Type', b'application/json'), (b'Content-Length', b'68'), (b'Connection', b'keep-alive'), (b'Strict-Transport-Security', b'max-age=31536000; includeSubDomains; preload'), (b'Access-Control-Allow-Origin', b'*'), (b'Access-Control-Allow-Methods', b'GET, POST, OPTIONS'), (b'Access-Control-Expose-Headers', b'Content-Length,Content-Type,Date,Server,Connection')])
2026-01-10 18:03:41,721 - httpx - INFO - HTTP Request: POST https://api.telegram.org/bot8490932438:AAFVy70Urq5Cj0h7gUKJbECBv3z9-apYZtM/deleteWebhook "HTTP/1.1 200 OK"
2026-01-10 18:03:41,721 - httpcore.http11 - DEBUG - receive_response_body.started request=<Request [b'POST']>
2026-01-10 18:03:41,722 - httpcore.http11 - DEBUG - receive_response_body.complete
2026-01-10 18:03:41,722 - httpcore.http11 - DEBUG - response_closed.started
2026-01-10 18:03:41,722 - httpcore.http11 - DEBUG - response_closed.complete
2026-01-10 18:03:41,722 - telegram.ext.ExtBot - DEBUG - Call to Bot API endpoint `deleteWebhook` finished with return value `True`
2026-01-10 18:03:41,722 - telegram.ext - DEBUG - Network Retry Loop (Bootstrap delete Webhook): Action succeeded. Stopping loop.
2026-01-10 18:03:41,722 - telegram.ext.Updater - DEBUG - Bootstrap done
2026-01-10 18:03:41,722 - telegram.ext.Updater - DEBUG - Waiting for polling to start
2026-01-10 18:03:41,722 - telegram.ext.Updater - DEBUG - Polling updates from Telegram started
2026-01-10 18:03:41,722 - telegram.ext - DEBUG - Network Retry Loop (Polling Updates): Starting
2026-01-10 18:03:41,722 - telegram.ext.ExtBot - DEBUG - Calling Bot API endpoint `getUpdates` with parameters `{'timeout': datetime.timedelta(seconds=10), 'offset': 0, 'allowed_updates': [<UpdateType.MESSAGE>, <UpdateType.EDITED_MESSAGE>, <UpdateType.CHANNEL_POST>, <UpdateType.EDITED_CHANNEL_POST>, <UpdateType.INLINE_QUERY>, <UpdateType.CHOSEN_INLINE_RESULT>, <UpdateType.CALLBACK_QUERY>, <UpdateType.SHIPPING_QUERY>, <UpdateType.PRE_CHECKOUT_QUERY>, <UpdateType.POLL>, <UpdateType.POLL_ANSWER>, <UpdateType.MY_CHAT_MEMBER>, <UpdateType.CHAT_MEMBER>, <UpdateType.CHAT_JOIN_REQUEST>, <UpdateType.CHAT_BOOST>, <UpdateType.REMOVED_CHAT_BOOST>, <UpdateType.MESSAGE_REACTION>, <UpdateType.MESSAGE_REACTION_COUNT>, <UpdateType.BUSINESS_CONNECTION>, <UpdateType.BUSINESS_MESSAGE>, <UpdateType.EDITED_BUSINESS_MESSAGE>, <UpdateType.DELETED_BUSINESS_MESSAGES>, <UpdateType.PURCHASED_PAID_MEDIA>]}`
2026-01-10 18:03:41,723 - telegram.ext.Application - INFO - Application started
2026-01-10 18:03:41,723 - httpcore.connection - DEBUG - connect_tcp.started host='api.telegram.org' port=443 local_address=None timeout=5.0 socket_options=None
2026-01-10 18:03:41,803 - httpcore.connection - DEBUG - connect_tcp.complete return_value=<httpcore._backends.anyio.AnyIOStream object at 0x107777d50>
2026-01-10 18:03:41,803 - httpcore.connection - DEBUG - start_tls.started ssl_context=<ssl.SSLContext object at 0x10b82f140> server_hostname='api.telegram.org' timeout=5.0
2026-01-10 18:03:41,889 - httpcore.connection - DEBUG - start_tls.complete return_value=<httpcore._backends.anyio.AnyIOStream object at 0x10773f610>
2026-01-10 18:03:41,889 - httpcore.http11 - DEBUG - send_request_headers.started request=<Request [b'POST']>
2026-01-10 18:03:41,889 - httpcore.http11 - DEBUG - send_request_headers.complete
2026-01-10 18:03:41,889 - httpcore.http11 - DEBUG - send_request_body.started request=<Request [b'POST']>
2026-01-10 18:03:41,890 - httpcore.http11 - DEBUG - send_request_body.complete
2026-01-10 18:03:41,890 - httpcore.http11 - DEBUG - receive_response_headers.started request=<Request [b'POST']>
2026-01-10 18:03:51,978 - httpcore.http11 - DEBUG - receive_response_headers.complete return_value=(b'HTTP/1.1', 200, b'OK', [(b'Server', b'nginx/1.18.0'), (b'Date', b'Sat, 10 Jan 2026 16:03:52 GMT'), (b'Content-Type', b'application/json'), (b'Content-Length', b'23'), (b'Connection', b'keep-alive'), (b'Strict-Transport-Security', b'max-age=31536000; includeSubDomains; preload'), (b'Access-Control-Allow-Origin', b'*'), (b'Access-Control-Allow-Methods', b'GET, POST, OPTIONS'), (b'Access-Control-Expose-Headers', b'Content-Length,Content-Type,Date,Server,Connection')])
2026-01-10 18:03:51,979 - httpx - INFO - HTTP Request: POST https://api.telegram.org/bot8490932438:AAFVy70Urq5Cj0h7gUKJbECBv3z9-apYZtM/getUpdates "HTTP/1.1 200 OK"
2026-01-10 18:03:51,979 - httpcore.http11 - DEBUG - receive_response_body.started request=<Request [b'POST']>
2026-01-10 18:03:51,980 - httpcore.http11 - DEBUG - receive_response_body.complete
2026-01-10 18:03:51,980 - httpcore.http11 - DEBUG - response_closed.started
2026-01-10 18:03:51,980 - httpcore.http11 - DEBUG - response_closed.complete
2026-01-10 18:03:51,981 - telegram.ext.ExtBot - DEBUG - Call to Bot API endpoint `getUpdates` finished with return value `[]`
2026-01-10 18:03:51,981 - telegram.ext.ExtBot - DEBUG - No new updates found.
2026-01-10 18:03:51,981 - telegram.ext.ExtBot - DEBUG - Calling Bot API endpoint `getUpdates` with parameters `{'timeout': datetime.timedelta(seconds=10), 'offset': 0, 'allowed_updates': [<UpdateType.MESSAGE>, <UpdateType.EDITED_MESSAGE>, <UpdateType.CHANNEL_POST>, <UpdateType.EDITED_CHANNEL_POST>, <UpdateType.INLINE_QUERY>, <UpdateType.CHOSEN_INLINE_RESULT>, <UpdateType.CALLBACK_QUERY>, <UpdateType.SHIPPING_QUERY>, <UpdateType.PRE_CHECKOUT_QUERY>, <UpdateType.POLL>, <UpdateType.POLL_ANSWER>, <UpdateType.MY_CHAT_MEMBER>, <UpdateType.CHAT_MEMBER>, <UpdateType.CHAT_JOIN_REQUEST>, <UpdateType.CHAT_BOOST>, <UpdateType.REMOVED_CHAT_BOOST>, <UpdateType.MESSAGE_REACTION>, <UpdateType.MESSAGE_REACTION_COUNT>, <UpdateType.BUSINESS_CONNECTION>, <UpdateType.BUSINESS_MESSAGE>, <UpdateType.EDITED_BUSINESS_MESSAGE>, <UpdateType.DELETED_BUSINESS_MESSAGES>, <UpdateType.PURCHASED_PAID_MEDIA>]}`
2026-01-10 18:03:51,982 - httpcore.http11 - DEBUG - send_request_headers.started request=<Request [b'POST']>
2026-01-10 18:03:51,983 - httpcore.http11 - DEBUG - send_request_headers.complete
2026-01-10 18:03:51,983 - httpcore.http11 - DEBUG - send_request_body.started request=<Request [b'POST']>
2026-01-10 18:03:51,984 - httpcore.http11 - DEBUG - send_request_body.complete
2026-01-10 18:03:51,984 - httpcore.http11 - DEBUG - receive_response_headers.started request=<Request [b'POST']>
2026-01-10 18:04:02,065 - httpcore.http11 - DEBUG - receive_response_headers.complete return_value=(b'HTTP/1.1', 200, b'OK', [(b'Server', b'nginx/1.18.0'), (b'Date', b'Sat, 10 Jan 2026 16:04:02 GMT'), (b'Content-Type', b'application/json'), (b'Content-Length', b'23'), (b'Connection', b'keep-alive'), (b'Strict-Transport-Security', b'max-age=31536000; includeSubDomains; preload'), (b'Access-Control-Allow-Origin', b'*'), (b'Access-Control-Allow-Methods', b'GET, POST, OPTIONS'), (b'Access-Control-Expose-Headers', b'Content-Length,Content-Type,Date,Server,Connection')])
2026-01-10 18:04:02,066 - httpx - INFO - HTTP Request: POST https://api.telegram.org/bot8490932438:AAFVy70Urq5Cj0h7gUKJbECBv3z9-apYZtM/getUpdates "HTTP/1.1 200 OK"
2026-01-10 18:04:02,067 - httpcore.http11 - DEBUG - receive_response_body.started request=<Request [b'POST']>
2026-01-10 18:04:02,067 - httpcore.http11 - DEBUG - receive_response_body.complete
2026-01-10 18:04:02,067 - httpcore.http11 - DEBUG - response_closed.started
2026-01-10 18:04:02,067 - httpcore.http11 - DEBUG - response_closed.complete
2026-01-10 18:04:02,067 - telegram.ext.ExtBot - DEBUG - Call to Bot API endpoint `getUpdates` finished with return value `[]`
2026-01-10 18:04:02,067 - telegram.ext.ExtBot - DEBUG - No new updates found.
2026-01-10 18:04:02,068 - telegram.ext.ExtBot - DEBUG - Calling Bot API endpoint `getUpdates` with parameters `{'timeout': datetime.timedelta(seconds=10), 'offset': 0, 'allowed_updates': [<UpdateType.MESSAGE>, <UpdateType.EDITED_MESSAGE>, <UpdateType.CHANNEL_POST>, <UpdateType.EDITED_CHANNEL_POST>, <UpdateType.INLINE_QUERY>, <UpdateType.CHOSEN_INLINE_RESULT>, <UpdateType.CALLBACK_QUERY>, <UpdateType.SHIPPING_QUERY>, <UpdateType.PRE_CHECKOUT_QUERY>, <UpdateType.POLL>, <UpdateType.POLL_ANSWER>, <UpdateType.MY_CHAT_MEMBER>, <UpdateType.CHAT_MEMBER>, <UpdateType.CHAT_JOIN_REQUEST>, <UpdateType.CHAT_BOOST>, <UpdateType.REMOVED_CHAT_BOOST>, <UpdateType.MESSAGE_REACTION>, <UpdateType.MESSAGE_REACTION_COUNT>, <UpdateType.BUSINESS_CONNECTION>, <UpdateType.BUSINESS_MESSAGE>, <UpdateType.EDITED_BUSINESS_MESSAGE>, <UpdateType.DELETED_BUSINESS_MESSAGES>, <UpdateType.PURCHASED_PAID_MEDIA>]}`
2026-01-10 18:04:02,068 - httpcore.http11 - DEBUG - send_request_headers.started request=<Request [b'POST']>
2026-01-10 18:04:02,069 - httpcore.http11 - DEBUG - send_request_headers.complete
2026-01-10 18:04:02,069 - httpcore.http11 - DEBUG - send_request_body.started request=<Request [b'POST']>
2026-01-10 18:04:02,069 - httpcore.http11 - DEBUG - send_request_body.complete
2026-01-10 18:04:02,069 - httpcore.http11 - DEBUG - receive_response_headers.started request=<Request [b'POST']>
2026-01-10 18:04:12,152 - httpcore.http11 - DEBUG - receive_response_headers.complete return_value=(b'HTTP/1.1', 200, b'OK', [(b'Server', b'nginx/1.18.0'), (b'Date', b'Sat, 10 Jan 2026 16:04:12 GMT'), (b'Content-Type', b'application/json'), (b'Content-Length', b'23'), (b'Connection', b'keep-alive'), (b'Strict-Transport-Security', b'max-age=31536000; includeSubDomains; preload'), (b'Access-Control-Allow-Origin', b'*'), (b'Access-Control-Allow-Methods', b'GET, POST, OPTIONS'), (b'Access-Control-Expose-Headers', b'Content-Length,Content-Type,Date,Server,Connection')])
2026-01-10 18:04:12,152 - httpx - INFO - HTTP Request: POST https://api.telegram.org/bot8490932438:AAFVy70Urq5Cj0h7gUKJbECBv3z9-apYZtM/getUpdates "HTTP/1.1 200 OK"
2026-01-10 18:04:12,153 - httpcore.http11 - DEBUG - receive_response_body.started request=<Request [b'POST']>
2026-01-10 18:04:12,153 - httpcore.http11 - DEBUG - receive_response_body.complete
2026-01-10 18:04:12,153 - httpcore.http11 - DEBUG - response_closed.started
2026-01-10 18:04:12,153 - httpcore.http11 - DEBUG - response_closed.complete
2026-01-10 18:04:12,153 - telegram.ext.ExtBot - DEBUG - Call to Bot API endpoint `getUpdates` finished with return value `[]`
2026-01-10 18:04:12,153 - telegram.ext.ExtBot - DEBUG - No new updates found.
2026-01-10 18:04:12,153 - telegram.ext.ExtBot - DEBUG - Calling Bot API endpoint `getUpdates` with parameters `{'timeout': datetime.timedelta(seconds=10), 'offset': 0, 'allowed_updates': [<UpdateType.MESSAGE>, <UpdateType.EDITED_MESSAGE>, <UpdateType.CHANNEL_POST>, <UpdateType.EDITED_CHANNEL_POST>, <UpdateType.INLINE_QUERY>, <UpdateType.CHOSEN_INLINE_RESULT>, <UpdateType.CALLBACK_QUERY>, <UpdateType.SHIPPING_QUERY>, <UpdateType.PRE_CHECKOUT_QUERY>, <UpdateType.POLL>, <UpdateType.POLL_ANSWER>, <UpdateType.MY_CHAT_MEMBER>, <UpdateType.CHAT_MEMBER>, <UpdateType.CHAT_JOIN_REQUEST>, <UpdateType.CHAT_BOOST>, <UpdateType.REMOVED_CHAT_BOOST>, <UpdateType.MESSAGE_REACTION>, <UpdateType.MESSAGE_REACTION_COUNT>, <UpdateType.BUSINESS_CONNECTION>, <UpdateType.BUSINESS_MESSAGE>, <UpdateType.EDITED_BUSINESS_MESSAGE>, <UpdateType.DELETED_BUSINESS_MESSAGES>, <UpdateType.PURCHASED_PAID_MEDIA>]}`
2026-01-10 18:04:12,154 - httpcore.http11 - DEBUG - send_request_headers.started request=<Request [b'POST']>
2026-01-10 18:04:12,154 - httpcore.http11 - DEBUG - send_request_headers.complete
2026-01-10 18:04:12,154 - httpcore.http11 - DEBUG - send_request_body.started request=<Request [b'POST']>
2026-01-10 18:04:12,155 - httpcore.http11 - DEBUG - send_request_body.complete
2026-01-10 18:04:12,155 - httpcore.http11 - DEBUG - receive_response_headers.started request=<Request [b'POST']>
2026-01-10 18:04:22,244 - httpcore.http11 - DEBUG - receive_response_headers.complete return_value=(b'HTTP/1.1', 200, b'OK', [(b'Server', b'nginx/1.18.0'), (b'Date', b'Sat, 10 Jan 2026 16:04:22 GMT'), (b'Content-Type', b'application/json'), (b'Content-Length', b'23'), (b'Connection', b'keep-alive'), (b'Strict-Transport-Security', b'max-age=31536000; includeSubDomains; preload'), (b'Access-Control-Allow-Origin', b'*'), (b'Access-Control-Allow-Methods', b'GET, POST, OPTIONS'), (b'Access-Control-Expose-Headers', b'Content-Length,Content-Type,Date,Server,Connection')])
2026-01-10 18:04:22,245 - httpx - INFO - HTTP Request: POST https://api.telegram.org/bot8490932438:AAFVy70Urq5Cj0h7gUKJbECBv3z9-apYZtM/getUpdates "HTTP/1.1 200 OK"
2026-01-10 18:04:22,245 - httpcore.http11 - DEBUG - receive_response_body.started request=<Request [b'POST']>
2026-01-10 18:04:22,245 - httpcore.http11 - DEBUG - receive_response_body.complete
2026-01-10 18:04:22,245 - httpcore.http11 - DEBUG - response_closed.started
2026-01-10 18:04:22,245 - httpcore.http11 - DEBUG - response_closed.complete
2026-01-10 18:04:22,245 - telegram.ext.ExtBot - DEBUG - Call to Bot API endpoint `getUpdates` finished with return value `[]`
2026-01-10 18:04:22,245 - telegram.ext.ExtBot - DEBUG - No new updates found.
2026-01-10 18:04:22,245 - telegram.ext.ExtBot - DEBUG - Calling Bot API endpoint `getUpdates` with parameters `{'timeout': datetime.timedelta(seconds=10), 'offset': 0, 'allowed_updates': [<UpdateType.MESSAGE>, <UpdateType.EDITED_MESSAGE>, <UpdateType.CHANNEL_POST>, <UpdateType.EDITED_CHANNEL_POST>, <UpdateType.INLINE_QUERY>, <UpdateType.CHOSEN_INLINE_RESULT>, <UpdateType.CALLBACK_QUERY>, <UpdateType.SHIPPING_QUERY>, <UpdateType.PRE_CHECKOUT_QUERY>, <UpdateType.POLL>, <UpdateType.POLL_ANSWER>, <UpdateType.MY_CHAT_MEMBER>, <UpdateType.CHAT_MEMBER>, <UpdateType.CHAT_JOIN_REQUEST>, <UpdateType.CHAT_BOOST>, <UpdateType.REMOVED_CHAT_BOOST>, <UpdateType.MESSAGE_REACTION>, <UpdateType.MESSAGE_REACTION_COUNT>, <UpdateType.BUSINESS_CONNECTION>, <UpdateType.BUSINESS_MESSAGE>, <UpdateType.EDITED_BUSINESS_MESSAGE>, <UpdateType.DELETED_BUSINESS_MESSAGES>, <UpdateType.PURCHASED_PAID_MEDIA>]}`
2026-01-10 18:04:22,246 - httpcore.http11 - DEBUG - send_request_headers.started request=<Request [b'POST']>
2026-01-10 18:04:22,246 - httpcore.http11 - DEBUG - send_request_headers.complete
2026-01-10 18:04:22,246 - httpcore.http11 - DEBUG - send_request_body.started request=<Request [b'POST']>
2026-01-10 18:04:22,246 - httpcore.http11 - DEBUG - send_request_body.complete
2026-01-10 18:04:22,246 - httpcore.http11 - DEBUG - receive_response_headers.started request=<Request [b'POST']>
2026-01-10 18:04:32,364 - httpcore.http11 - DEBUG - receive_response_headers.complete return_value=(b'HTTP/1.1', 200, b'OK', [(b'Server', b'nginx/1.18.0'), (b'Date', b'Sat, 10 Jan 2026 16:04:32 GMT'), (b'Content-Type', b'application/json'), (b'Content-Length', b'23'), (b'Connection', b'keep-alive'), (b'Strict-Transport-Security', b'max-age=31536000; includeSubDomains; preload'), (b'Access-Control-Allow-Origin', b'*'), (b'Access-Control-Allow-Methods', b'GET, POST, OPTIONS'), (b'Access-Control-Expose-Headers', b'Content-Length,Content-Type,Date,Server,Connection')])
2026-01-10 18:04:32,365 - httpx - INFO - HTTP Request: POST https://api.telegram.org/bot8490932438:AAFVy70Urq5Cj0h7gUKJbECBv3z9-apYZtM/getUpdates "HTTP/1.1 200 OK"
2026-01-10 18:04:32,365 - httpcore.http11 - DEBUG - receive_response_body.started request=<Request [b'POST']>
2026-01-10 18:04:32,365 - httpcore.http11 - DEBUG - receive_response_body.complete
2026-01-10 18:04:32,366 - httpcore.http11 - DEBUG - response_closed.started
2026-01-10 18:04:32,366 - httpcore.http11 - DEBUG - response_closed.complete
2026-01-10 18:04:32,366 - telegram.ext.ExtBot - DEBUG - Call to Bot API endpoint `getUpdates` finished with return value `[]`
2026-01-10 18:04:32,366 - telegram.ext.ExtBot - DEBUG - No new updates found.
2026-01-10 18:04:32,367 - telegram.ext.ExtBot - DEBUG - Calling Bot API endpoint `getUpdates` with parameters `{'timeout': datetime.timedelta(seconds=10), 'offset': 0, 'allowed_updates': [<UpdateType.MESSAGE>, <UpdateType.EDITED_MESSAGE>, <UpdateType.CHANNEL_POST>, <UpdateType.EDITED_CHANNEL_POST>, <UpdateType.INLINE_QUERY>, <UpdateType.CHOSEN_INLINE_RESULT>, <UpdateType.CALLBACK_QUERY>, <UpdateType.SHIPPING_QUERY>, <UpdateType.PRE_CHECKOUT_QUERY>, <UpdateType.POLL>, <UpdateType.POLL_ANSWER>, <UpdateType.MY_CHAT_MEMBER>, <UpdateType.CHAT_MEMBER>, <UpdateType.CHAT_JOIN_REQUEST>, <UpdateType.CHAT_BOOST>, <UpdateType.REMOVED_CHAT_BOOST>, <UpdateType.MESSAGE_REACTION>, <UpdateType.MESSAGE_REACTION_COUNT>, <UpdateType.BUSINESS_CONNECTION>, <UpdateType.BUSINESS_MESSAGE>, <UpdateType.EDITED_BUSINESS_MESSAGE>, <UpdateType.DELETED_BUSINESS_MESSAGES>, <UpdateType.PURCHASED_PAID_MEDIA>]}`
2026-01-10 18:04:32,368 - httpcore.http11 - DEBUG - send_request_headers.started request=<Request [b'POST']>
2026-01-10 18:04:32,368 - httpcore.http11 - DEBUG - send_request_headers.complete
2026-01-10 18:04:32,368 - httpcore.http11 - DEBUG - send_request_body.started request=<Request [b'POST']>
2026-01-10 18:04:32,369 - httpcore.http11 - DEBUG - send_request_body.complete
2026-01-10 18:04:32,369 - httpcore.http11 - DEBUG - receive_response_headers.started request=<Request [b'POST']>
2026-01-10 18:04:42,450 - httpcore.http11 - DEBUG - receive_response_headers.complete return_value=(b'HTTP/1.1', 200, b'OK', [(b'Server', b'nginx/1.18.0'), (b'Date', b'Sat, 10 Jan 2026 16:04:42 GMT'), (b'Content-Type', b'application/json'), (b'Content-Length', b'23'), (b'Connection', b'keep-alive'), (b'Strict-Transport-Security', b'max-age=31536000; includeSubDomains; preload'), (b'Access-Control-Allow-Origin', b'*'), (b'Access-Control-Allow-Methods', b'GET, POST, OPTIONS'), (b'Access-Control-Expose-Headers', b'Content-Length,Content-Type,Date,Server,Connection')])
2026-01-10 18:04:42,451 - httpx - INFO - HTTP Request: POST https://api.telegram.org/bot8490932438:AAFVy70Urq5Cj0h7gUKJbECBv3z9-apYZtM/getUpdates "HTTP/1.1 200 OK"
2026-01-10 18:04:42,451 - httpcore.http11 - DEBUG - receive_response_body.started request=<Request [b'POST']>
2026-01-10 18:04:42,451 - httpcore.http11 - DEBUG - receive_response_body.complete
2026-01-10 18:04:42,451 - httpcore.http11 - DEBUG - response_closed.started
2026-01-10 18:04:42,451 - httpcore.http11 - DEBUG - response_closed.complete
2026-01-10 18:04:42,451 - telegram.ext.ExtBot - DEBUG - Call to Bot API endpoint `getUpdates` finished with return value `[]`
2026-01-10 18:04:42,451 - telegram.ext.ExtBot - DEBUG - No new updates found.
2026-01-10 18:04:42,452 - telegram.ext.ExtBot - DEBUG - Calling Bot API endpoint `getUpdates` with parameters `{'timeout': datetime.timedelta(seconds=10), 'offset': 0, 'allowed_updates': [<UpdateType.MESSAGE>, <UpdateType.EDITED_MESSAGE>, <UpdateType.CHANNEL_POST>, <UpdateType.EDITED_CHANNEL_POST>, <UpdateType.INLINE_QUERY>, <UpdateType.CHOSEN_INLINE_RESULT>, <UpdateType.CALLBACK_QUERY>, <UpdateType.SHIPPING_QUERY>, <UpdateType.PRE_CHECKOUT_QUERY>, <UpdateType.POLL>, <UpdateType.POLL_ANSWER>, <UpdateType.MY_CHAT_MEMBER>, <UpdateType.CHAT_MEMBER>, <UpdateType.CHAT_JOIN_REQUEST>, <UpdateType.CHAT_BOOST>, <UpdateType.REMOVED_CHAT_BOOST>, <UpdateType.MESSAGE_REACTION>, <UpdateType.MESSAGE_REACTION_COUNT>, <UpdateType.BUSINESS_CONNECTION>, <UpdateType.BUSINESS_MESSAGE>, <UpdateType.EDITED_BUSINESS_MESSAGE>, <UpdateType.DELETED_BUSINESS_MESSAGES>, <UpdateType.PURCHASED_PAID_MEDIA>]}`
2026-01-10 18:04:42,452 - httpcore.http11 - DEBUG - send_request_headers.started request=<Request [b'POST']>
2026-01-10 18:04:42,452 - httpcore.http11 - DEBUG - send_request_headers.complete
2026-01-10 18:04:42,453 - httpcore.http11 - DEBUG - send_request_body.started request=<Request [b'POST']>
2026-01-10 18:04:42,453 - httpcore.http11 - DEBUG - send_request_body.complete
2026-01-10 18:04:42,453 - httpcore.http11 - DEBUG - receive_response_headers.started request=<Request [b'POST']>
2026-01-10 18:04:52,538 - httpcore.http11 - DEBUG - receive_response_headers.complete return_value=(b'HTTP/1.1', 200, b'OK', [(b'Server', b'nginx/1.18.0'), (b'Date', b'Sat, 10 Jan 2026 16:04:52 GMT'), (b'Content-Type', b'application/json'), (b'Content-Length', b'23'), (b'Connection', b'keep-alive'), (b'Strict-Transport-Security', b'max-age=31536000; includeSubDomains; preload'), (b'Access-Control-Allow-Origin', b'*'), (b'Access-Control-Allow-Methods', b'GET, POST, OPTIONS'), (b'Access-Control-Expose-Headers', b'Content-Length,Content-Type,Date,Server,Connection')])
2026-01-10 18:04:52,539 - httpx - INFO - HTTP Request: POST https://api.telegram.org/bot8490932438:AAFVy70Urq5Cj0h7gUKJbECBv3z9-apYZtM/getUpdates "HTTP/1.1 200 OK"
2026-01-10 18:04:52,539 - httpcore.http11 - DEBUG - receive_response_body.started request=<Request [b'POST']>
2026-01-10 18:04:52,539 - httpcore.http11 - DEBUG - receive_response_body.complete
2026-01-10 18:04:52,539 - httpcore.http11 - DEBUG - response_closed.started
2026-01-10 18:04:52,540 - httpcore.http11 - DEBUG - response_closed.complete
2026-01-10 18:04:52,540 - telegram.ext.ExtBot - DEBUG - Call to Bot API endpoint `getUpdates` finished with return value `[]`
2026-01-10 18:04:52,540 - telegram.ext.ExtBot - DEBUG - No new updates found.
2026-01-10 18:04:52,540 - telegram.ext.ExtBot - DEBUG - Calling Bot API endpoint `getUpdates` with parameters `{'timeout': datetime.timedelta(seconds=10), 'offset': 0, 'allowed_updates': [<UpdateType.MESSAGE>, <UpdateType.EDITED_MESSAGE>, <UpdateType.CHANNEL_POST>, <UpdateType.EDITED_CHANNEL_POST>, <UpdateType.INLINE_QUERY>, <UpdateType.CHOSEN_INLINE_RESULT>, <UpdateType.CALLBACK_QUERY>, <UpdateType.SHIPPING_QUERY>, <UpdateType.PRE_CHECKOUT_QUERY>, <UpdateType.POLL>, <UpdateType.POLL_ANSWER>, <UpdateType.MY_CHAT_MEMBER>, <UpdateType.CHAT_MEMBER>, <UpdateType.CHAT_JOIN_REQUEST>, <UpdateType.CHAT_BOOST>, <UpdateType.REMOVED_CHAT_BOOST>, <UpdateType.MESSAGE_REACTION>, <UpdateType.MESSAGE_REACTION_COUNT>, <UpdateType.BUSINESS_CONNECTION>, <UpdateType.BUSINESS_MESSAGE>, <UpdateType.EDITED_BUSINESS_MESSAGE>, <UpdateType.DELETED_BUSINESS_MESSAGES>, <UpdateType.PURCHASED_PAID_MEDIA>]}`
2026-01-10 18:04:52,541 - httpcore.http11 - DEBUG - send_request_headers.started request=<Request [b'POST']>
2026-01-10 18:04:52,542 - httpcore.http11 - DEBUG - send_request_headers.complete
2026-01-10 18:04:52,542 - httpcore.http11 - DEBUG - send_request_body.started request=<Request [b'POST']>
2026-01-10 18:04:52,542 - httpcore.http11 - DEBUG - send_request_body.complete
2026-01-10 18:04:52,542 - httpcore.http11 - DEBUG - receive_response_headers.started request=<Request [b'POST']>
2026-01-10 18:05:02,625 - httpcore.http11 - DEBUG - receive_response_headers.complete return_value=(b'HTTP/1.1', 200, b'OK', [(b'Server', b'nginx/1.18.0'), (b'Date', b'Sat, 10 Jan 2026 16:05:02 GMT'), (b'Content-Type', b'application/json'), (b'Content-Length', b'23'), (b'Connection', b'keep-alive'), (b'Strict-Transport-Security', b'max-age=31536000; includeSubDomains; preload'), (b'Access-Control-Allow-Origin', b'*'), (b'Access-Control-Allow-Methods', b'GET, POST, OPTIONS'), (b'Access-Control-Expose-Headers', b'Content-Length,Content-Type,Date,Server,Connection')])
2026-01-10 18:05:02,625 - httpx - INFO - HTTP Request: POST https://api.telegram.org/bot8490932438:AAFVy70Urq5Cj0h7gUKJbECBv3z9-apYZtM/getUpdates "HTTP/1.1 200 OK"
2026-01-10 18:05:02,625 - httpcore.http11 - DEBUG - receive_response_body.started request=<Request [b'POST']>
2026-01-10 18:05:02,625 - httpcore.http11 - DEBUG - receive_response_body.complete
2026-01-10 18:05:02,625 - httpcore.http11 - DEBUG - response_closed.started
2026-01-10 18:05:02,625 - httpcore.http11 - DEBUG - response_closed.complete
2026-01-10 18:05:02,625 - telegram.ext.ExtBot - DEBUG - Call to Bot API endpoint `getUpdates` finished with return value `[]`
2026-01-10 18:05:02,625 - telegram.ext.ExtBot - DEBUG - No new updates found.
2026-01-10 18:05:02,625 - telegram.ext.ExtBot - DEBUG - Calling Bot API endpoint `getUpdates` with parameters `{'timeout': datetime.timedelta(seconds=10), 'offset': 0, 'allowed_updates': [<UpdateType.MESSAGE>, <UpdateType.EDITED_MESSAGE>, <UpdateType.CHANNEL_POST>, <UpdateType.EDITED_CHANNEL_POST>, <UpdateType.INLINE_QUERY>, <UpdateType.CHOSEN_INLINE_RESULT>, <UpdateType.CALLBACK_QUERY>, <UpdateType.SHIPPING_QUERY>, <UpdateType.PRE_CHECKOUT_QUERY>, <UpdateType.POLL>, <UpdateType.POLL_ANSWER>, <UpdateType.MY_CHAT_MEMBER>, <UpdateType.CHAT_MEMBER>, <UpdateType.CHAT_JOIN_REQUEST>, <UpdateType.CHAT_BOOST>, <UpdateType.REMOVED_CHAT_BOOST>, <UpdateType.MESSAGE_REACTION>, <UpdateType.MESSAGE_REACTION_COUNT>, <UpdateType.BUSINESS_CONNECTION>, <UpdateType.BUSINESS_MESSAGE>, <UpdateType.EDITED_BUSINESS_MESSAGE>, <UpdateType.DELETED_BUSINESS_MESSAGES>, <UpdateType.PURCHASED_PAID_MEDIA>]}`
2026-01-10 18:05:02,626 - httpcore.http11 - DEBUG - send_request_headers.started request=<Request [b'POST']>
2026-01-10 18:05:02,626 - httpcore.http11 - DEBUG - send_request_headers.complete
2026-01-10 18:05:02,626 - httpcore.http11 - DEBUG - send_request_body.started request=<Request [b'POST']>
2026-01-10 18:05:02,626 - httpcore.http11 - DEBUG - send_request_body.complete
2026-01-10 18:05:02,626 - httpcore.http11 - DEBUG - receive_response_headers.started request=<Request [b'POST']>
2026-01-10 18:05:12,728 - httpcore.http11 - DEBUG - receive_response_headers.complete return_value=(b'HTTP/1.1', 200, b'OK', [(b'Server', b'nginx/1.18.0'), (b'Date', b'Sat, 10 Jan 2026 16:05:12 GMT'), (b'Content-Type', b'application/json'), (b'Content-Length', b'23'), (b'Connection', b'keep-alive'), (b'Strict-Transport-Security', b'max-age=31536000; includeSubDomains; preload'), (b'Access-Control-Allow-Origin', b'*'), (b'Access-Control-Allow-Methods', b'GET, POST, OPTIONS'), (b'Access-Control-Expose-Headers', b'Content-Length,Content-Type,Date,Server,Connection')])
2026-01-10 18:05:12,728 - httpx - INFO - HTTP Request: POST https://api.telegram.org/bot8490932438:AAFVy70Urq5Cj0h7gUKJbECBv3z9-apYZtM/getUpdates "HTTP/1.1 200 OK"
2026-01-10 18:05:12,729 - httpcore.http11 - DEBUG - receive_response_body.started request=<Request [b'POST']>
2026-01-10 18:05:12,729 - httpcore.http11 - DEBUG - receive_response_body.complete
2026-01-10 18:05:12,729 - httpcore.http11 - DEBUG - response_closed.started
2026-01-10 18:05:12,729 - httpcore.http11 - DEBUG - response_closed.complete
2026-01-10 18:05:12,730 - telegram.ext.ExtBot - DEBUG - Call to Bot API endpoint `getUpdates` finished with return value `[]`
2026-01-10 18:05:12,730 - telegram.ext.ExtBot - DEBUG - No new updates found.
2026-01-10 18:05:12,730 - telegram.ext.ExtBot - DEBUG - Calling Bot API endpoint `getUpdates` with parameters `{'timeout': datetime.timedelta(seconds=10), 'offset': 0, 'allowed_updates': [<UpdateType.MESSAGE>, <UpdateType.EDITED_MESSAGE>, <UpdateType.CHANNEL_POST>, <UpdateType.EDITED_CHANNEL_POST>, <UpdateType.INLINE_QUERY>, <UpdateType.CHOSEN_INLINE_RESULT>, <UpdateType.CALLBACK_QUERY>, <UpdateType.SHIPPING_QUERY>, <UpdateType.PRE_CHECKOUT_QUERY>, <UpdateType.POLL>, <UpdateType.POLL_ANSWER>, <UpdateType.MY_CHAT_MEMBER>, <UpdateType.CHAT_MEMBER>, <UpdateType.CHAT_JOIN_REQUEST>, <UpdateType.CHAT_BOOST>, <UpdateType.REMOVED_CHAT_BOOST>, <UpdateType.MESSAGE_REACTION>, <UpdateType.MESSAGE_REACTION_COUNT>, <UpdateType.BUSINESS_CONNECTION>, <UpdateType.BUSINESS_MESSAGE>, <UpdateType.EDITED_BUSINESS_MESSAGE>, <UpdateType.DELETED_BUSINESS_MESSAGES>, <UpdateType.PURCHASED_PAID_MEDIA>]}`
2026-01-10 18:05:12,731 - httpcore.http11 - DEBUG - send_request_headers.started request=<Request [b'POST']>
2026-01-10 18:05:12,732 - httpcore.http11 - DEBUG - send_request_headers.complete
2026-01-10 18:05:12,732 - httpcore.http11 - DEBUG - send_request_body.started request=<Request [b'POST']>
2026-01-10 18:05:12,732 - httpcore.http11 - DEBUG - send_request_body.complete
2026-01-10 18:05:12,732 - httpcore.http11 - DEBUG - receive_response_headers.started request=<Request [b'POST']>
2026-01-10 18:05:22,817 - httpcore.http11 - DEBUG - receive_response_headers.complete return_value=(b'HTTP/1.1', 200, b'OK', [(b'Server', b'nginx/1.18.0'), (b'Date', b'Sat, 10 Jan 2026 16:05:22 GMT'), (b'Content-Type', b'application/json'), (b'Content-Length', b'23'), (b'Connection', b'keep-alive'), (b'Strict-Transport-Security', b'max-age=31536000; includeSubDomains; preload'), (b'Access-Control-Allow-Origin', b'*'), (b'Access-Control-Allow-Methods', b'GET, POST, OPTIONS'), (b'Access-Control-Expose-Headers', b'Content-Length,Content-Type,Date,Server,Connection')])
2026-01-10 18:05:22,818 - httpx - INFO - HTTP Request: POST https://api.telegram.org/bot8490932438:AAFVy70Urq5Cj0h7gUKJbECBv3z9-apYZtM/getUpdates "HTTP/1.1 200 OK"
2026-01-10 18:05:22,818 - httpcore.http11 - DEBUG - receive_response_body.started request=<Request [b'POST']>
2026-01-10 18:05:22,818 - httpcore.http11 - DEBUG - receive_response_body.complete
2026-01-10 18:05:22,819 - httpcore.http11 - DEBUG - response_closed.started
2026-01-10 18:05:22,819 - httpcore.http11 - DEBUG - response_closed.complete
2026-01-10 18:05:22,819 - telegram.ext.ExtBot - DEBUG - Call to Bot API endpoint `getUpdates` finished with return value `[]`
2026-01-10 18:05:22,819 - telegram.ext.ExtBot - DEBUG - No new updates found.
2026-01-10 18:05:22,820 - telegram.ext.ExtBot - DEBUG - Calling Bot API endpoint `getUpdates` with parameters `{'timeout': datetime.timedelta(seconds=10), 'offset': 0, 'allowed_updates': [<UpdateType.MESSAGE>, <UpdateType.EDITED_MESSAGE>, <UpdateType.CHANNEL_POST>, <UpdateType.EDITED_CHANNEL_POST>, <UpdateType.INLINE_QUERY>, <UpdateType.CHOSEN_INLINE_RESULT>, <UpdateType.CALLBACK_QUERY>, <UpdateType.SHIPPING_QUERY>, <UpdateType.PRE_CHECKOUT_QUERY>, <UpdateType.POLL>, <UpdateType.POLL_ANSWER>, <UpdateType.MY_CHAT_MEMBER>, <UpdateType.CHAT_MEMBER>, <UpdateType.CHAT_JOIN_REQUEST>, <UpdateType.CHAT_BOOST>, <UpdateType.REMOVED_CHAT_BOOST>, <UpdateType.MESSAGE_REACTION>, <UpdateType.MESSAGE_REACTION_COUNT>, <UpdateType.BUSINESS_CONNECTION>, <UpdateType.BUSINESS_MESSAGE>, <UpdateType.EDITED_BUSINESS_MESSAGE>, <UpdateType.DELETED_BUSINESS_MESSAGES>, <UpdateType.PURCHASED_PAID_MEDIA>]}`
2026-01-10 18:05:22,821 - httpcore.http11 - DEBUG - send_request_headers.started request=<Request [b'POST']>
2026-01-10 18:05:22,821 - httpcore.http11 - DEBUG - send_request_headers.complete
2026-01-10 18:05:22,821 - httpcore.http11 - DEBUG - send_request_body.started request=<Request [b'POST']>
2026-01-10 18:05:22,822 - httpcore.http11 - DEBUG - send_request_body.complete
2026-01-10 18:05:22,822 - httpcore.http11 - DEBUG - receive_response_headers.started request=<Request [b'POST']>
2026-01-10 18:05:32,986 - httpcore.http11 - DEBUG - receive_response_headers.complete return_value=(b'HTTP/1.1', 200, b'OK', [(b'Server', b'nginx/1.18.0'), (b'Date', b'Sat, 10 Jan 2026 16:05:32 GMT'), (b'Content-Type', b'application/json'), (b'Content-Length', b'23'), (b'Connection', b'keep-alive'), (b'Strict-Transport-Security', b'max-age=31536000; includeSubDomains; preload'), (b'Access-Control-Allow-Origin', b'*'), (b'Access-Control-Allow-Methods', b'GET, POST, OPTIONS'), (b'Access-Control-Expose-Headers', b'Content-Length,Content-Type,Date,Server,Connection')])
2026-01-10 18:05:32,987 - httpx - INFO - HTTP Request: POST https://api.telegram.org/bot8490932438:AAFVy70Urq5Cj0h7gUKJbECBv3z9-apYZtM/getUpdates "HTTP/1.1 200 OK"
2026-01-10 18:05:32,987 - httpcore.http11 - DEBUG - receive_response_body.started request=<Request [b'POST']>
2026-01-10 18:05:32,987 - httpcore.http11 - DEBUG - receive_response_body.complete
2026-01-10 18:05:32,987 - httpcore.http11 - DEBUG - response_closed.started
2026-01-10 18:05:32,987 - httpcore.http11 - DEBUG - response_closed.complete
2026-01-10 18:05:32,988 - telegram.ext.ExtBot - DEBUG - Call to Bot API endpoint `getUpdates` finished with return value `[]`
2026-01-10 18:05:32,988 - telegram.ext.ExtBot - DEBUG - No new updates found.
2026-01-10 18:05:32,988 - telegram.ext.ExtBot - DEBUG - Calling Bot API endpoint `getUpdates` with parameters `{'timeout': datetime.timedelta(seconds=10), 'offset': 0, 'allowed_updates': [<UpdateType.MESSAGE>, <UpdateType.EDITED_MESSAGE>, <UpdateType.CHANNEL_POST>, <UpdateType.EDITED_CHANNEL_POST>, <UpdateType.INLINE_QUERY>, <UpdateType.CHOSEN_INLINE_RESULT>, <UpdateType.CALLBACK_QUERY>, <UpdateType.SHIPPING_QUERY>, <UpdateType.PRE_CHECKOUT_QUERY>, <UpdateType.POLL>, <UpdateType.POLL_ANSWER>, <UpdateType.MY_CHAT_MEMBER>, <UpdateType.CHAT_MEMBER>, <UpdateType.CHAT_JOIN_REQUEST>, <UpdateType.CHAT_BOOST>, <UpdateType.REMOVED_CHAT_BOOST>, <UpdateType.MESSAGE_REACTION>, <UpdateType.MESSAGE_REACTION_COUNT>, <UpdateType.BUSINESS_CONNECTION>, <UpdateType.BUSINESS_MESSAGE>, <UpdateType.EDITED_BUSINESS_MESSAGE>, <UpdateType.DELETED_BUSINESS_MESSAGES>, <UpdateType.PURCHASED_PAID_MEDIA>]}`
2026-01-10 18:05:32,989 - httpcore.http11 - DEBUG - send_request_headers.started request=<Request [b'POST']>
2026-01-10 18:05:32,990 - httpcore.http11 - DEBUG - send_request_headers.complete
2026-01-10 18:05:32,990 - httpcore.http11 - DEBUG - send_request_body.started request=<Request [b'POST']>
2026-01-10 18:05:32,990 - httpcore.http11 - DEBUG - send_request_body.complete
2026-01-10 18:05:32,990 - httpcore.http11 - DEBUG - receive_response_headers.started request=<Request [b'POST']>
2026-01-10 18:05:33,715 - httpcore.http11 - DEBUG - receive_response_headers.complete return_value=(b'HTTP/1.1', 200, b'OK', [(b'Server', b'nginx/1.18.0'), (b'Date', b'Sat, 10 Jan 2026 16:05:33 GMT'), (b'Content-Type', b'application/json'), (b'Content-Length', b'313'), (b'Connection', b'keep-alive'), (b'Strict-Transport-Security', b'max-age=31536000; includeSubDomains; preload'), (b'Access-Control-Allow-Origin', b'*'), (b'Access-Control-Allow-Methods', b'GET, POST, OPTIONS'), (b'Access-Control-Expose-Headers', b'Content-Length,Content-Type,Date,Server,Connection')])
2026-01-10 18:05:33,716 - httpx - INFO - HTTP Request: POST https://api.telegram.org/bot8490932438:AAFVy70Urq5Cj0h7gUKJbECBv3z9-apYZtM/getUpdates "HTTP/1.1 200 OK"
2026-01-10 18:05:33,716 - httpcore.http11 - DEBUG - receive_response_body.started request=<Request [b'POST']>
2026-01-10 18:05:33,716 - httpcore.http11 - DEBUG - receive_response_body.complete
2026-01-10 18:05:33,716 - httpcore.http11 - DEBUG - response_closed.started
2026-01-10 18:05:33,716 - httpcore.http11 - DEBUG - response_closed.complete
2026-01-10 18:05:33,717 - telegram.ext.ExtBot - DEBUG - Call to Bot API endpoint `getUpdates` finished with return value `[{'update_id': 328648459, 'message': {'message_id': 202, 'from': {'id': 1082780340, 'is_bot': False, 'first_name': 'yaron', 'username': 'yaronfeldboy', 'language_code': 'en'}, 'chat': {'id': 1082780340, 'first_name': 'yaron', 'username': 'yaronfeldboy', 'type': 'private'}, 'date': 1768061133, 'text': 'הי'}}]`
2026-01-10 18:05:33,717 - telegram.ext.ExtBot - DEBUG - Getting updates: [328648459]
2026-01-10 18:05:33,718 - telegram.ext.Application - DEBUG - Processing update Update(message=Message(channel_chat_created=False, chat=Chat(first_name='yaron', id=1082780340, type=<ChatType.PRIVATE>, username='yaronfeldboy'), date=datetime.datetime(2026, 1, 10, 16, 5, 33, tzinfo=datetime.timezone.utc), delete_chat_photo=False, from_user=User(first_name='yaron', id=1082780340, is_bot=False, language_code='en', username='yaronfeldboy'), group_chat_created=False, message_id=202, supergroup_chat_created=False, text='הי'), update_id=328648459)
2026-01-10 18:05:33,720 - __main__ - INFO - Message from 1082780340 (yaron): הי
2026-01-10 18:05:33,722 - pymongo.connection - DEBUG - {"message": "Connection pool created", "clientId": {"$oid": "6962785d3127086e3f0188e5"}, "serverHost": "localhost", "serverPort": 27017}
2026-01-10 18:05:33,722 - telegram.ext.ExtBot - DEBUG - Calling Bot API endpoint `getUpdates` with parameters `{'timeout': datetime.timedelta(seconds=10), 'offset': 328648460, 'allowed_updates': [<UpdateType.MESSAGE>, <UpdateType.EDITED_MESSAGE>, <UpdateType.CHANNEL_POST>, <UpdateType.EDITED_CHANNEL_POST>, <UpdateType.INLINE_QUERY>, <UpdateType.CHOSEN_INLINE_RESULT>, <UpdateType.CALLBACK_QUERY>, <UpdateType.SHIPPING_QUERY>, <UpdateType.PRE_CHECKOUT_QUERY>, <UpdateType.POLL>, <UpdateType.POLL_ANSWER>, <UpdateType.MY_CHAT_MEMBER>, <UpdateType.CHAT_MEMBER>, <UpdateType.CHAT_JOIN_REQUEST>, <UpdateType.CHAT_BOOST>, <UpdateType.REMOVED_CHAT_BOOST>, <UpdateType.MESSAGE_REACTION>, <UpdateType.MESSAGE_REACTION_COUNT>, <UpdateType.BUSINESS_CONNECTION>, <UpdateType.BUSINESS_MESSAGE>, <UpdateType.EDITED_BUSINESS_MESSAGE>, <UpdateType.DELETED_BUSINESS_MESSAGES>, <UpdateType.PURCHASED_PAID_MEDIA>]}`
2026-01-10 18:05:33,723 - pymongo.serverSelection - DEBUG - {"message": "Server selection started", "selector": "Primary()", "operation": "find", "topologyDescription": "<TopologyDescription id: 6962785d3127086e3f0188e5, topology_type: Unknown, servers: [<ServerDescription ('localhost', 27017) server_type: Unknown, rtt: None>]>", "clientId": {"$oid": "6962785d3127086e3f0188e5"}}
2026-01-10 18:05:33,724 - pymongo.serverSelection - DEBUG - {"message": "Waiting for suitable server to become available", "selector": "Primary()", "operation": "find", "topologyDescription": "<TopologyDescription id: 6962785d3127086e3f0188e5, topology_type: Unknown, servers: [<ServerDescription ('localhost', 27017) server_type: Unknown, rtt: None>]>", "clientId": {"$oid": "6962785d3127086e3f0188e5"}, "remainingTimeMS": 29999}
2026-01-10 18:05:33,724 - httpcore.http11 - DEBUG - send_request_headers.started request=<Request [b'POST']>
2026-01-10 18:05:33,724 - pymongo.topology - DEBUG - {"message": "Server heartbeat started", "topologyId": {"$oid": "6962785d3127086e3f0188e5"}, "driverConnectionId": 1, "serverHost": "localhost", "serverPort": 27017, "awaited": false}
2026-01-10 18:05:33,725 - httpcore.http11 - DEBUG - send_request_headers.complete
2026-01-10 18:05:33,725 - httpcore.http11 - DEBUG - send_request_body.started request=<Request [b'POST']>
2026-01-10 18:05:33,725 - httpcore.http11 - DEBUG - send_request_body.complete
2026-01-10 18:05:33,725 - httpcore.http11 - DEBUG - receive_response_headers.started request=<Request [b'POST']>
2026-01-10 18:05:33,726 - pymongo.topology - DEBUG - {"message": "Server heartbeat succeeded", "topologyId": {"$oid": "6962785d3127086e3f0188e5"}, "driverConnectionId": 1, "serverConnectionId": 221, "serverHost": "localhost", "serverPort": 27017, "awaited": false, "durationMS": 1.0318341664969921, "reply": "{\"helloOk\": true, \"ismaster\": true, \"topologyVersion\": {\"processId\": {\"$oid\": \"695c03b553e27f5a444409fe\"}}, \"maxBsonObjectSize\": 16777216, \"maxMessageSizeBytes\": 48000000, \"maxWriteBatchSize\": 100000, \"localTime\": {\"$date\": \"2026-01-10T16:05:33.725Z\"}, \"logicalSessionTimeoutMinutes\": 30, \"connectionId\": 221, \"maxWireVersion\": 27, \"ok\": 1.0}"}
2026-01-10 18:05:33,726 - pymongo.connection - DEBUG - {"message": "Connection pool ready", "clientId": {"$oid": "6962785d3127086e3f0188e5"}, "serverHost": "localhost", "serverPort": 27017}
2026-01-10 18:05:33,726 - pymongo.topology - DEBUG - {"message": "Topology description changed", "topologyId": {"$oid": "6962785d3127086e3f0188e5"}, "previousDescription": "<TopologyDescription id: 6962785d3127086e3f0188e5, topology_type: Unknown, servers: [<ServerDescription ('localhost', 27017) server_type: Unknown, rtt: None>]>", "newDescription": "<TopologyDescription id: 6962785d3127086e3f0188e5, topology_type: Single, servers: [<ServerDescription ('localhost', 27017) server_type: Standalone, rtt: 0.0010318341664969921>]>"}
2026-01-10 18:05:33,726 - pymongo.serverSelection - DEBUG - {"message": "Server selection succeeded", "selector": "Primary()", "operation": "find", "topologyDescription": "<TopologyDescription id: 6962785d3127086e3f0188e5, topology_type: Single, servers: [<ServerDescription ('localhost', 27017) server_type: Standalone, rtt: 0.0010318341664969921>]>", "clientId": {"$oid": "6962785d3127086e3f0188e5"}, "serverHost": "localhost", "serverPort": 27017}
2026-01-10 18:05:33,726 - pymongo.topology - DEBUG - {"message": "Server heartbeat started", "topologyId": {"$oid": "6962785d3127086e3f0188e5"}, "driverConnectionId": 1, "serverConnectionId": 221, "serverHost": "localhost", "serverPort": 27017, "awaited": true}
2026-01-10 18:05:33,727 - pymongo.connection - DEBUG - {"message": "Connection checkout started", "clientId": {"$oid": "6962785d3127086e3f0188e5"}, "serverHost": "localhost", "serverPort": 27017}
2026-01-10 18:05:33,727 - pymongo.connection - DEBUG - {"message": "Connection created", "clientId": {"$oid": "6962785d3127086e3f0188e5"}, "serverHost": "localhost", "serverPort": 27017, "driverConnectionId": 1}
2026-01-10 18:05:33,729 - pymongo.connection - DEBUG - {"message": "Connection ready", "clientId": {"$oid": "6962785d3127086e3f0188e5"}, "serverHost": "localhost", "serverPort": 27017, "driverConnectionId": 1, "durationMS": 0.000768125057220459}
2026-01-10 18:05:33,729 - pymongo.connection - DEBUG - {"message": "Connection checked out", "clientId": {"$oid": "6962785d3127086e3f0188e5"}, "serverHost": "localhost", "serverPort": 27017, "driverConnectionId": 1, "durationMS": 0.002184082753956318}
2026-01-10 18:05:33,729 - pymongo.command - DEBUG - {"message": "Command started", "clientId": {"$oid": "6962785d3127086e3f0188e5"}, "command": "{\"find\": \"customers\", \"filter\": {\"telegram_id\": 1082780340}, \"limit\": 1, \"singleBatch\": true, \"lsid\": {\"id\": {\"$binary\": {\"base64\": \"LdgkyGwRQQSyWrdfSzU/Gg==\", \"subType\": \"04\"}}}, \"$db\": \"gym_ai\"}", "commandName": "find", "databaseName": "gym_ai", "requestId": 1144108930, "operationId": 1144108930, "driverConnectionId": 1, "serverConnectionId": 223, "serverHost": "localhost", "serverPort": 27017}
2026-01-10 18:05:33,730 - pymongo.command - DEBUG - {"message": "Command succeeded", "clientId": {"$oid": "6962785d3127086e3f0188e5"}, "durationMS": 1.253, "reply": "{\"cursor\": {\"firstBatch\": [{\"_id\": \"eab9a009-aeea-4285-bffd-5754e7f38a29\", \"id\": \"eab9a009-aeea-4285-bffd-5754e7f38a29\", \"crm_id\": \"TEST-1082780340\", \"telegram_id\": 1082780340, \"first_name\": \"yaron\", \"last_name\": \"AdminEdit\", \"phone\": \"000-1082780340\", \"status\": \"active\", \"membership_type\": \"monthly\", \"membership_start_date\": \"2026-01-10\", \"membership_end_date\": \"2026-02-09\", \"last_visit\": \"2026-01-10T17:00:08.478218\", \"health_score\": 99, \"preferred_language\": \"he\", \"created_at\": {\"$date\": \"2026-01-10T17:00:08.478Z\"}}], \"ns\": \"gym_ai.customers\"}, \"ok\": 1.0}", "commandName": "find", "databaseName": "gym_ai", "requestId": 1144108930, "operationId": 1144108930, "driverConnectionId": 1, "serverConnectionId": 223, "serverHost": "localhost", "serverPort": 27017}
2026-01-10 18:05:33,730 - pymongo.connection - DEBUG - {"message": "Connection checked in", "clientId": {"$oid": "6962785d3127086e3f0188e5"}, "serverHost": "localhost", "serverPort": 27017, "driverConnectionId": 1}
2026-01-10 18:05:33,731 - telegram.ext.ExtBot - DEBUG - Calling Bot API endpoint `sendChatAction` with parameters `{'chat_id': 1082780340, 'action': 'typing'}`
2026-01-10 18:05:33,731 - httpcore.connection - DEBUG - close.started
2026-01-10 18:05:33,732 - httpcore.connection - DEBUG - close.complete
2026-01-10 18:05:33,732 - httpcore.connection - DEBUG - connect_tcp.started host='api.telegram.org' port=443 local_address=None timeout=5.0 socket_options=None
2026-01-10 18:05:33,823 - httpcore.connection - DEBUG - connect_tcp.complete return_value=<httpcore._backends.anyio.AnyIOStream object at 0x10b8d3650>
2026-01-10 18:05:33,824 - httpcore.connection - DEBUG - start_tls.started ssl_context=<ssl.SSLContext object at 0x10b82f0b0> server_hostname='api.telegram.org' timeout=5.0
2026-01-10 18:05:33,912 - httpcore.connection - DEBUG - start_tls.complete return_value=<httpcore._backends.anyio.AnyIOStream object at 0x10b8da490>
2026-01-10 18:05:33,913 - httpcore.http11 - DEBUG - send_request_headers.started request=<Request [b'POST']>
2026-01-10 18:05:33,913 - httpcore.http11 - DEBUG - send_request_headers.complete
2026-01-10 18:05:33,913 - httpcore.http11 - DEBUG - send_request_body.started request=<Request [b'POST']>
2026-01-10 18:05:33,914 - httpcore.http11 - DEBUG - send_request_body.complete
2026-01-10 18:05:33,914 - httpcore.http11 - DEBUG - receive_response_headers.started request=<Request [b'POST']>
2026-01-10 18:05:34,026 - httpcore.http11 - DEBUG - receive_response_headers.complete return_value=(b'HTTP/1.1', 200, b'OK', [(b'Server', b'nginx/1.18.0'), (b'Date', b'Sat, 10 Jan 2026 16:05:34 GMT'), (b'Content-Type', b'application/json'), (b'Content-Length', b'25'), (b'Connection', b'keep-alive'), (b'Strict-Transport-Security', b'max-age=31536000; includeSubDomains; preload'), (b'Access-Control-Allow-Origin', b'*'), (b'Access-Control-Allow-Methods', b'GET, POST, OPTIONS'), (b'Access-Control-Expose-Headers', b'Content-Length,Content-Type,Date,Server,Connection')])
2026-01-10 18:05:34,026 - httpx - INFO - HTTP Request: POST https://api.telegram.org/bot8490932438:AAFVy70Urq5Cj0h7gUKJbECBv3z9-apYZtM/sendChatAction "HTTP/1.1 200 OK"
2026-01-10 18:05:34,026 - httpcore.http11 - DEBUG - receive_response_body.started request=<Request [b'POST']>
2026-01-10 18:05:34,027 - httpcore.http11 - DEBUG - receive_response_body.complete
2026-01-10 18:05:34,027 - httpcore.http11 - DEBUG - response_closed.started
2026-01-10 18:05:34,027 - httpcore.http11 - DEBUG - response_closed.complete
2026-01-10 18:05:34,028 - telegram.ext.ExtBot - DEBUG - Call to Bot API endpoint `sendChatAction` finished with return value `True`
2026-01-10 18:05:34,028 - pymongo.serverSelection - DEBUG - {"message": "Server selection started", "selector": "Primary()", "operation": "find", "topologyDescription": "<TopologyDescription id: 6962785d3127086e3f0188e5, topology_type: Single, servers: [<ServerDescription ('localhost', 27017) server_type: Standalone, rtt: 0.0010318341664969921>]>", "clientId": {"$oid": "6962785d3127086e3f0188e5"}}
2026-01-10 18:05:34,029 - pymongo.serverSelection - DEBUG - {"message": "Server selection succeeded", "selector": "Primary()", "operation": "find", "topologyDescription": "<TopologyDescription id: 6962785d3127086e3f0188e5, topology_type: Single, servers: [<ServerDescription ('localhost', 27017) server_type: Standalone, rtt: 0.0010318341664969921>]>", "clientId": {"$oid": "6962785d3127086e3f0188e5"}, "serverHost": "localhost", "serverPort": 27017}
2026-01-10 18:05:34,029 - pymongo.connection - DEBUG - {"message": "Connection checkout started", "clientId": {"$oid": "6962785d3127086e3f0188e5"}, "serverHost": "localhost", "serverPort": 27017}
2026-01-10 18:05:34,029 - pymongo.connection - DEBUG - {"message": "Connection checked out", "clientId": {"$oid": "6962785d3127086e3f0188e5"}, "serverHost": "localhost", "serverPort": 27017, "driverConnectionId": 1, "durationMS": 0.00013625016435980797}
2026-01-10 18:05:34,029 - pymongo.command - DEBUG - {"message": "Command started", "clientId": {"$oid": "6962785d3127086e3f0188e5"}, "command": "{\"find\": \"conversations\", \"filter\": {\"customer_id\": \"eab9a009-aeea-4285-bffd-5754e7f38a29\", \"channel\": \"telegram\", \"status\": \"active\"}, \"limit\": 1, \"singleBatch\": true, \"lsid\": {\"id\": {\"$binary\": {\"base64\": \"LdgkyGwRQQSyWrdfSzU/Gg==\", \"subType\": \"04\"}}}, \"$db\": \"gym_ai\"}", "commandName": "find", "databaseName": "gym_ai", "requestId": 470211272, "operationId": 470211272, "driverConnectionId": 1, "serverConnectionId": 223, "serverHost": "localhost", "serverPort": 27017}
2026-01-10 18:05:34,031 - pymongo.command - DEBUG - {"message": "Command succeeded", "clientId": {"$oid": "6962785d3127086e3f0188e5"}, "durationMS": 1.688, "reply": "{\"cursor\": {\"firstBatch\": [{\"_id\": \"daafb0ae-67ab-4dea-bad4-0f9793970f88\", \"customer_id\": \"eab9a009-aeea-4285-bffd-5754e7f38a29\", \"channel\": \"telegram\", \"status\": \"active\", \"started_at\": {\"$date\": \"2026-01-10T17:00:44.097Z\"}, \"last_message_at\": {\"$date\": \"2026-01-10T17:00:46.460Z\"}, \"unanswered_count\": 1}], \"ns\": \"gym_ai.conversations\"}, \"ok\": 1.0}", "commandName": "find", "databaseName": "gym_ai", "requestId": 470211272, "operationId": 470211272, "driverConnectionId": 1, "serverConnectionId": 223, "serverHost": "localhost", "serverPort": 27017}
2026-01-10 18:05:34,031 - pymongo.connection - DEBUG - {"message": "Connection checked in", "clientId": {"$oid": "6962785d3127086e3f0188e5"}, "serverHost": "localhost", "serverPort": 27017, "driverConnectionId": 1}
2026-01-10 18:05:34,032 - pymongo.serverSelection - DEBUG - {"message": "Server selection started", "selector": "<function writable_server_selector at 0x1056418a0>", "operation": "insert", "topologyDescription": "<TopologyDescription id: 6962785d3127086e3f0188e5, topology_type: Single, servers: [<ServerDescription ('localhost', 27017) server_type: Standalone, rtt: 0.0010318341664969921>]>", "clientId": {"$oid": "6962785d3127086e3f0188e5"}}
2026-01-10 18:05:34,032 - pymongo.serverSelection - DEBUG - {"message": "Server selection succeeded", "selector": "<function writable_server_selector at 0x1056418a0>", "operation": "insert", "topologyDescription": "<TopologyDescription id: 6962785d3127086e3f0188e5, topology_type: Single, servers: [<ServerDescription ('localhost', 27017) server_type: Standalone, rtt: 0.0010318341664969921>]>", "clientId": {"$oid": "6962785d3127086e3f0188e5"}, "serverHost": "localhost", "serverPort": 27017}
2026-01-10 18:05:34,032 - pymongo.connection - DEBUG - {"message": "Connection checkout started", "clientId": {"$oid": "6962785d3127086e3f0188e5"}, "serverHost": "localhost", "serverPort": 27017}
2026-01-10 18:05:34,033 - pymongo.connection - DEBUG - {"message": "Connection checked out", "clientId": {"$oid": "6962785d3127086e3f0188e5"}, "serverHost": "localhost", "serverPort": 27017, "driverConnectionId": 1, "durationMS": 9.045889601111412e-05}
2026-01-10 18:05:34,033 - pymongo.command - DEBUG - {"message": "Command started", "clientId": {"$oid": "6962785d3127086e3f0188e5"}, "command": "{\"insert\": \"messages\", \"ordered\": true, \"lsid\": {\"id\": {\"$binary\": {\"base64\": \"LdgkyGwRQQSyWrdfSzU/Gg==\", \"subType\": \"04\"}}}, \"$db\": \"gym_ai\", \"documents\": [{\"_id\": \"49d4d0a0-4a23-4abf-b2a8-97c38bfd8955\", \"conversation_id\": \"daafb0ae-67ab-4dea-bad4-0f9793970f88\", \"direction\": \"inbound\", \"content\": \"\\u05d4\\u05d9\", \"created_at\": {\"$date\": \"2026-01-10T18:05:34.032Z\"}}]}", "commandName": "insert", "databaseName": "gym_ai", "requestId": 101027544, "operationId": 101027544, "driverConnectionId": 1, "serverConnectionId": 223, "serverHost": "localhost", "serverPort": 27017}
2026-01-10 18:05:34,034 - pymongo.command - DEBUG - {"message": "Command succeeded", "clientId": {"$oid": "6962785d3127086e3f0188e5"}, "durationMS": 0.9129999999999999, "reply": "{\"n\": 1, \"ok\": 1.0}", "commandName": "insert", "databaseName": "gym_ai", "requestId": 101027544, "operationId": 101027544, "driverConnectionId": 1, "serverConnectionId": 223, "serverHost": "localhost", "serverPort": 27017}
2026-01-10 18:05:34,034 - pymongo.connection - DEBUG - {"message": "Connection checked in", "clientId": {"$oid": "6962785d3127086e3f0188e5"}, "serverHost": "localhost", "serverPort": 27017, "driverConnectionId": 1}
2026-01-10 18:05:34,034 - pymongo.serverSelection - DEBUG - {"message": "Server selection started", "selector": "<function writable_server_selector at 0x1056418a0>", "operation": "update", "topologyDescription": "<TopologyDescription id: 6962785d3127086e3f0188e5, topology_type: Single, servers: [<ServerDescription ('localhost', 27017) server_type: Standalone, rtt: 0.0010318341664969921>]>", "clientId": {"$oid": "6962785d3127086e3f0188e5"}}
2026-01-10 18:05:34,034 - pymongo.serverSelection - DEBUG - {"message": "Server selection succeeded", "selector": "<function writable_server_selector at 0x1056418a0>", "operation": "update", "topologyDescription": "<TopologyDescription id: 6962785d3127086e3f0188e5, topology_type: Single, servers: [<ServerDescription ('localhost', 27017) server_type: Standalone, rtt: 0.0010318341664969921>]>", "clientId": {"$oid": "6962785d3127086e3f0188e5"}, "serverHost": "localhost", "serverPort": 27017}
2026-01-10 18:05:34,035 - pymongo.connection - DEBUG - {"message": "Connection checkout started", "clientId": {"$oid": "6962785d3127086e3f0188e5"}, "serverHost": "localhost", "serverPort": 27017}
2026-01-10 18:05:34,035 - pymongo.connection - DEBUG - {"message": "Connection checked out", "clientId": {"$oid": "6962785d3127086e3f0188e5"}, "serverHost": "localhost", "serverPort": 27017, "driverConnectionId": 1, "durationMS": 9.637512266635895e-05}
2026-01-10 18:05:34,035 - pymongo.command - DEBUG - {"message": "Command started", "clientId": {"$oid": "6962785d3127086e3f0188e5"}, "command": "{\"update\": \"conversations\", \"ordered\": true, \"lsid\": {\"id\": {\"$binary\": {\"base64\": \"LdgkyGwRQQSyWrdfSzU/Gg==\", \"subType\": \"04\"}}}, \"$db\": \"gym_ai\", \"updates\": [{\"q\": {\"_id\": \"daafb0ae-67ab-4dea-bad4-0f9793970f88\"}, \"u\": {\"$set\": {\"last_message_at\": {\"$date\": \"2026-01-10T18:05:34.032Z\"}}}}]}", "commandName": "update", "databaseName": "gym_ai", "requestId": 1457850878, "operationId": 1457850878, "driverConnectionId": 1, "serverConnectionId": 223, "serverHost": "localhost", "serverPort": 27017}
2026-01-10 18:05:34,036 - pymongo.command - DEBUG - {"message": "Command succeeded", "clientId": {"$oid": "6962785d3127086e3f0188e5"}, "durationMS": 0.9779999999999999, "reply": "{\"n\": 1, \"nModified\": 1, \"ok\": 1.0}", "commandName": "update", "databaseName": "gym_ai", "requestId": 1457850878, "operationId": 1457850878, "driverConnectionId": 1, "serverConnectionId": 223, "serverHost": "localhost", "serverPort": 27017}
2026-01-10 18:05:34,036 - pymongo.connection - DEBUG - {"message": "Connection checked in", "clientId": {"$oid": "6962785d3127086e3f0188e5"}, "serverHost": "localhost", "serverPort": 27017, "driverConnectionId": 1}
2026-01-10 18:05:34,036 - pymongo.serverSelection - DEBUG - {"message": "Server selection started", "selector": "Primary()", "operation": "find", "topologyDescription": "<TopologyDescription id: 6962785d3127086e3f0188e5, topology_type: Single, servers: [<ServerDescription ('localhost', 27017) server_type: Standalone, rtt: 0.0010318341664969921>]>", "clientId": {"$oid": "6962785d3127086e3f0188e5"}}
2026-01-10 18:05:34,037 - pymongo.serverSelection - DEBUG - {"message": "Server selection succeeded", "selector": "Primary()", "operation": "find", "topologyDescription": "<TopologyDescription id: 6962785d3127086e3f0188e5, topology_type: Single, servers: [<ServerDescription ('localhost', 27017) server_type: Standalone, rtt: 0.0010318341664969921>]>", "clientId": {"$oid": "6962785d3127086e3f0188e5"}, "serverHost": "localhost", "serverPort": 27017}
2026-01-10 18:05:34,037 - pymongo.connection - DEBUG - {"message": "Connection checkout started", "clientId": {"$oid": "6962785d3127086e3f0188e5"}, "serverHost": "localhost", "serverPort": 27017}
2026-01-10 18:05:34,037 - pymongo.connection - DEBUG - {"message": "Connection checked out", "clientId": {"$oid": "6962785d3127086e3f0188e5"}, "serverHost": "localhost", "serverPort": 27017, "driverConnectionId": 1, "durationMS": 0.00010516587644815445}
2026-01-10 18:05:34,037 - pymongo.command - DEBUG - {"message": "Command started", "clientId": {"$oid": "6962785d3127086e3f0188e5"}, "command": "{\"find\": \"messages\", \"filter\": {\"conversation_id\": \"daafb0ae-67ab-4dea-bad4-0f9793970f88\"}, \"sort\": {\"created_at\": -1}, \"limit\": 10, \"lsid\": {\"id\": {\"$binary\": {\"base64\": \"LdgkyGwRQQSyWrdfSzU/Gg==\", \"subType\": \"04\"}}}, \"$db\": \"gym_ai\"}", "commandName": "find", "databaseName": "gym_ai", "requestId": 1458777923, "operationId": 1458777923, "driverConnectionId": 1, "serverConnectionId": 223, "serverHost": "localhost", "serverPort": 27017}
2026-01-10 18:05:34,038 - pymongo.command - DEBUG - {"message": "Command succeeded", "clientId": {"$oid": "6962785d3127086e3f0188e5"}, "durationMS": 1.285, "reply": "{\"cursor\": {\"firstBatch\": [{\"_id\": \"49d4d0a0-4a23-4abf-b2a8-97c38bfd8955\", \"conversation_id\": \"daafb0ae-67ab-4dea-bad4-0f9793970f88\", \"direction\": \"inbound\", \"content\": \"\u05d4\u05d9\", \"created_at\": {\"$date\": \"2026-01-10T18:05:34.032Z\"}}, {\"_id\": \"d166c7e0-39e3-4a6e-9c41-27172f598c0b\", \"conversation_id\": \"daafb0ae-67ab-4dea-bad4-0f9793970f88\", \"direction\": \"outbound\", \"content\": \"\u05d0\u05d9\u05dc\u05d5 \u05e9\u05d9\u05e2\u05d5\u05e8\u05d9\u05dd \u05de\u05e2\u05e0\u05d9\u05d9\u05e0\u05d9\u05dd \u05d0\u05d5\u05ea\u05da? \u05e0\u05d5\u05db\u05dc \u05dc\u05d1\u05d3\u05d5\u05e7 \u05d1\u05d9\u05d7\u05d3 \u05d0\u05ea \u05d4\u05d0\u05e4\u05e9\u05e8\u05d5\u05d9\u05d5\u05ea.\", \"intent\": \"question\", \"agent_type\": \"orchestrator\", \"created_at\": {\"$date\": \"2026-01-10T17:00:46.460Z\"}}, {\"_id\": \"5b08199d-26df-4983-ae8f-dc466311cf88\", \"conversation_id\": \"daafb0ae-67ab-4dea-bad4-0f9793970f88\", \"direction\": \"inbound\", \"content\": \"\u05e9\u05d9\u05e2\u05d5\u05e8\u05d9\u05dd?\", \"created_at\": {\"$date\": \"20...", "commandName": "find", "databaseName": "gym_ai", "requestId": 1458777923, "operationId": 1458777923, "driverConnectionId": 1, "serverConnectionId": 223, "serverHost": "localhost", "serverPort": 27017}
2026-01-10 18:05:34,039 - pymongo.connection - DEBUG - {"message": "Connection checked in", "clientId": {"$oid": "6962785d3127086e3f0188e5"}, "serverHost": "localhost", "serverPort": 27017, "driverConnectionId": 1}
2026-01-10 18:05:34,043 - pymongo.serverSelection - DEBUG - {"message": "Server selection started", "selector": "Primary()", "operation": "find", "topologyDescription": "<TopologyDescription id: 6962785d3127086e3f0188e5, topology_type: Single, servers: [<ServerDescription ('localhost', 27017) server_type: Standalone, rtt: 0.0010318341664969921>]>", "clientId": {"$oid": "6962785d3127086e3f0188e5"}}
2026-01-10 18:05:34,043 - pymongo.serverSelection - DEBUG - {"message": "Server selection succeeded", "selector": "Primary()", "operation": "find", "topologyDescription": "<TopologyDescription id: 6962785d3127086e3f0188e5, topology_type: Single, servers: [<ServerDescription ('localhost', 27017) server_type: Standalone, rtt: 0.0010318341664969921>]>", "clientId": {"$oid": "6962785d3127086e3f0188e5"}, "serverHost": "localhost", "serverPort": 27017}
2026-01-10 18:05:34,043 - pymongo.connection - DEBUG - {"message": "Connection checkout started", "clientId": {"$oid": "6962785d3127086e3f0188e5"}, "serverHost": "localhost", "serverPort": 27017}
2026-01-10 18:05:34,044 - pymongo.connection - DEBUG - {"message": "Connection checked out", "clientId": {"$oid": "6962785d3127086e3f0188e5"}, "serverHost": "localhost", "serverPort": 27017, "driverConnectionId": 1, "durationMS": 0.00047624995931982994}
2026-01-10 18:05:34,044 - pymongo.command - DEBUG - {"message": "Command started", "clientId": {"$oid": "6962785d3127086e3f0188e5"}, "command": "{\"find\": \"system_config\", \"filter\": {\"key\": \"system_prompt\"}, \"limit\": 1, \"singleBatch\": true, \"lsid\": {\"id\": {\"$binary\": {\"base64\": \"LdgkyGwRQQSyWrdfSzU/Gg==\", \"subType\": \"04\"}}}, \"$db\": \"gym_ai\"}", "commandName": "find", "databaseName": "gym_ai", "requestId": 2007237709, "operationId": 2007237709, "driverConnectionId": 1, "serverConnectionId": 223, "serverHost": "localhost", "serverPort": 27017}
2026-01-10 18:05:34,045 - pymongo.command - DEBUG - {"message": "Command succeeded", "clientId": {"$oid": "6962785d3127086e3f0188e5"}, "durationMS": 0.819, "reply": "{\"cursor\": {\"firstBatch\": [{\"_id\": {\"$oid\": \"6962701e53e27f5a44440a02\"}, \"key\": \"system_prompt\", \"updated_at\": {\"$date\": \"2026-01-10T16:05:23.358Z\"}, \"updated_by\": \"admin\", \"value\": \"You are a gym assistant. \\u05e9\\u05e2\\u05d5\\u05ea \\u05e4\\u05e2\\u05d9\\u05dc\\u05d5\\u05ea \\u05d4\\u05df \\u05de10- 19\\n\\u05db\\u05dc \\u05d9\\u05d5\\u05dd\"}], \"ns\": \"gym_ai.system_config\"}, \"ok\": 1.0}", "commandName": "find", "databaseName": "gym_ai", "requestId": 2007237709, "operationId": 2007237709, "driverConnectionId": 1, "serverConnectionId": 223, "serverHost": "localhost", "serverPort": 27017}
2026-01-10 18:05:34,045 - pymongo.connection - DEBUG - {"message": "Connection checked in", "clientId": {"$oid": "6962785d3127086e3f0188e5"}, "serverHost": "localhost", "serverPort": 27017, "driverConnectionId": 1}
2026-01-10 18:05:34,050 - httpcore.connection - DEBUG - connect_tcp.started host='generativelanguage.googleapis.com' port=443 local_address=None timeout=None socket_options=None
2026-01-10 18:05:34,073 - httpcore.connection - DEBUG - connect_tcp.complete return_value=<httpcore._backends.anyio.AnyIOStream object at 0x10bb0e550>
2026-01-10 18:05:34,074 - httpcore.connection - DEBUG - start_tls.started ssl_context=<ssl.SSLContext object at 0x1077408c0> server_hostname='generativelanguage.googleapis.com' timeout=None
2026-01-10 18:05:34,147 - httpcore.connection - DEBUG - start_tls.complete return_value=<httpcore._backends.anyio.AnyIOStream object at 0x107774b90>
2026-01-10 18:05:34,148 - httpcore.http11 - DEBUG - send_request_headers.started request=<Request [b'POST']>
2026-01-10 18:05:34,148 - httpcore.http11 - DEBUG - send_request_headers.complete
2026-01-10 18:05:34,148 - httpcore.http11 - DEBUG - send_request_body.started request=<Request [b'POST']>
2026-01-10 18:05:34,149 - httpcore.http11 - DEBUG - send_request_body.complete
2026-01-10 18:05:34,149 - httpcore.http11 - DEBUG - receive_response_headers.started request=<Request [b'POST']>
2026-01-10 18:05:35,652 - httpcore.http11 - DEBUG - receive_response_headers.complete return_value=(b'HTTP/1.1', 200, b'OK', [(b'Content-Type', b'application/json; charset=UTF-8'), (b'Vary', b'Origin'), (b'Vary', b'X-Origin'), (b'Vary', b'Referer'), (b'Content-Encoding', b'gzip'), (b'Date', b'Sat, 10 Jan 2026 16:05:35 GMT'), (b'Server', b'scaffolding on HTTPServer2'), (b'X-XSS-Protection', b'0'), (b'X-Frame-Options', b'SAMEORIGIN'), (b'X-Content-Type-Options', b'nosniff'), (b'Server-Timing', b'gfet4t7; dur=1403'), (b'Alt-Svc', b'h3=":443"; ma=2592000,h3-29=":443"; ma=2592000'), (b'Transfer-Encoding', b'chunked')])
2026-01-10 18:05:35,653 - httpx - INFO - HTTP Request: POST https://generativelanguage.googleapis.com/v1beta/models/gemini-2.5-flash:generateContent "HTTP/1.1 200 OK"
2026-01-10 18:05:35,653 - httpcore.http11 - DEBUG - receive_response_body.started request=<Request [b'POST']>
2026-01-10 18:05:35,655 - httpcore.http11 - DEBUG - receive_response_body.complete
2026-01-10 18:05:35,655 - httpcore.http11 - DEBUG - response_closed.started
2026-01-10 18:05:35,655 - httpcore.http11 - DEBUG - response_closed.complete
2026-01-10 18:05:35,671 - pymongo.serverSelection - DEBUG - {"message": "Server selection started", "selector": "<function writable_server_selector at 0x1056418a0>", "operation": "insert", "topologyDescription": "<TopologyDescription id: 6962785d3127086e3f0188e5, topology_type: Single, servers: [<ServerDescription ('localhost', 27017) server_type: Standalone, rtt: 0.0010318341664969921>]>", "clientId": {"$oid": "6962785d3127086e3f0188e5"}}
2026-01-10 18:05:35,672 - pymongo.serverSelection - DEBUG - {"message": "Server selection succeeded", "selector": "<function writable_server_selector at 0x1056418a0>", "operation": "insert", "topologyDescription": "<TopologyDescription id: 6962785d3127086e3f0188e5, topology_type: Single, servers: [<ServerDescription ('localhost', 27017) server_type: Standalone, rtt: 0.0010318341664969921>]>", "clientId": {"$oid": "6962785d3127086e3f0188e5"}, "serverHost": "localhost", "serverPort": 27017}
2026-01-10 18:05:35,672 - pymongo.connection - DEBUG - {"message": "Connection checkout started", "clientId": {"$oid": "6962785d3127086e3f0188e5"}, "serverHost": "localhost", "serverPort": 27017}
2026-01-10 18:05:35,672 - pymongo.connection - DEBUG - {"message": "Connection checked out", "clientId": {"$oid": "6962785d3127086e3f0188e5"}, "serverHost": "localhost", "serverPort": 27017, "driverConnectionId": 1, "durationMS": 0.00011962465941905975}
2026-01-10 18:05:35,672 - pymongo.command - DEBUG - {"message": "Command started", "clientId": {"$oid": "6962785d3127086e3f0188e5"}, "command": "{\"insert\": \"messages\", \"ordered\": true, \"lsid\": {\"id\": {\"$binary\": {\"base64\": \"LdgkyGwRQQSyWrdfSzU/Gg==\", \"subType\": \"04\"}}}, \"$db\": \"gym_ai\", \"documents\": [{\"_id\": \"bb4dea27-7342-4fb9-a2fe-c35e783ec75d\", \"conversation_id\": \"daafb0ae-67ab-4dea-bad4-0f9793970f88\", \"direction\": \"outbound\", \"content\": \"\\u05d4\\u05d9\\u05d9! \\u05de\\u05d4 \\u05e9\\u05dc\\u05d5\\u05de\\u05da? \\u05d0\\u05d9\\u05da \\u05d0\\u05d5\\u05db\\u05dc \\u05dc\\u05e2\\u05d6\\u05d5\\u05e8 \\u05dc\\u05da \\u05d4\\u05d9\\u05d5\\u05dd?\", \"intent\": \"greeting\", \"sentiment\": 0.8, \"agent_type\": \"orchestrator\", \"created_at\": {\"$date\": \"2026-01-10T18:05:35.671Z\"}}]}", "commandName": "insert", "databaseName": "gym_ai", "requestId": 823564440, "operationId": 823564440, "driverConnectionId": 1, "serverConnectionId": 223, "serverHost": "localhost", "serverPort": 27017}
2026-01-10 18:05:35,673 - pymongo.command - DEBUG - {"message": "Command succeeded", "clientId": {"$oid": "6962785d3127086e3f0188e5"}, "durationMS": 1.141, "reply": "{\"n\": 1, \"ok\": 1.0}", "commandName": "insert", "databaseName": "gym_ai", "requestId": 823564440, "operationId": 823564440, "driverConnectionId": 1, "serverConnectionId": 223, "serverHost": "localhost", "serverPort": 27017}
2026-01-10 18:05:35,673 - pymongo.connection - DEBUG - {"message": "Connection checked in", "clientId": {"$oid": "6962785d3127086e3f0188e5"}, "serverHost": "localhost", "serverPort": 27017, "driverConnectionId": 1}
2026-01-10 18:05:35,673 - pymongo.serverSelection - DEBUG - {"message": "Server selection started", "selector": "<function writable_server_selector at 0x1056418a0>", "operation": "update", "topologyDescription": "<TopologyDescription id: 6962785d3127086e3f0188e5, topology_type: Single, servers: [<ServerDescription ('localhost', 27017) server_type: Standalone, rtt: 0.0010318341664969921>]>", "clientId": {"$oid": "6962785d3127086e3f0188e5"}}
2026-01-10 18:05:35,674 - pymongo.serverSelection - DEBUG - {"message": "Server selection succeeded", "selector": "<function writable_server_selector at 0x1056418a0>", "operation": "update", "topologyDescription": "<TopologyDescription id: 6962785d3127086e3f0188e5, topology_type: Single, servers: [<ServerDescription ('localhost', 27017) server_type: Standalone, rtt: 0.0010318341664969921>]>", "clientId": {"$oid": "6962785d3127086e3f0188e5"}, "serverHost": "localhost", "serverPort": 27017}
2026-01-10 18:05:35,674 - pymongo.connection - DEBUG - {"message": "Connection checkout started", "clientId": {"$oid": "6962785d3127086e3f0188e5"}, "serverHost": "localhost", "serverPort": 27017}
2026-01-10 18:05:35,674 - pymongo.connection - DEBUG - {"message": "Connection checked out", "clientId": {"$oid": "6962785d3127086e3f0188e5"}, "serverHost": "localhost", "serverPort": 27017, "driverConnectionId": 1, "durationMS": 5.5999960750341415e-05}
2026-01-10 18:05:35,674 - pymongo.command - DEBUG - {"message": "Command started", "clientId": {"$oid": "6962785d3127086e3f0188e5"}, "command": "{\"update\": \"conversations\", \"ordered\": true, \"lsid\": {\"id\": {\"$binary\": {\"base64\": \"LdgkyGwRQQSyWrdfSzU/Gg==\", \"subType\": \"04\"}}}, \"$db\": \"gym_ai\", \"updates\": [{\"q\": {\"_id\": \"daafb0ae-67ab-4dea-bad4-0f9793970f88\"}, \"u\": {\"$set\": {\"last_message_at\": {\"$date\": \"2026-01-10T18:05:35.671Z\"}}, \"$inc\": {\"unanswered_count\": 1}}}]}", "commandName": "update", "databaseName": "gym_ai", "requestId": 1115438165, "operationId": 1115438165, "driverConnectionId": 1, "serverConnectionId": 223, "serverHost": "localhost", "serverPort": 27017}
2026-01-10 18:05:35,675 - pymongo.command - DEBUG - {"message": "Command succeeded", "clientId": {"$oid": "6962785d3127086e3f0188e5"}, "durationMS": 0.808, "reply": "{\"n\": 1, \"nModified\": 1, \"ok\": 1.0}", "commandName": "update", "databaseName": "gym_ai", "requestId": 1115438165, "operationId": 1115438165, "driverConnectionId": 1, "serverConnectionId": 223, "serverHost": "localhost", "serverPort": 27017}
2026-01-10 18:05:35,675 - pymongo.connection - DEBUG - {"message": "Connection checked in", "clientId": {"$oid": "6962785d3127086e3f0188e5"}, "serverHost": "localhost", "serverPort": 27017, "driverConnectionId": 1}
2026-01-10 18:05:35,675 - pymongo.serverSelection - DEBUG - {"message": "Server selection started", "selector": "<function writable_server_selector at 0x1056418a0>", "operation": "insert", "topologyDescription": "<TopologyDescription id: 6962785d3127086e3f0188e5, topology_type: Single, servers: [<ServerDescription ('localhost', 27017) server_type: Standalone, rtt: 0.0010318341664969921>]>", "clientId": {"$oid": "6962785d3127086e3f0188e5"}}
2026-01-10 18:05:35,675 - pymongo.serverSelection - DEBUG - {"message": "Server selection succeeded", "selector": "<function writable_server_selector at 0x1056418a0>", "operation": "insert", "topologyDescription": "<TopologyDescription id: 6962785d3127086e3f0188e5, topology_type: Single, servers: [<ServerDescription ('localhost', 27017) server_type: Standalone, rtt: 0.0010318341664969921>]>", "clientId": {"$oid": "6962785d3127086e3f0188e5"}, "serverHost": "localhost", "serverPort": 27017}
2026-01-10 18:05:35,675 - pymongo.connection - DEBUG - {"message": "Connection checkout started", "clientId": {"$oid": "6962785d3127086e3f0188e5"}, "serverHost": "localhost", "serverPort": 27017}
2026-01-10 18:05:35,675 - pymongo.connection - DEBUG - {"message": "Connection checked out", "clientId": {"$oid": "6962785d3127086e3f0188e5"}, "serverHost": "localhost", "serverPort": 27017, "driverConnectionId": 1, "durationMS": 5.241716280579567e-05}
2026-01-10 18:05:35,675 - pymongo.command - DEBUG - {"message": "Command started", "clientId": {"$oid": "6962785d3127086e3f0188e5"}, "command": "{\"insert\": \"analytics_events\", \"ordered\": true, \"lsid\": {\"id\": {\"$binary\": {\"base64\": \"LdgkyGwRQQSyWrdfSzU/Gg==\", \"subType\": \"04\"}}}, \"$db\": \"gym_ai\", \"documents\": [{\"_id\": \"ba0fca0d-a64d-4a44-a973-f265731d2c66\", \"event_type\": \"conversation.message_received\", \"customer_id\": \"eab9a009-aeea-4285-bffd-5754e7f38a29\", \"conversation_id\": \"daafb0ae-67ab-4dea-bad4-0f9793970f88\", \"properties\": {\"intent\": \"greeting\", \"sentiment\": 0.8}, \"created_at\": {\"$date\": \"2026-01-10T18:05:35.675Z\"}}]}", "commandName": "insert", "databaseName": "gym_ai", "requestId": 1784484492, "operationId": 1784484492, "driverConnectionId": 1, "serverConnectionId": 223, "serverHost": "localhost", "serverPort": 27017}
2026-01-10 18:05:35,676 - pymongo.command - DEBUG - {"message": "Command succeeded", "clientId": {"$oid": "6962785d3127086e3f0188e5"}, "durationMS": 0.856, "reply": "{\"n\": 1, \"ok\": 1.0}", "commandName": "insert", "databaseName": "gym_ai", "requestId": 1784484492, "operationId": 1784484492, "driverConnectionId": 1, "serverConnectionId": 223, "serverHost": "localhost", "serverPort": 27017}
2026-01-10 18:05:35,676 - pymongo.connection - DEBUG - {"message": "Connection checked in", "clientId": {"$oid": "6962785d3127086e3f0188e5"}, "serverHost": "localhost", "serverPort": 27017, "driverConnectionId": 1}
2026-01-10 18:05:35,677 - __main__ - INFO - Response - Intent: Intent.GREETING, Escalate: False
2026-01-10 18:05:35,677 - telegram.ext.ExtBot - DEBUG - Calling Bot API endpoint `sendMessage` with parameters `{'chat_id': 1082780340, 'text': 'היי! מה שלומך? איך אוכל לעזור לך היום?'}`
2026-01-10 18:05:35,677 - httpcore.http11 - DEBUG - send_request_headers.started request=<Request [b'POST']>
2026-01-10 18:05:35,678 - httpcore.http11 - DEBUG - send_request_headers.complete
2026-01-10 18:05:35,678 - httpcore.http11 - DEBUG - send_request_body.started request=<Request [b'POST']>
2026-01-10 18:05:35,678 - httpcore.http11 - DEBUG - send_request_body.complete
2026-01-10 18:05:35,678 - httpcore.http11 - DEBUG - receive_response_headers.started request=<Request [b'POST']>
2026-01-10 18:05:35,853 - httpcore.http11 - DEBUG - receive_response_headers.complete return_value=(b'HTTP/1.1', 200, b'OK', [(b'Server', b'nginx/1.18.0'), (b'Date', b'Sat, 10 Jan 2026 16:05:35 GMT'), (b'Content-Type', b'application/json'), (b'Content-Length', b'418'), (b'Connection', b'keep-alive'), (b'Strict-Transport-Security', b'max-age=31536000; includeSubDomains; preload'), (b'Access-Control-Allow-Origin', b'*'), (b'Access-Control-Allow-Methods', b'GET, POST, OPTIONS'), (b'Access-Control-Expose-Headers', b'Content-Length,Content-Type,Date,Server,Connection')])
2026-01-10 18:05:35,854 - httpx - INFO - HTTP Request: POST https://api.telegram.org/bot8490932438:AAFVy70Urq5Cj0h7gUKJbECBv3z9-apYZtM/sendMessage "HTTP/1.1 200 OK"
2026-01-10 18:05:35,854 - httpcore.http11 - DEBUG - receive_response_body.started request=<Request [b'POST']>
2026-01-10 18:05:35,854 - httpcore.http11 - DEBUG - receive_response_body.complete
2026-01-10 18:05:35,854 - httpcore.http11 - DEBUG - response_closed.started
2026-01-10 18:05:35,855 - httpcore.http11 - DEBUG - response_closed.complete
2026-01-10 18:05:35,855 - telegram.ext.ExtBot - DEBUG - Call to Bot API endpoint `sendMessage` finished with return value `{'message_id': 203, 'from': {'id': 8490932438, 'is_bot': True, 'first_name': 'ne', 'username': 'pulluptestbot'}, 'chat': {'id': 1082780340, 'first_name': 'yaron', 'username': 'yaronfeldboy', 'type': 'private'}, 'date': 1768061135, 'text': 'היי! מה שלומך? איך אוכל לעזור לך היום?'}`
2026-01-10 18:05:40,461 - httpcore.http11 - DEBUG - receive_response_headers.complete return_value=(b'HTTP/1.1', 200, b'OK', [(b'Server', b'nginx/1.18.0'), (b'Date', b'Sat, 10 Jan 2026 16:05:40 GMT'), (b'Content-Type', b'application/json'), (b'Content-Length', b'407'), (b'Connection', b'keep-alive'), (b'Strict-Transport-Security', b'max-age=31536000; includeSubDomains; preload'), (b'Access-Control-Allow-Origin', b'*'), (b'Access-Control-Allow-Methods', b'GET, POST, OPTIONS'), (b'Access-Control-Expose-Headers', b'Content-Length,Content-Type,Date,Server,Connection')])
2026-01-10 18:05:40,462 - httpx - INFO - HTTP Request: POST https://api.telegram.org/bot8490932438:AAFVy70Urq5Cj0h7gUKJbECBv3z9-apYZtM/getUpdates "HTTP/1.1 200 OK"
2026-01-10 18:05:40,462 - httpcore.http11 - DEBUG - receive_response_body.started request=<Request [b'POST']>
2026-01-10 18:05:40,463 - httpcore.http11 - DEBUG - receive_response_body.complete
2026-01-10 18:05:40,463 - httpcore.http11 - DEBUG - response_closed.started
2026-01-10 18:05:40,463 - httpcore.http11 - DEBUG - response_closed.complete
2026-01-10 18:05:40,464 - telegram.ext.ExtBot - DEBUG - Call to Bot API endpoint `getUpdates` finished with return value `[{'update_id': 328648460, 'message': {'message_id': 204, 'from': {'id': 1082780340, 'is_bot': False, 'first_name': 'yaron', 'username': 'yaronfeldboy', 'language_code': 'en'}, 'chat': {'id': 1082780340, 'first_name': 'yaron', 'username': 'yaronfeldboy', 'type': 'private'}, 'date': 1768061140, 'text': 'איזה שעות אתם פתוחים?'}}]`
2026-01-10 18:05:40,464 - telegram.ext.ExtBot - DEBUG - Getting updates: [328648460]
2026-01-10 18:05:40,464 - telegram.ext.Application - DEBUG - Processing update Update(message=Message(channel_chat_created=False, chat=Chat(first_name='yaron', id=1082780340, type=<ChatType.PRIVATE>, username='yaronfeldboy'), date=datetime.datetime(2026, 1, 10, 16, 5, 40, tzinfo=datetime.timezone.utc), delete_chat_photo=False, from_user=User(first_name='yaron', id=1082780340, is_bot=False, language_code='en', username='yaronfeldboy'), group_chat_created=False, message_id=204, supergroup_chat_created=False, text='איזה שעות אתם פתוחים?'), update_id=328648460)
2026-01-10 18:05:40,465 - __main__ - INFO - Message from 1082780340 (yaron): איזה שעות אתם פתוחים?
2026-01-10 18:05:40,465 - pymongo.serverSelection - DEBUG - {"message": "Server selection started", "selector": "Primary()", "operation": "find", "topologyDescription": "<TopologyDescription id: 6962785d3127086e3f0188e5, topology_type: Single, servers: [<ServerDescription ('localhost', 27017) server_type: Standalone, rtt: 0.0010318341664969921>]>", "clientId": {"$oid": "6962785d3127086e3f0188e5"}}
2026-01-10 18:05:40,466 - pymongo.serverSelection - DEBUG - {"message": "Server selection succeeded", "selector": "Primary()", "operation": "find", "topologyDescription": "<TopologyDescription id: 6962785d3127086e3f0188e5, topology_type: Single, servers: [<ServerDescription ('localhost', 27017) server_type: Standalone, rtt: 0.0010318341664969921>]>", "clientId": {"$oid": "6962785d3127086e3f0188e5"}, "serverHost": "localhost", "serverPort": 27017}
2026-01-10 18:05:40,466 - telegram.ext.ExtBot - DEBUG - Calling Bot API endpoint `getUpdates` with parameters `{'timeout': datetime.timedelta(seconds=10), 'offset': 328648461, 'allowed_updates': [<UpdateType.MESSAGE>, <UpdateType.EDITED_MESSAGE>, <UpdateType.CHANNEL_POST>, <UpdateType.EDITED_CHANNEL_POST>, <UpdateType.INLINE_QUERY>, <UpdateType.CHOSEN_INLINE_RESULT>, <UpdateType.CALLBACK_QUERY>, <UpdateType.SHIPPING_QUERY>, <UpdateType.PRE_CHECKOUT_QUERY>, <UpdateType.POLL>, <UpdateType.POLL_ANSWER>, <UpdateType.MY_CHAT_MEMBER>, <UpdateType.CHAT_MEMBER>, <UpdateType.CHAT_JOIN_REQUEST>, <UpdateType.CHAT_BOOST>, <UpdateType.REMOVED_CHAT_BOOST>, <UpdateType.MESSAGE_REACTION>, <UpdateType.MESSAGE_REACTION_COUNT>, <UpdateType.BUSINESS_CONNECTION>, <UpdateType.BUSINESS_MESSAGE>, <UpdateType.EDITED_BUSINESS_MESSAGE>, <UpdateType.DELETED_BUSINESS_MESSAGES>, <UpdateType.PURCHASED_PAID_MEDIA>]}`
2026-01-10 18:05:40,466 - pymongo.connection - DEBUG - {"message": "Connection checkout started", "clientId": {"$oid": "6962785d3127086e3f0188e5"}, "serverHost": "localhost", "serverPort": 27017}
2026-01-10 18:05:40,467 - pymongo.connection - DEBUG - {"message": "Connection checked out", "clientId": {"$oid": "6962785d3127086e3f0188e5"}, "serverHost": "localhost", "serverPort": 27017, "driverConnectionId": 1, "durationMS": 0.0008813329041004181}
2026-01-10 18:05:40,467 - pymongo.command - DEBUG - {"message": "Command started", "clientId": {"$oid": "6962785d3127086e3f0188e5"}, "command": "{\"find\": \"customers\", \"filter\": {\"telegram_id\": 1082780340}, \"limit\": 1, \"singleBatch\": true, \"lsid\": {\"id\": {\"$binary\": {\"base64\": \"LdgkyGwRQQSyWrdfSzU/Gg==\", \"subType\": \"04\"}}}, \"$db\": \"gym_ai\"}", "commandName": "find", "databaseName": "gym_ai", "requestId": 74243042, "operationId": 74243042, "driverConnectionId": 1, "serverConnectionId": 223, "serverHost": "localhost", "serverPort": 27017}
2026-01-10 18:05:40,467 - httpcore.http11 - DEBUG - send_request_headers.started request=<Request [b'POST']>
2026-01-10 18:05:40,469 - httpcore.http11 - DEBUG - send_request_headers.complete
2026-01-10 18:05:40,469 - httpcore.http11 - DEBUG - send_request_body.started request=<Request [b'POST']>
2026-01-10 18:05:40,469 - httpcore.http11 - DEBUG - send_request_body.complete
2026-01-10 18:05:40,469 - httpcore.http11 - DEBUG - receive_response_headers.started request=<Request [b'POST']>
2026-01-10 18:05:40,470 - pymongo.command - DEBUG - {"message": "Command succeeded", "clientId": {"$oid": "6962785d3127086e3f0188e5"}, "durationMS": 2.682, "reply": "{\"cursor\": {\"firstBatch\": [{\"_id\": \"eab9a009-aeea-4285-bffd-5754e7f38a29\", \"id\": \"eab9a009-aeea-4285-bffd-5754e7f38a29\", \"crm_id\": \"TEST-1082780340\", \"telegram_id\": 1082780340, \"first_name\": \"yaron\", \"last_name\": \"AdminEdit\", \"phone\": \"000-1082780340\", \"status\": \"active\", \"membership_type\": \"monthly\", \"membership_start_date\": \"2026-01-10\", \"membership_end_date\": \"2026-02-09\", \"last_visit\": \"2026-01-10T17:00:08.478218\", \"health_score\": 99, \"preferred_language\": \"he\", \"created_at\": {\"$date\": \"2026-01-10T17:00:08.478Z\"}}], \"ns\": \"gym_ai.customers\"}, \"ok\": 1.0}", "commandName": "find", "databaseName": "gym_ai", "requestId": 74243042, "operationId": 74243042, "driverConnectionId": 1, "serverConnectionId": 223, "serverHost": "localhost", "serverPort": 27017}
2026-01-10 18:05:40,470 - pymongo.connection - DEBUG - {"message": "Connection checked in", "clientId": {"$oid": "6962785d3127086e3f0188e5"}, "serverHost": "localhost", "serverPort": 27017, "driverConnectionId": 1}
2026-01-10 18:05:40,471 - telegram.ext.ExtBot - DEBUG - Calling Bot API endpoint `sendChatAction` with parameters `{'chat_id': 1082780340, 'action': 'typing'}`
2026-01-10 18:05:40,471 - httpcore.http11 - DEBUG - send_request_headers.started request=<Request [b'POST']>
2026-01-10 18:05:40,472 - httpcore.http11 - DEBUG - send_request_headers.complete
2026-01-10 18:05:40,472 - httpcore.http11 - DEBUG - send_request_body.started request=<Request [b'POST']>
2026-01-10 18:05:40,473 - httpcore.http11 - DEBUG - send_request_body.complete
2026-01-10 18:05:40,473 - httpcore.http11 - DEBUG - receive_response_headers.started request=<Request [b'POST']>
2026-01-10 18:05:40,665 - httpcore.http11 - DEBUG - receive_response_headers.complete return_value=(b'HTTP/1.1', 200, b'OK', [(b'Server', b'nginx/1.18.0'), (b'Date', b'Sat, 10 Jan 2026 16:05:40 GMT'), (b'Content-Type', b'application/json'), (b'Content-Length', b'25'), (b'Connection', b'keep-alive'), (b'Strict-Transport-Security', b'max-age=31536000; includeSubDomains; preload'), (b'Access-Control-Allow-Origin', b'*'), (b'Access-Control-Allow-Methods', b'GET, POST, OPTIONS'), (b'Access-Control-Expose-Headers', b'Content-Length,Content-Type,Date,Server,Connection')])
2026-01-10 18:05:40,666 - httpx - INFO - HTTP Request: POST https://api.telegram.org/bot8490932438:AAFVy70Urq5Cj0h7gUKJbECBv3z9-apYZtM/sendChatAction "HTTP/1.1 200 OK"
2026-01-10 18:05:40,666 - httpcore.http11 - DEBUG - receive_response_body.started request=<Request [b'POST']>
2026-01-10 18:05:40,666 - httpcore.http11 - DEBUG - receive_response_body.complete
2026-01-10 18:05:40,667 - httpcore.http11 - DEBUG - response_closed.started
2026-01-10 18:05:40,667 - httpcore.http11 - DEBUG - response_closed.complete
2026-01-10 18:05:40,667 - telegram.ext.ExtBot - DEBUG - Call to Bot API endpoint `sendChatAction` finished with return value `True`
2026-01-10 18:05:40,668 - pymongo.serverSelection - DEBUG - {"message": "Server selection started", "selector": "Primary()", "operation": "find", "topologyDescription": "<TopologyDescription id: 6962785d3127086e3f0188e5, topology_type: Single, servers: [<ServerDescription ('localhost', 27017) server_type: Standalone, rtt: 0.0010318341664969921>]>", "clientId": {"$oid": "6962785d3127086e3f0188e5"}}
2026-01-10 18:05:40,668 - pymongo.serverSelection - DEBUG - {"message": "Server selection succeeded", "selector": "Primary()", "operation": "find", "topologyDescription": "<TopologyDescription id: 6962785d3127086e3f0188e5, topology_type: Single, servers: [<ServerDescription ('localhost', 27017) server_type: Standalone, rtt: 0.0010318341664969921>]>", "clientId": {"$oid": "6962785d3127086e3f0188e5"}, "serverHost": "localhost", "serverPort": 27017}
2026-01-10 18:05:40,668 - pymongo.connection - DEBUG - {"message": "Connection checkout started", "clientId": {"$oid": "6962785d3127086e3f0188e5"}, "serverHost": "localhost", "serverPort": 27017}
2026-01-10 18:05:40,668 - pymongo.connection - DEBUG - {"message": "Connection checked out", "clientId": {"$oid": "6962785d3127086e3f0188e5"}, "serverHost": "localhost", "serverPort": 27017, "driverConnectionId": 1, "durationMS": 9.062513709068298e-05}
2026-01-10 18:05:40,669 - pymongo.command - DEBUG - {"message": "Command started", "clientId": {"$oid": "6962785d3127086e3f0188e5"}, "command": "{\"find\": \"conversations\", \"filter\": {\"customer_id\": \"eab9a009-aeea-4285-bffd-5754e7f38a29\", \"channel\": \"telegram\", \"status\": \"active\"}, \"limit\": 1, \"singleBatch\": true, \"lsid\": {\"id\": {\"$binary\": {\"base64\": \"LdgkyGwRQQSyWrdfSzU/Gg==\", \"subType\": \"04\"}}}, \"$db\": \"gym_ai\"}", "commandName": "find", "databaseName": "gym_ai", "requestId": 114807987, "operationId": 114807987, "driverConnectionId": 1, "serverConnectionId": 223, "serverHost": "localhost", "serverPort": 27017}
2026-01-10 18:05:40,670 - pymongo.command - DEBUG - {"message": "Command succeeded", "clientId": {"$oid": "6962785d3127086e3f0188e5"}, "durationMS": 1.175, "reply": "{\"cursor\": {\"firstBatch\": [{\"_id\": \"daafb0ae-67ab-4dea-bad4-0f9793970f88\", \"customer_id\": \"eab9a009-aeea-4285-bffd-5754e7f38a29\", \"channel\": \"telegram\", \"status\": \"active\", \"started_at\": {\"$date\": \"2026-01-10T17:00:44.097Z\"}, \"last_message_at\": {\"$date\": \"2026-01-10T18:05:35.671Z\"}, \"unanswered_count\": 1}], \"ns\": \"gym_ai.conversations\"}, \"ok\": 1.0}", "commandName": "find", "databaseName": "gym_ai", "requestId": 114807987, "operationId": 114807987, "driverConnectionId": 1, "serverConnectionId": 223, "serverHost": "localhost", "serverPort": 27017}
2026-01-10 18:05:40,670 - pymongo.connection - DEBUG - {"message": "Connection checked in", "clientId": {"$oid": "6962785d3127086e3f0188e5"}, "serverHost": "localhost", "serverPort": 27017, "driverConnectionId": 1}
2026-01-10 18:05:40,671 - pymongo.serverSelection - DEBUG - {"message": "Server selection started", "selector": "<function writable_server_selector at 0x1056418a0>", "operation": "insert", "topologyDescription": "<TopologyDescription id: 6962785d3127086e3f0188e5, topology_type: Single, servers: [<ServerDescription ('localhost', 27017) server_type: Standalone, rtt: 0.0010318341664969921>]>", "clientId": {"$oid": "6962785d3127086e3f0188e5"}}
2026-01-10 18:05:40,671 - pymongo.serverSelection - DEBUG - {"message": "Server selection succeeded", "selector": "<function writable_server_selector at 0x1056418a0>", "operation": "insert", "topologyDescription": "<TopologyDescription id: 6962785d3127086e3f0188e5, topology_type: Single, servers: [<ServerDescription ('localhost', 27017) server_type: Standalone, rtt: 0.0010318341664969921>]>", "clientId": {"$oid": "6962785d3127086e3f0188e5"}, "serverHost": "localhost", "serverPort": 27017}
2026-01-10 18:05:40,671 - pymongo.connection - DEBUG - {"message": "Connection checkout started", "clientId": {"$oid": "6962785d3127086e3f0188e5"}, "serverHost": "localhost", "serverPort": 27017}
2026-01-10 18:05:40,671 - pymongo.connection - DEBUG - {"message": "Connection checked out", "clientId": {"$oid": "6962785d3127086e3f0188e5"}, "serverHost": "localhost", "serverPort": 27017, "driverConnectionId": 1, "durationMS": 6.716698408126831e-05}
2026-01-10 18:05:40,671 - pymongo.command - DEBUG - {"message": "Command started", "clientId": {"$oid": "6962785d3127086e3f0188e5"}, "command": "{\"insert\": \"messages\", \"ordered\": true, \"lsid\": {\"id\": {\"$binary\": {\"base64\": \"LdgkyGwRQQSyWrdfSzU/Gg==\", \"subType\": \"04\"}}}, \"$db\": \"gym_ai\", \"documents\": [{\"_id\": \"276f5085-abad-482e-8e3b-75343da44133\", \"conversation_id\": \"daafb0ae-67ab-4dea-bad4-0f9793970f88\", \"direction\": \"inbound\", \"content\": \"\\u05d0\\u05d9\\u05d6\\u05d4 \\u05e9\\u05e2\\u05d5\\u05ea \\u05d0\\u05ea\\u05dd \\u05e4\\u05ea\\u05d5\\u05d7\\u05d9\\u05dd?\", \"created_at\": {\"$date\": \"2026-01-10T18:05:40.670Z\"}}]}", "commandName": "insert", "databaseName": "gym_ai", "requestId": 1137522503, "operationId": 1137522503, "driverConnectionId": 1, "serverConnectionId": 223, "serverHost": "localhost", "serverPort": 27017}
2026-01-10 18:05:40,672 - pymongo.command - DEBUG - {"message": "Command succeeded", "clientId": {"$oid": "6962785d3127086e3f0188e5"}, "durationMS": 0.624, "reply": "{\"n\": 1, \"ok\": 1.0}", "commandName": "insert", "databaseName": "gym_ai", "requestId": 1137522503, "operationId": 1137522503, "driverConnectionId": 1, "serverConnectionId": 223, "serverHost": "localhost", "serverPort": 27017}
2026-01-10 18:05:40,672 - pymongo.connection - DEBUG - {"message": "Connection checked in", "clientId": {"$oid": "6962785d3127086e3f0188e5"}, "serverHost": "localhost", "serverPort": 27017, "driverConnectionId": 1}
2026-01-10 18:05:40,672 - pymongo.serverSelection - DEBUG - {"message": "Server selection started", "selector": "<function writable_server_selector at 0x1056418a0>", "operation": "update", "topologyDescription": "<TopologyDescription id: 6962785d3127086e3f0188e5, topology_type: Single, servers: [<ServerDescription ('localhost', 27017) server_type: Standalone, rtt: 0.0010318341664969921>]>", "clientId": {"$oid": "6962785d3127086e3f0188e5"}}
2026-01-10 18:05:40,672 - pymongo.serverSelection - DEBUG - {"message": "Server selection succeeded", "selector": "<function writable_server_selector at 0x1056418a0>", "operation": "update", "topologyDescription": "<TopologyDescription id: 6962785d3127086e3f0188e5, topology_type: Single, servers: [<ServerDescription ('localhost', 27017) server_type: Standalone, rtt: 0.0010318341664969921>]>", "clientId": {"$oid": "6962785d3127086e3f0188e5"}, "serverHost": "localhost", "serverPort": 27017}
2026-01-10 18:05:40,672 - pymongo.connection - DEBUG - {"message": "Connection checkout started", "clientId": {"$oid": "6962785d3127086e3f0188e5"}, "serverHost": "localhost", "serverPort": 27017}
2026-01-10 18:05:40,672 - pymongo.connection - DEBUG - {"message": "Connection checked out", "clientId": {"$oid": "6962785d3127086e3f0188e5"}, "serverHost": "localhost", "serverPort": 27017, "driverConnectionId": 1, "durationMS": 6.899982690811157e-05}
2026-01-10 18:05:40,672 - pymongo.command - DEBUG - {"message": "Command started", "clientId": {"$oid": "6962785d3127086e3f0188e5"}, "command": "{\"update\": \"conversations\", \"ordered\": true, \"lsid\": {\"id\": {\"$binary\": {\"base64\": \"LdgkyGwRQQSyWrdfSzU/Gg==\", \"subType\": \"04\"}}}, \"$db\": \"gym_ai\", \"updates\": [{\"q\": {\"_id\": \"daafb0ae-67ab-4dea-bad4-0f9793970f88\"}, \"u\": {\"$set\": {\"last_message_at\": {\"$date\": \"2026-01-10T18:05:40.670Z\"}}}}]}", "commandName": "update", "databaseName": "gym_ai", "requestId": 1441282327, "operationId": 1441282327, "driverConnectionId": 1, "serverConnectionId": 223, "serverHost": "localhost", "serverPort": 27017}
2026-01-10 18:05:40,673 - pymongo.command - DEBUG - {"message": "Command succeeded", "clientId": {"$oid": "6962785d3127086e3f0188e5"}, "durationMS": 0.5820000000000001, "reply": "{\"n\": 1, \"nModified\": 1, \"ok\": 1.0}", "commandName": "update", "databaseName": "gym_ai", "requestId": 1441282327, "operationId": 1441282327, "driverConnectionId": 1, "serverConnectionId": 223, "serverHost": "localhost", "serverPort": 27017}
2026-01-10 18:05:40,673 - pymongo.connection - DEBUG - {"message": "Connection checked in", "clientId": {"$oid": "6962785d3127086e3f0188e5"}, "serverHost": "localhost", "serverPort": 27017, "driverConnectionId": 1}
2026-01-10 18:05:40,673 - pymongo.serverSelection - DEBUG - {"message": "Server selection started", "selector": "Primary()", "operation": "find", "topologyDescription": "<TopologyDescription id: 6962785d3127086e3f0188e5, topology_type: Single, servers: [<ServerDescription ('localhost', 27017) server_type: Standalone, rtt: 0.0010318341664969921>]>", "clientId": {"$oid": "6962785d3127086e3f0188e5"}}
2026-01-10 18:05:40,674 - pymongo.serverSelection - DEBUG - {"message": "Server selection succeeded", "selector": "Primary()", "operation": "find", "topologyDescription": "<TopologyDescription id: 6962785d3127086e3f0188e5, topology_type: Single, servers: [<ServerDescription ('localhost', 27017) server_type: Standalone, rtt: 0.0010318341664969921>]>", "clientId": {"$oid": "6962785d3127086e3f0188e5"}, "serverHost": "localhost", "serverPort": 27017}
2026-01-10 18:05:40,674 - pymongo.connection - DEBUG - {"message": "Connection checkout started", "clientId": {"$oid": "6962785d3127086e3f0188e5"}, "serverHost": "localhost", "serverPort": 27017}
2026-01-10 18:05:40,674 - pymongo.connection - DEBUG - {"message": "Connection checked out", "clientId": {"$oid": "6962785d3127086e3f0188e5"}, "serverHost": "localhost", "serverPort": 27017, "driverConnectionId": 1, "durationMS": 8.141575381159782e-05}
2026-01-10 18:05:40,674 - pymongo.command - DEBUG - {"message": "Command started", "clientId": {"$oid": "6962785d3127086e3f0188e5"}, "command": "{\"find\": \"messages\", \"filter\": {\"conversation_id\": \"daafb0ae-67ab-4dea-bad4-0f9793970f88\"}, \"sort\": {\"created_at\": -1}, \"limit\": 10, \"lsid\": {\"id\": {\"$binary\": {\"base64\": \"LdgkyGwRQQSyWrdfSzU/Gg==\", \"subType\": \"04\"}}}, \"$db\": \"gym_ai\"}", "commandName": "find", "databaseName": "gym_ai", "requestId": 16531729, "operationId": 16531729, "driverConnectionId": 1, "serverConnectionId": 223, "serverHost": "localhost", "serverPort": 27017}
2026-01-10 18:05:40,675 - pymongo.command - DEBUG - {"message": "Command succeeded", "clientId": {"$oid": "6962785d3127086e3f0188e5"}, "durationMS": 0.901, "reply": "{\"cursor\": {\"firstBatch\": [{\"_id\": \"276f5085-abad-482e-8e3b-75343da44133\", \"conversation_id\": \"daafb0ae-67ab-4dea-bad4-0f9793970f88\", \"direction\": \"inbound\", \"content\": \"\u05d0\u05d9\u05d6\u05d4 \u05e9\u05e2\u05d5\u05ea \u05d0\u05ea\u05dd \u05e4\u05ea\u05d5\u05d7\u05d9\u05dd?\", \"created_at\": {\"$date\": \"2026-01-10T18:05:40.670Z\"}}, {\"_id\": \"bb4dea27-7342-4fb9-a2fe-c35e783ec75d\", \"conversation_id\": \"daafb0ae-67ab-4dea-bad4-0f9793970f88\", \"direction\": \"outbound\", \"content\": \"\u05d4\u05d9\u05d9! \u05de\u05d4 \u05e9\u05dc\u05d5\u05de\u05da? \u05d0\u05d9\u05da \u05d0\u05d5\u05db\u05dc \u05dc\u05e2\u05d6\u05d5\u05e8 \u05dc\u05da \u05d4\u05d9\u05d5\u05dd?\", \"intent\": \"greeting\", \"sentiment\": 0.8, \"agent_type\": \"orchestrator\", \"created_at\": {\"$date\": \"2026-01-10T18:05:35.671Z\"}}, {\"_id\": \"49d4d0a0-4a23-4abf-b2a8-97c38bfd8955\", \"conversation_id\": \"daafb0ae-67ab-4dea-bad4-0f9793970f88\", \"direction\": \"inbound\", \"content\": \"\u05d4\u05d9\", \"created_at\": {\"$date\": \"2026-01-10T18:05:34.032Z\"}}, {\"_id\"...", "commandName": "find", "databaseName": "gym_ai", "requestId": 16531729, "operationId": 16531729, "driverConnectionId": 1, "serverConnectionId": 223, "serverHost": "localhost", "serverPort": 27017}
2026-01-10 18:05:40,675 - pymongo.connection - DEBUG - {"message": "Connection checked in", "clientId": {"$oid": "6962785d3127086e3f0188e5"}, "serverHost": "localhost", "serverPort": 27017, "driverConnectionId": 1}
2026-01-10 18:05:40,678 - pymongo.serverSelection - DEBUG - {"message": "Server selection started", "selector": "Primary()", "operation": "find", "topologyDescription": "<TopologyDescription id: 6962785d3127086e3f0188e5, topology_type: Single, servers: [<ServerDescription ('localhost', 27017) server_type: Standalone, rtt: 0.0010318341664969921>]>", "clientId": {"$oid": "6962785d3127086e3f0188e5"}}
2026-01-10 18:05:40,679 - pymongo.serverSelection - DEBUG - {"message": "Server selection succeeded", "selector": "Primary()", "operation": "find", "topologyDescription": "<TopologyDescription id: 6962785d3127086e3f0188e5, topology_type: Single, servers: [<ServerDescription ('localhost', 27017) server_type: Standalone, rtt: 0.0010318341664969921>]>", "clientId": {"$oid": "6962785d3127086e3f0188e5"}, "serverHost": "localhost", "serverPort": 27017}
2026-01-10 18:05:40,679 - pymongo.connection - DEBUG - {"message": "Connection checkout started", "clientId": {"$oid": "6962785d3127086e3f0188e5"}, "serverHost": "localhost", "serverPort": 27017}
2026-01-10 18:05:40,679 - pymongo.connection - DEBUG - {"message": "Connection checked out", "clientId": {"$oid": "6962785d3127086e3f0188e5"}, "serverHost": "localhost", "serverPort": 27017, "driverConnectionId": 1, "durationMS": 0.0001165829598903656}
2026-01-10 18:05:40,679 - pymongo.command - DEBUG - {"message": "Command started", "clientId": {"$oid": "6962785d3127086e3f0188e5"}, "command": "{\"find\": \"system_config\", \"filter\": {\"key\": \"system_prompt\"}, \"limit\": 1, \"singleBatch\": true, \"lsid\": {\"id\": {\"$binary\": {\"base64\": \"LdgkyGwRQQSyWrdfSzU/Gg==\", \"subType\": \"04\"}}}, \"$db\": \"gym_ai\"}", "commandName": "find", "databaseName": "gym_ai", "requestId": 823378840, "operationId": 823378840, "driverConnectionId": 1, "serverConnectionId": 223, "serverHost": "localhost", "serverPort": 27017}
2026-01-10 18:05:40,680 - pymongo.command - DEBUG - {"message": "Command succeeded", "clientId": {"$oid": "6962785d3127086e3f0188e5"}, "durationMS": 1.031, "reply": "{\"cursor\": {\"firstBatch\": [{\"_id\": {\"$oid\": \"6962701e53e27f5a44440a02\"}, \"key\": \"system_prompt\", \"updated_at\": {\"$date\": \"2026-01-10T16:05:23.358Z\"}, \"updated_by\": \"admin\", \"value\": \"You are a gym assistant. \\u05e9\\u05e2\\u05d5\\u05ea \\u05e4\\u05e2\\u05d9\\u05dc\\u05d5\\u05ea \\u05d4\\u05df \\u05de10- 19\\n\\u05db\\u05dc \\u05d9\\u05d5\\u05dd\"}], \"ns\": \"gym_ai.system_config\"}, \"ok\": 1.0}", "commandName": "find", "databaseName": "gym_ai", "requestId": 823378840, "operationId": 823378840, "driverConnectionId": 1, "serverConnectionId": 223, "serverHost": "localhost", "serverPort": 27017}
2026-01-10 18:05:40,681 - pymongo.connection - DEBUG - {"message": "Connection checked in", "clientId": {"$oid": "6962785d3127086e3f0188e5"}, "serverHost": "localhost", "serverPort": 27017, "driverConnectionId": 1}
2026-01-10 18:05:40,686 - httpcore.connection - DEBUG - close.started
2026-01-10 18:05:40,686 - httpcore.connection - DEBUG - close.complete
2026-01-10 18:05:40,687 - httpcore.connection - DEBUG - connect_tcp.started host='generativelanguage.googleapis.com' port=443 local_address=None timeout=None socket_options=None
2026-01-10 18:05:40,702 - httpcore.connection - DEBUG - connect_tcp.complete return_value=<httpcore._backends.anyio.AnyIOStream object at 0x10bb0cd10>
2026-01-10 18:05:40,702 - httpcore.connection - DEBUG - start_tls.started ssl_context=<ssl.SSLContext object at 0x1077408c0> server_hostname='generativelanguage.googleapis.com' timeout=None
2026-01-10 18:05:40,773 - httpcore.connection - DEBUG - start_tls.complete return_value=<httpcore._backends.anyio.AnyIOStream object at 0x10b864e10>
2026-01-10 18:05:40,773 - httpcore.http11 - DEBUG - send_request_headers.started request=<Request [b'POST']>
2026-01-10 18:05:40,774 - httpcore.http11 - DEBUG - send_request_headers.complete
2026-01-10 18:05:40,774 - httpcore.http11 - DEBUG - send_request_body.started request=<Request [b'POST']>
2026-01-10 18:05:40,775 - httpcore.http11 - DEBUG - send_request_body.complete
2026-01-10 18:05:40,775 - httpcore.http11 - DEBUG - receive_response_headers.started request=<Request [b'POST']>
2026-01-10 18:05:42,100 - httpcore.http11 - DEBUG - receive_response_headers.complete return_value=(b'HTTP/1.1', 200, b'OK', [(b'Content-Type', b'application/json; charset=UTF-8'), (b'Vary', b'Origin'), (b'Vary', b'X-Origin'), (b'Vary', b'Referer'), (b'Content-Encoding', b'gzip'), (b'Date', b'Sat, 10 Jan 2026 16:05:42 GMT'), (b'Server', b'scaffolding on HTTPServer2'), (b'X-XSS-Protection', b'0'), (b'X-Frame-Options', b'SAMEORIGIN'), (b'X-Content-Type-Options', b'nosniff'), (b'Server-Timing', b'gfet4t7; dur=1252'), (b'Alt-Svc', b'h3=":443"; ma=2592000,h3-29=":443"; ma=2592000'), (b'Transfer-Encoding', b'chunked')])
2026-01-10 18:05:42,101 - httpx - INFO - HTTP Request: POST https://generativelanguage.googleapis.com/v1beta/models/gemini-2.5-flash:generateContent "HTTP/1.1 200 OK"
2026-01-10 18:05:42,101 - httpcore.http11 - DEBUG - receive_response_body.started request=<Request [b'POST']>
2026-01-10 18:05:42,102 - httpcore.http11 - DEBUG - receive_response_body.complete
2026-01-10 18:05:42,102 - httpcore.http11 - DEBUG - response_closed.started
2026-01-10 18:05:42,102 - httpcore.http11 - DEBUG - response_closed.complete
2026-01-10 18:05:42,109 - httpcore.http11 - DEBUG - send_request_headers.started request=<Request [b'POST']>
2026-01-10 18:05:42,110 - httpcore.http11 - DEBUG - send_request_headers.complete
2026-01-10 18:05:42,110 - httpcore.http11 - DEBUG - send_request_body.started request=<Request [b'POST']>
2026-01-10 18:05:42,111 - httpcore.http11 - DEBUG - send_request_body.complete
2026-01-10 18:05:42,111 - httpcore.http11 - DEBUG - receive_response_headers.started request=<Request [b'POST']>
2026-01-10 18:05:43,637 - httpcore.http11 - DEBUG - receive_response_headers.complete return_value=(b'HTTP/1.1', 200, b'OK', [(b'Content-Type', b'application/json; charset=UTF-8'), (b'Vary', b'Origin'), (b'Vary', b'X-Origin'), (b'Vary', b'Referer'), (b'Content-Encoding', b'gzip'), (b'Date', b'Sat, 10 Jan 2026 16:05:43 GMT'), (b'Server', b'scaffolding on HTTPServer2'), (b'X-XSS-Protection', b'0'), (b'X-Frame-Options', b'SAMEORIGIN'), (b'X-Content-Type-Options', b'nosniff'), (b'Server-Timing', b'gfet4t7; dur=1414'), (b'Alt-Svc', b'h3=":443"; ma=2592000,h3-29=":443"; ma=2592000'), (b'Transfer-Encoding', b'chunked')])
2026-01-10 18:05:43,638 - httpx - INFO - HTTP Request: POST https://generativelanguage.googleapis.com/v1beta/models/gemini-2.5-flash:generateContent "HTTP/1.1 200 OK"
2026-01-10 18:05:43,638 - httpcore.http11 - DEBUG - receive_response_body.started request=<Request [b'POST']>
2026-01-10 18:05:43,639 - httpcore.http11 - DEBUG - receive_response_body.complete
2026-01-10 18:05:43,639 - httpcore.http11 - DEBUG - response_closed.started
2026-01-10 18:05:43,639 - httpcore.http11 - DEBUG - response_closed.complete
2026-01-10 18:05:43,644 - pymongo.serverSelection - DEBUG - {"message": "Server selection started", "selector": "<function writable_server_selector at 0x1056418a0>", "operation": "insert", "topologyDescription": "<TopologyDescription id: 6962785d3127086e3f0188e5, topology_type: Single, servers: [<ServerDescription ('localhost', 27017) server_type: Standalone, rtt: 0.0010318341664969921>]>", "clientId": {"$oid": "6962785d3127086e3f0188e5"}}
2026-01-10 18:05:43,644 - pymongo.serverSelection - DEBUG - {"message": "Server selection succeeded", "selector": "<function writable_server_selector at 0x1056418a0>", "operation": "insert", "topologyDescription": "<TopologyDescription id: 6962785d3127086e3f0188e5, topology_type: Single, servers: [<ServerDescription ('localhost', 27017) server_type: Standalone, rtt: 0.0010318341664969921>]>", "clientId": {"$oid": "6962785d3127086e3f0188e5"}, "serverHost": "localhost", "serverPort": 27017}
2026-01-10 18:05:43,644 - pymongo.connection - DEBUG - {"message": "Connection checkout started", "clientId": {"$oid": "6962785d3127086e3f0188e5"}, "serverHost": "localhost", "serverPort": 27017}
2026-01-10 18:05:43,645 - pymongo.connection - DEBUG - {"message": "Connection checked out", "clientId": {"$oid": "6962785d3127086e3f0188e5"}, "serverHost": "localhost", "serverPort": 27017, "driverConnectionId": 1, "durationMS": 0.00028975028544664383}
2026-01-10 18:05:43,645 - pymongo.command - DEBUG - {"message": "Command started", "clientId": {"$oid": "6962785d3127086e3f0188e5"}, "command": "{\"insert\": \"messages\", \"ordered\": true, \"lsid\": {\"id\": {\"$binary\": {\"base64\": \"LdgkyGwRQQSyWrdfSzU/Gg==\", \"subType\": \"04\"}}}, \"$db\": \"gym_ai\", \"documents\": [{\"_id\": \"536a1e76-cf27-483e-9eb9-4d6a12b2efe3\", \"conversation_id\": \"daafb0ae-67ab-4dea-bad4-0f9793970f88\", \"direction\": \"outbound\", \"content\": \"\\u05d0\\u05e0\\u05d7\\u05e0\\u05d5 \\u05e4\\u05ea\\u05d5\\u05d7\\u05d9\\u05dd \\u05de-10:00 \\u05d1\\u05d1\\u05d5\\u05e7\\u05e8 \\u05e2\\u05d3 19:00 \\u05d1\\u05e2\\u05e8\\u05d1, \\u05db\\u05dc \\u05d9\\u05d5\\u05dd! \\u05e0\\u05e9\\u05de\\u05d7 \\u05dc\\u05e8\\u05d0\\u05d5\\u05ea\\u05da \\ud83d\\ude42\", \"intent\": \"question\", \"agent_type\": \"orchestrator\", \"created_at\": {\"$date\": \"2026-01-10T18:05:43.643Z\"}}]}", "commandName": "insert", "databaseName": "gym_ai", "requestId": 143542612, "operationId": 143542612, "driverConnectionId": 1, "serverConnectionId": 223, "serverHost": "localhost", "serverPort": 27017}
2026-01-10 18:05:43,646 - pymongo.command - DEBUG - {"message": "Command succeeded", "clientId": {"$oid": "6962785d3127086e3f0188e5"}, "durationMS": 1.244, "reply": "{\"n\": 1, \"ok\": 1.0}", "commandName": "insert", "databaseName": "gym_ai", "requestId": 143542612, "operationId": 143542612, "driverConnectionId": 1, "serverConnectionId": 223, "serverHost": "localhost", "serverPort": 27017}
2026-01-10 18:05:43,646 - pymongo.connection - DEBUG - {"message": "Connection checked in", "clientId": {"$oid": "6962785d3127086e3f0188e5"}, "serverHost": "localhost", "serverPort": 27017, "driverConnectionId": 1}
2026-01-10 18:05:43,647 - pymongo.serverSelection - DEBUG - {"message": "Server selection started", "selector": "<function writable_server_selector at 0x1056418a0>", "operation": "update", "topologyDescription": "<TopologyDescription id: 6962785d3127086e3f0188e5, topology_type: Single, servers: [<ServerDescription ('localhost', 27017) server_type: Standalone, rtt: 0.0010318341664969921>]>", "clientId": {"$oid": "6962785d3127086e3f0188e5"}}
2026-01-10 18:05:43,647 - pymongo.serverSelection - DEBUG - {"message": "Server selection succeeded", "selector": "<function writable_server_selector at 0x1056418a0>", "operation": "update", "topologyDescription": "<TopologyDescription id: 6962785d3127086e3f0188e5, topology_type: Single, servers: [<ServerDescription ('localhost', 27017) server_type: Standalone, rtt: 0.0010318341664969921>]>", "clientId": {"$oid": "6962785d3127086e3f0188e5"}, "serverHost": "localhost", "serverPort": 27017}
2026-01-10 18:05:43,647 - pymongo.connection - DEBUG - {"message": "Connection checkout started", "clientId": {"$oid": "6962785d3127086e3f0188e5"}, "serverHost": "localhost", "serverPort": 27017}
2026-01-10 18:05:43,647 - pymongo.connection - DEBUG - {"message": "Connection checked out", "clientId": {"$oid": "6962785d3127086e3f0188e5"}, "serverHost": "localhost", "serverPort": 27017, "driverConnectionId": 1, "durationMS": 8.312473073601723e-05}
2026-01-10 18:05:43,647 - pymongo.command - DEBUG - {"message": "Command started", "clientId": {"$oid": "6962785d3127086e3f0188e5"}, "command": "{\"update\": \"conversations\", \"ordered\": true, \"lsid\": {\"id\": {\"$binary\": {\"base64\": \"LdgkyGwRQQSyWrdfSzU/Gg==\", \"subType\": \"04\"}}}, \"$db\": \"gym_ai\", \"updates\": [{\"q\": {\"_id\": \"daafb0ae-67ab-4dea-bad4-0f9793970f88\"}, \"u\": {\"$set\": {\"last_message_at\": {\"$date\": \"2026-01-10T18:05:43.643Z\"}}, \"$inc\": {\"unanswered_count\": 1}}}]}", "commandName": "update", "databaseName": "gym_ai", "requestId": 896544303, "operationId": 896544303, "driverConnectionId": 1, "serverConnectionId": 223, "serverHost": "localhost", "serverPort": 27017}
2026-01-10 18:05:43,648 - pymongo.command - DEBUG - {"message": "Command succeeded", "clientId": {"$oid": "6962785d3127086e3f0188e5"}, "durationMS": 0.6, "reply": "{\"n\": 1, \"nModified\": 1, \"ok\": 1.0}", "commandName": "update", "databaseName": "gym_ai", "requestId": 896544303, "operationId": 896544303, "driverConnectionId": 1, "serverConnectionId": 223, "serverHost": "localhost", "serverPort": 27017}
2026-01-10 18:05:43,648 - pymongo.connection - DEBUG - {"message": "Connection checked in", "clientId": {"$oid": "6962785d3127086e3f0188e5"}, "serverHost": "localhost", "serverPort": 27017, "driverConnectionId": 1}
2026-01-10 18:05:43,648 - pymongo.serverSelection - DEBUG - {"message": "Server selection started", "selector": "<function writable_server_selector at 0x1056418a0>", "operation": "insert", "topologyDescription": "<TopologyDescription id: 6962785d3127086e3f0188e5, topology_type: Single, servers: [<ServerDescription ('localhost', 27017) server_type: Standalone, rtt: 0.0010318341664969921>]>", "clientId": {"$oid": "6962785d3127086e3f0188e5"}}
2026-01-10 18:05:43,649 - pymongo.serverSelection - DEBUG - {"message": "Server selection succeeded", "selector": "<function writable_server_selector at 0x1056418a0>", "operation": "insert", "topologyDescription": "<TopologyDescription id: 6962785d3127086e3f0188e5, topology_type: Single, servers: [<ServerDescription ('localhost', 27017) server_type: Standalone, rtt: 0.0010318341664969921>]>", "clientId": {"$oid": "6962785d3127086e3f0188e5"}, "serverHost": "localhost", "serverPort": 27017}
2026-01-10 18:05:43,649 - pymongo.connection - DEBUG - {"message": "Connection checkout started", "clientId": {"$oid": "6962785d3127086e3f0188e5"}, "serverHost": "localhost", "serverPort": 27017}
2026-01-10 18:05:43,649 - pymongo.connection - DEBUG - {"message": "Connection checked out", "clientId": {"$oid": "6962785d3127086e3f0188e5"}, "serverHost": "localhost", "serverPort": 27017, "driverConnectionId": 1, "durationMS": 7.166620343923569e-05}
2026-01-10 18:05:43,649 - pymongo.command - DEBUG - {"message": "Command started", "clientId": {"$oid": "6962785d3127086e3f0188e5"}, "command": "{\"insert\": \"analytics_events\", \"ordered\": true, \"lsid\": {\"id\": {\"$binary\": {\"base64\": \"LdgkyGwRQQSyWrdfSzU/Gg==\", \"subType\": \"04\"}}}, \"$db\": \"gym_ai\", \"documents\": [{\"_id\": \"011d6e28-97e9-4069-8673-917b08360a08\", \"event_type\": \"conversation.message_received\", \"customer_id\": \"eab9a009-aeea-4285-bffd-5754e7f38a29\", \"conversation_id\": \"daafb0ae-67ab-4dea-bad4-0f9793970f88\", \"properties\": {\"intent\": \"question\"}, \"created_at\": {\"$date\": \"2026-01-10T18:05:43.648Z\"}}]}", "commandName": "insert", "databaseName": "gym_ai", "requestId": 1474833169, "operationId": 1474833169, "driverConnectionId": 1, "serverConnectionId": 223, "serverHost": "localhost", "serverPort": 27017}
2026-01-10 18:05:43,649 - pymongo.command - DEBUG - {"message": "Command succeeded", "clientId": {"$oid": "6962785d3127086e3f0188e5"}, "durationMS": 0.526, "reply": "{\"n\": 1, \"ok\": 1.0}", "commandName": "insert", "databaseName": "gym_ai", "requestId": 1474833169, "operationId": 1474833169, "driverConnectionId": 1, "serverConnectionId": 223, "serverHost": "localhost", "serverPort": 27017}
2026-01-10 18:05:43,650 - pymongo.connection - DEBUG - {"message": "Connection checked in", "clientId": {"$oid": "6962785d3127086e3f0188e5"}, "serverHost": "localhost", "serverPort": 27017, "driverConnectionId": 1}
2026-01-10 18:05:43,650 - __main__ - INFO - Response - Intent: Intent.QUESTION, Escalate: False
2026-01-10 18:05:43,650 - telegram.ext.ExtBot - DEBUG - Calling Bot API endpoint `sendMessage` with parameters `{'chat_id': 1082780340, 'text': 'אנחנו פתוחים מ-10:00 בבוקר עד 19:00 בערב, כל יום! נשמח לראותך 🙂'}`
2026-01-10 18:05:43,651 - httpcore.http11 - DEBUG - send_request_headers.started request=<Request [b'POST']>
2026-01-10 18:05:43,651 - httpcore.http11 - DEBUG - send_request_headers.complete
2026-01-10 18:05:43,651 - httpcore.http11 - DEBUG - send_request_body.started request=<Request [b'POST']>
2026-01-10 18:05:43,651 - httpcore.http11 - DEBUG - send_request_body.complete
2026-01-10 18:05:43,652 - httpcore.http11 - DEBUG - receive_response_headers.started request=<Request [b'POST']>
2026-01-10 18:05:43,754 - httpcore.http11 - DEBUG - receive_response_headers.complete return_value=(b'HTTP/1.1', 200, b'OK', [(b'Server', b'nginx/1.18.0'), (b'Date', b'Sat, 10 Jan 2026 16:05:43 GMT'), (b'Content-Type', b'application/json'), (b'Content-Length', b'504'), (b'Connection', b'keep-alive'), (b'Strict-Transport-Security', b'max-age=31536000; includeSubDomains; preload'), (b'Access-Control-Allow-Origin', b'*'), (b'Access-Control-Allow-Methods', b'GET, POST, OPTIONS'), (b'Access-Control-Expose-Headers', b'Content-Length,Content-Type,Date,Server,Connection')])
2026-01-10 18:05:43,755 - httpx - INFO - HTTP Request: POST https://api.telegram.org/bot8490932438:AAFVy70Urq5Cj0h7gUKJbECBv3z9-apYZtM/sendMessage "HTTP/1.1 200 OK"
2026-01-10 18:05:43,755 - httpcore.http11 - DEBUG - receive_response_body.started request=<Request [b'POST']>
2026-01-10 18:05:43,755 - httpcore.http11 - DEBUG - receive_response_body.complete
2026-01-10 18:05:43,755 - httpcore.http11 - DEBUG - response_closed.started
2026-01-10 18:05:43,756 - httpcore.http11 - DEBUG - response_closed.complete
2026-01-10 18:05:43,756 - telegram.ext.ExtBot - DEBUG - Call to Bot API endpoint `sendMessage` finished with return value `{'message_id': 205, 'from': {'id': 8490932438, 'is_bot': True, 'first_name': 'ne', 'username': 'pulluptestbot'}, 'chat': {'id': 1082780340, 'first_name': 'yaron', 'username': 'yaronfeldboy', 'type': 'private'}, 'date': 1768061143, 'text': 'אנחנו פתוחים מ-10:00 בבוקר עד 19:00 בערב, כל יום! נשמח לראותך 🙂'}`
2026-01-10 18:05:43,768 - pymongo.topology - DEBUG - {"message": "Server heartbeat succeeded", "topologyId": {"$oid": "6962785d3127086e3f0188e5"}, "driverConnectionId": 1, "serverConnectionId": 221, "serverHost": "localhost", "serverPort": 27017, "awaited": true, "durationMS": 10040.653584059328, "reply": "{\"isWritablePrimary\": true, \"topologyVersion\": {\"processId\": {\"$oid\": \"695c03b553e27f5a444409fe\"}}, \"maxBsonObjectSize\": 16777216, \"maxMessageSizeBytes\": 48000000, \"maxWriteBatchSize\": 100000, \"localTime\": {\"$date\": \"2026-01-10T16:05:43.767Z\"}, \"logicalSessionTimeoutMinutes\": 30, \"connectionId\": 221, \"maxWireVersion\": 27, \"ok\": 1.0}"}
2026-01-10 18:05:43,769 - pymongo.topology - DEBUG - {"message": "Server heartbeat started", "topologyId": {"$oid": "6962785d3127086e3f0188e5"}, "driverConnectionId": 1, "serverConnectionId": 221, "serverHost": "localhost", "serverPort": 27017, "awaited": true}
2026-01-10 18:05:48,929 - httpcore.http11 - DEBUG - receive_response_headers.complete return_value=(b'HTTP/1.1', 200, b'OK', [(b'Server', b'nginx/1.18.0'), (b'Date', b'Sat, 10 Jan 2026 16:05:48 GMT'), (b'Content-Type', b'application/json'), (b'Content-Length', b'331'), (b'Connection', b'keep-alive'), (b'Strict-Transport-Security', b'max-age=31536000; includeSubDomains; preload'), (b'Access-Control-Allow-Origin', b'*'), (b'Access-Control-Allow-Methods', b'GET, POST, OPTIONS'), (b'Access-Control-Expose-Headers', b'Content-Length,Content-Type,Date,Server,Connection')])
2026-01-10 18:05:48,930 - httpx - INFO - HTTP Request: POST https://api.telegram.org/bot8490932438:AAFVy70Urq5Cj0h7gUKJbECBv3z9-apYZtM/getUpdates "HTTP/1.1 200 OK"
2026-01-10 18:05:48,930 - httpcore.http11 - DEBUG - receive_response_body.started request=<Request [b'POST']>
2026-01-10 18:05:48,930 - httpcore.http11 - DEBUG - receive_response_body.complete
2026-01-10 18:05:48,931 - httpcore.http11 - DEBUG - response_closed.started
2026-01-10 18:05:48,931 - httpcore.http11 - DEBUG - response_closed.complete
2026-01-10 18:05:48,931 - telegram.ext.ExtBot - DEBUG - Call to Bot API endpoint `getUpdates` finished with return value `[{'update_id': 328648461, 'message': {'message_id': 206, 'from': {'id': 1082780340, 'is_bot': False, 'first_name': 'yaron', 'username': 'yaronfeldboy', 'language_code': 'en'}, 'chat': {'id': 1082780340, 'first_name': 'yaron', 'username': 'yaronfeldboy', 'type': 'private'}, 'date': 1768061148, 'text': 'מטורף'}}]`
2026-01-10 18:05:48,931 - telegram.ext.ExtBot - DEBUG - Getting updates: [328648461]
2026-01-10 18:05:48,932 - telegram.ext.Application - DEBUG - Processing update Update(message=Message(channel_chat_created=False, chat=Chat(first_name='yaron', id=1082780340, type=<ChatType.PRIVATE>, username='yaronfeldboy'), date=datetime.datetime(2026, 1, 10, 16, 5, 48, tzinfo=datetime.timezone.utc), delete_chat_photo=False, from_user=User(first_name='yaron', id=1082780340, is_bot=False, language_code='en', username='yaronfeldboy'), group_chat_created=False, message_id=206, supergroup_chat_created=False, text='מטורף'), update_id=328648461)
2026-01-10 18:05:48,932 - __main__ - INFO - Message from 1082780340 (yaron): מטורף
2026-01-10 18:05:48,933 - pymongo.serverSelection - DEBUG - {"message": "Server selection started", "selector": "Primary()", "operation": "find", "topologyDescription": "<TopologyDescription id: 6962785d3127086e3f0188e5, topology_type: Single, servers: [<ServerDescription ('localhost', 27017) server_type: Standalone, rtt: 0.0010279089212417603>]>", "clientId": {"$oid": "6962785d3127086e3f0188e5"}}
2026-01-10 18:05:48,933 - pymongo.serverSelection - DEBUG - {"message": "Server selection succeeded", "selector": "Primary()", "operation": "find", "topologyDescription": "<TopologyDescription id: 6962785d3127086e3f0188e5, topology_type: Single, servers: [<ServerDescription ('localhost', 27017) server_type: Standalone, rtt: 0.0010279089212417603>]>", "clientId": {"$oid": "6962785d3127086e3f0188e5"}, "serverHost": "localhost", "serverPort": 27017}
2026-01-10 18:05:48,933 - pymongo.connection - DEBUG - {"message": "Connection checkout started", "clientId": {"$oid": "6962785d3127086e3f0188e5"}, "serverHost": "localhost", "serverPort": 27017}
2026-01-10 18:05:48,933 - telegram.ext.ExtBot - DEBUG - Calling Bot API endpoint `getUpdates` with parameters `{'timeout': datetime.timedelta(seconds=10), 'offset': 328648462, 'allowed_updates': [<UpdateType.MESSAGE>, <UpdateType.EDITED_MESSAGE>, <UpdateType.CHANNEL_POST>, <UpdateType.EDITED_CHANNEL_POST>, <UpdateType.INLINE_QUERY>, <UpdateType.CHOSEN_INLINE_RESULT>, <UpdateType.CALLBACK_QUERY>, <UpdateType.SHIPPING_QUERY>, <UpdateType.PRE_CHECKOUT_QUERY>, <UpdateType.POLL>, <UpdateType.POLL_ANSWER>, <UpdateType.MY_CHAT_MEMBER>, <UpdateType.CHAT_MEMBER>, <UpdateType.CHAT_JOIN_REQUEST>, <UpdateType.CHAT_BOOST>, <UpdateType.REMOVED_CHAT_BOOST>, <UpdateType.MESSAGE_REACTION>, <UpdateType.MESSAGE_REACTION_COUNT>, <UpdateType.BUSINESS_CONNECTION>, <UpdateType.BUSINESS_MESSAGE>, <UpdateType.EDITED_BUSINESS_MESSAGE>, <UpdateType.DELETED_BUSINESS_MESSAGES>, <UpdateType.PURCHASED_PAID_MEDIA>]}`
2026-01-10 18:05:48,933 - pymongo.connection - DEBUG - {"message": "Connection checked out", "clientId": {"$oid": "6962785d3127086e3f0188e5"}, "serverHost": "localhost", "serverPort": 27017, "driverConnectionId": 1, "durationMS": 0.00033525004982948303}
2026-01-10 18:05:48,934 - pymongo.command - DEBUG - {"message": "Command started", "clientId": {"$oid": "6962785d3127086e3f0188e5"}, "command": "{\"find\": \"customers\", \"filter\": {\"telegram_id\": 1082780340}, \"limit\": 1, \"singleBatch\": true, \"lsid\": {\"id\": {\"$binary\": {\"base64\": \"LdgkyGwRQQSyWrdfSzU/Gg==\", \"subType\": \"04\"}}}, \"$db\": \"gym_ai\"}", "commandName": "find", "databaseName": "gym_ai", "requestId": 1998097157, "operationId": 1998097157, "driverConnectionId": 1, "serverConnectionId": 223, "serverHost": "localhost", "serverPort": 27017}
2026-01-10 18:05:48,935 - httpcore.http11 - DEBUG - send_request_headers.started request=<Request [b'POST']>
2026-01-10 18:05:48,935 - httpcore.http11 - DEBUG - send_request_headers.complete
2026-01-10 18:05:48,935 - httpcore.http11 - DEBUG - send_request_body.started request=<Request [b'POST']>
2026-01-10 18:05:48,935 - httpcore.http11 - DEBUG - send_request_body.complete
2026-01-10 18:05:48,936 - httpcore.http11 - DEBUG - receive_response_headers.started request=<Request [b'POST']>
2026-01-10 18:05:48,936 - pymongo.command - DEBUG - {"message": "Command succeeded", "clientId": {"$oid": "6962785d3127086e3f0188e5"}, "durationMS": 1.407, "reply": "{\"cursor\": {\"firstBatch\": [{\"_id\": \"eab9a009-aeea-4285-bffd-5754e7f38a29\", \"id\": \"eab9a009-aeea-4285-bffd-5754e7f38a29\", \"crm_id\": \"TEST-1082780340\", \"telegram_id\": 1082780340, \"first_name\": \"yaron\", \"last_name\": \"AdminEdit\", \"phone\": \"000-1082780340\", \"status\": \"active\", \"membership_type\": \"monthly\", \"membership_start_date\": \"2026-01-10\", \"membership_end_date\": \"2026-02-09\", \"last_visit\": \"2026-01-10T17:00:08.478218\", \"health_score\": 99, \"preferred_language\": \"he\", \"created_at\": {\"$date\": \"2026-01-10T17:00:08.478Z\"}}], \"ns\": \"gym_ai.customers\"}, \"ok\": 1.0}", "commandName": "find", "databaseName": "gym_ai", "requestId": 1998097157, "operationId": 1998097157, "driverConnectionId": 1, "serverConnectionId": 223, "serverHost": "localhost", "serverPort": 27017}
2026-01-10 18:05:48,936 - pymongo.connection - DEBUG - {"message": "Connection checked in", "clientId": {"$oid": "6962785d3127086e3f0188e5"}, "serverHost": "localhost", "serverPort": 27017, "driverConnectionId": 1}
2026-01-10 18:05:48,937 - telegram.ext.ExtBot - DEBUG - Calling Bot API endpoint `sendChatAction` with parameters `{'chat_id': 1082780340, 'action': 'typing'}`
2026-01-10 18:05:48,937 - httpcore.connection - DEBUG - close.started
2026-01-10 18:05:48,937 - httpcore.connection - DEBUG - close.complete
2026-01-10 18:05:48,937 - httpcore.connection - DEBUG - connect_tcp.started host='api.telegram.org' port=443 local_address=None timeout=5.0 socket_options=None
2026-01-10 18:05:49,015 - httpcore.connection - DEBUG - connect_tcp.complete return_value=<httpcore._backends.anyio.AnyIOStream object at 0x10bb0e650>
2026-01-10 18:05:49,016 - httpcore.connection - DEBUG - start_tls.started ssl_context=<ssl.SSLContext object at 0x10b82f0b0> server_hostname='api.telegram.org' timeout=5.0
2026-01-10 18:05:49,096 - httpcore.connection - DEBUG - start_tls.complete return_value=<httpcore._backends.anyio.AnyIOStream object at 0x10bb0d4d0>
2026-01-10 18:05:49,097 - httpcore.http11 - DEBUG - send_request_headers.started request=<Request [b'POST']>
2026-01-10 18:05:49,097 - httpcore.http11 - DEBUG - send_request_headers.complete
2026-01-10 18:05:49,097 - httpcore.http11 - DEBUG - send_request_body.started request=<Request [b'POST']>
2026-01-10 18:05:49,098 - httpcore.http11 - DEBUG - send_request_body.complete
2026-01-10 18:05:49,098 - httpcore.http11 - DEBUG - receive_response_headers.started request=<Request [b'POST']>
2026-01-10 18:05:49,178 - httpcore.http11 - DEBUG - receive_response_headers.complete return_value=(b'HTTP/1.1', 200, b'OK', [(b'Server', b'nginx/1.18.0'), (b'Date', b'Sat, 10 Jan 2026 16:05:49 GMT'), (b'Content-Type', b'application/json'), (b'Content-Length', b'25'), (b'Connection', b'keep-alive'), (b'Strict-Transport-Security', b'max-age=31536000; includeSubDomains; preload'), (b'Access-Control-Allow-Origin', b'*'), (b'Access-Control-Allow-Methods', b'GET, POST, OPTIONS'), (b'Access-Control-Expose-Headers', b'Content-Length,Content-Type,Date,Server,Connection')])
2026-01-10 18:05:49,179 - httpx - INFO - HTTP Request: POST https://api.telegram.org/bot8490932438:AAFVy70Urq5Cj0h7gUKJbECBv3z9-apYZtM/sendChatAction "HTTP/1.1 200 OK"
2026-01-10 18:05:49,179 - httpcore.http11 - DEBUG - receive_response_body.started request=<Request [b'POST']>
2026-01-10 18:05:49,179 - httpcore.http11 - DEBUG - receive_response_body.complete
2026-01-10 18:05:49,180 - httpcore.http11 - DEBUG - response_closed.started
2026-01-10 18:05:49,180 - httpcore.http11 - DEBUG - response_closed.complete
2026-01-10 18:05:49,180 - telegram.ext.ExtBot - DEBUG - Call to Bot API endpoint `sendChatAction` finished with return value `True`
2026-01-10 18:05:49,181 - pymongo.serverSelection - DEBUG - {"message": "Server selection started", "selector": "Primary()", "operation": "find", "topologyDescription": "<TopologyDescription id: 6962785d3127086e3f0188e5, topology_type: Single, servers: [<ServerDescription ('localhost', 27017) server_type: Standalone, rtt: 0.0010279089212417603>]>", "clientId": {"$oid": "6962785d3127086e3f0188e5"}}
2026-01-10 18:05:49,181 - pymongo.serverSelection - DEBUG - {"message": "Server selection succeeded", "selector": "Primary()", "operation": "find", "topologyDescription": "<TopologyDescription id: 6962785d3127086e3f0188e5, topology_type: Single, servers: [<ServerDescription ('localhost', 27017) server_type: Standalone, rtt: 0.0010279089212417603>]>", "clientId": {"$oid": "6962785d3127086e3f0188e5"}, "serverHost": "localhost", "serverPort": 27017}
2026-01-10 18:05:49,181 - pymongo.connection - DEBUG - {"message": "Connection checkout started", "clientId": {"$oid": "6962785d3127086e3f0188e5"}, "serverHost": "localhost", "serverPort": 27017}
2026-01-10 18:05:49,182 - pymongo.connection - DEBUG - {"message": "Connection checked out", "clientId": {"$oid": "6962785d3127086e3f0188e5"}, "serverHost": "localhost", "serverPort": 27017, "driverConnectionId": 1, "durationMS": 0.0001371661201119423}
2026-01-10 18:05:49,182 - pymongo.command - DEBUG - {"message": "Command started", "clientId": {"$oid": "6962785d3127086e3f0188e5"}, "command": "{\"find\": \"conversations\", \"filter\": {\"customer_id\": \"eab9a009-aeea-4285-bffd-5754e7f38a29\", \"channel\": \"telegram\", \"status\": \"active\"}, \"limit\": 1, \"singleBatch\": true, \"lsid\": {\"id\": {\"$binary\": {\"base64\": \"LdgkyGwRQQSyWrdfSzU/Gg==\", \"subType\": \"04\"}}}, \"$db\": \"gym_ai\"}", "commandName": "find", "databaseName": "gym_ai", "requestId": 1817129560, "operationId": 1817129560, "driverConnectionId": 1, "serverConnectionId": 223, "serverHost": "localhost", "serverPort": 27017}
2026-01-10 18:05:49,183 - pymongo.command - DEBUG - {"message": "Command succeeded", "clientId": {"$oid": "6962785d3127086e3f0188e5"}, "durationMS": 1.601, "reply": "{\"cursor\": {\"firstBatch\": [{\"_id\": \"daafb0ae-67ab-4dea-bad4-0f9793970f88\", \"customer_id\": \"eab9a009-aeea-4285-bffd-5754e7f38a29\", \"channel\": \"telegram\", \"status\": \"active\", \"started_at\": {\"$date\": \"2026-01-10T17:00:44.097Z\"}, \"last_message_at\": {\"$date\": \"2026-01-10T18:05:43.643Z\"}, \"unanswered_count\": 1}], \"ns\": \"gym_ai.conversations\"}, \"ok\": 1.0}", "commandName": "find", "databaseName": "gym_ai", "requestId": 1817129560, "operationId": 1817129560, "driverConnectionId": 1, "serverConnectionId": 223, "serverHost": "localhost", "serverPort": 27017}
2026-01-10 18:05:49,184 - pymongo.connection - DEBUG - {"message": "Connection checked in", "clientId": {"$oid": "6962785d3127086e3f0188e5"}, "serverHost": "localhost", "serverPort": 27017, "driverConnectionId": 1}
2026-01-10 18:05:49,184 - pymongo.serverSelection - DEBUG - {"message": "Server selection started", "selector": "<function writable_server_selector at 0x1056418a0>", "operation": "insert", "topologyDescription": "<TopologyDescription id: 6962785d3127086e3f0188e5, topology_type: Single, servers: [<ServerDescription ('localhost', 27017) server_type: Standalone, rtt: 0.0010279089212417603>]>", "clientId": {"$oid": "6962785d3127086e3f0188e5"}}
2026-01-10 18:05:49,185 - pymongo.serverSelection - DEBUG - {"message": "Server selection succeeded", "selector": "<function writable_server_selector at 0x1056418a0>", "operation": "insert", "topologyDescription": "<TopologyDescription id: 6962785d3127086e3f0188e5, topology_type: Single, servers: [<ServerDescription ('localhost', 27017) server_type: Standalone, rtt: 0.0010279089212417603>]>", "clientId": {"$oid": "6962785d3127086e3f0188e5"}, "serverHost": "localhost", "serverPort": 27017}
2026-01-10 18:05:49,185 - pymongo.connection - DEBUG - {"message": "Connection checkout started", "clientId": {"$oid": "6962785d3127086e3f0188e5"}, "serverHost": "localhost", "serverPort": 27017}
2026-01-10 18:05:49,185 - pymongo.connection - DEBUG - {"message": "Connection checked out", "clientId": {"$oid": "6962785d3127086e3f0188e5"}, "serverHost": "localhost", "serverPort": 27017, "driverConnectionId": 1, "durationMS": 0.00011441577225923538}
2026-01-10 18:05:49,185 - pymongo.command - DEBUG - {"message": "Command started", "clientId": {"$oid": "6962785d3127086e3f0188e5"}, "command": "{\"insert\": \"messages\", \"ordered\": true, \"lsid\": {\"id\": {\"$binary\": {\"base64\": \"LdgkyGwRQQSyWrdfSzU/Gg==\", \"subType\": \"04\"}}}, \"$db\": \"gym_ai\", \"documents\": [{\"_id\": \"348c93da-deee-43dc-b543-1df895c327fc\", \"conversation_id\": \"daafb0ae-67ab-4dea-bad4-0f9793970f88\", \"direction\": \"inbound\", \"content\": \"\\u05de\\u05d8\\u05d5\\u05e8\\u05e3\", \"created_at\": {\"$date\": \"2026-01-10T18:05:49.184Z\"}}]}", "commandName": "insert", "databaseName": "gym_ai", "requestId": 1131570933, "operationId": 1131570933, "driverConnectionId": 1, "serverConnectionId": 223, "serverHost": "localhost", "serverPort": 27017}
2026-01-10 18:05:49,186 - pymongo.command - DEBUG - {"message": "Command succeeded", "clientId": {"$oid": "6962785d3127086e3f0188e5"}, "durationMS": 0.9510000000000001, "reply": "{\"n\": 1, \"ok\": 1.0}", "commandName": "insert", "databaseName": "gym_ai", "requestId": 1131570933, "operationId": 1131570933, "driverConnectionId": 1, "serverConnectionId": 223, "serverHost": "localhost", "serverPort": 27017}
2026-01-10 18:05:49,186 - pymongo.connection - DEBUG - {"message": "Connection checked in", "clientId": {"$oid": "6962785d3127086e3f0188e5"}, "serverHost": "localhost", "serverPort": 27017, "driverConnectionId": 1}
2026-01-10 18:05:49,187 - pymongo.serverSelection - DEBUG - {"message": "Server selection started", "selector": "<function writable_server_selector at 0x1056418a0>", "operation": "update", "topologyDescription": "<TopologyDescription id: 6962785d3127086e3f0188e5, topology_type: Single, servers: [<ServerDescription ('localhost', 27017) server_type: Standalone, rtt: 0.0010279089212417603>]>", "clientId": {"$oid": "6962785d3127086e3f0188e5"}}
2026-01-10 18:05:49,187 - pymongo.serverSelection - DEBUG - {"message": "Server selection succeeded", "selector": "<function writable_server_selector at 0x1056418a0>", "operation": "update", "topologyDescription": "<TopologyDescription id: 6962785d3127086e3f0188e5, topology_type: Single, servers: [<ServerDescription ('localhost', 27017) server_type: Standalone, rtt: 0.0010279089212417603>]>", "clientId": {"$oid": "6962785d3127086e3f0188e5"}, "serverHost": "localhost", "serverPort": 27017}
2026-01-10 18:05:49,187 - pymongo.connection - DEBUG - {"message": "Connection checkout started", "clientId": {"$oid": "6962785d3127086e3f0188e5"}, "serverHost": "localhost", "serverPort": 27017}
2026-01-10 18:05:49,187 - pymongo.connection - DEBUG - {"message": "Connection checked out", "clientId": {"$oid": "6962785d3127086e3f0188e5"}, "serverHost": "localhost", "serverPort": 27017, "driverConnectionId": 1, "durationMS": 9.970786049962044e-05}
2026-01-10 18:05:49,187 - pymongo.command - DEBUG - {"message": "Command started", "clientId": {"$oid": "6962785d3127086e3f0188e5"}, "command": "{\"update\": \"conversations\", \"ordered\": true, \"lsid\": {\"id\": {\"$binary\": {\"base64\": \"LdgkyGwRQQSyWrdfSzU/Gg==\", \"subType\": \"04\"}}}, \"$db\": \"gym_ai\", \"updates\": [{\"q\": {\"_id\": \"daafb0ae-67ab-4dea-bad4-0f9793970f88\"}, \"u\": {\"$set\": {\"last_message_at\": {\"$date\": \"2026-01-10T18:05:49.184Z\"}}}}]}", "commandName": "update", "databaseName": "gym_ai", "requestId": 197493099, "operationId": 197493099, "driverConnectionId": 1, "serverConnectionId": 223, "serverHost": "localhost", "serverPort": 27017}
2026-01-10 18:05:49,188 - pymongo.command - DEBUG - {"message": "Command succeeded", "clientId": {"$oid": "6962785d3127086e3f0188e5"}, "durationMS": 0.907, "reply": "{\"n\": 1, \"nModified\": 1, \"ok\": 1.0}", "commandName": "update", "databaseName": "gym_ai", "requestId": 197493099, "operationId": 197493099, "driverConnectionId": 1, "serverConnectionId": 223, "serverHost": "localhost", "serverPort": 27017}
2026-01-10 18:05:49,188 - pymongo.connection - DEBUG - {"message": "Connection checked in", "clientId": {"$oid": "6962785d3127086e3f0188e5"}, "serverHost": "localhost", "serverPort": 27017, "driverConnectionId": 1}
2026-01-10 18:05:49,189 - pymongo.serverSelection - DEBUG - {"message": "Server selection started", "selector": "Primary()", "operation": "find", "topologyDescription": "<TopologyDescription id: 6962785d3127086e3f0188e5, topology_type: Single, servers: [<ServerDescription ('localhost', 27017) server_type: Standalone, rtt: 0.0010279089212417603>]>", "clientId": {"$oid": "6962785d3127086e3f0188e5"}}
2026-01-10 18:05:49,189 - pymongo.serverSelection - DEBUG - {"message": "Server selection succeeded", "selector": "Primary()", "operation": "find", "topologyDescription": "<TopologyDescription id: 6962785d3127086e3f0188e5, topology_type: Single, servers: [<ServerDescription ('localhost', 27017) server_type: Standalone, rtt: 0.0010279089212417603>]>", "clientId": {"$oid": "6962785d3127086e3f0188e5"}, "serverHost": "localhost", "serverPort": 27017}
2026-01-10 18:05:49,189 - pymongo.connection - DEBUG - {"message": "Connection checkout started", "clientId": {"$oid": "6962785d3127086e3f0188e5"}, "serverHost": "localhost", "serverPort": 27017}
2026-01-10 18:05:49,189 - pymongo.connection - DEBUG - {"message": "Connection checked out", "clientId": {"$oid": "6962785d3127086e3f0188e5"}, "serverHost": "localhost", "serverPort": 27017, "driverConnectionId": 1, "durationMS": 0.00010945787653326988}
2026-01-10 18:05:49,189 - pymongo.command - DEBUG - {"message": "Command started", "clientId": {"$oid": "6962785d3127086e3f0188e5"}, "command": "{\"find\": \"messages\", \"filter\": {\"conversation_id\": \"daafb0ae-67ab-4dea-bad4-0f9793970f88\"}, \"sort\": {\"created_at\": -1}, \"limit\": 10, \"lsid\": {\"id\": {\"$binary\": {\"base64\": \"LdgkyGwRQQSyWrdfSzU/Gg==\", \"subType\": \"04\"}}}, \"$db\": \"gym_ai\"}", "commandName": "find", "databaseName": "gym_ai", "requestId": 1404280278, "operationId": 1404280278, "driverConnectionId": 1, "serverConnectionId": 223, "serverHost": "localhost", "serverPort": 27017}
2026-01-10 18:05:49,191 - pymongo.command - DEBUG - {"message": "Command succeeded", "clientId": {"$oid": "6962785d3127086e3f0188e5"}, "durationMS": 1.227, "reply": "{\"cursor\": {\"firstBatch\": [{\"_id\": \"348c93da-deee-43dc-b543-1df895c327fc\", \"conversation_id\": \"daafb0ae-67ab-4dea-bad4-0f9793970f88\", \"direction\": \"inbound\", \"content\": \"\u05de\u05d8\u05d5\u05e8\u05e3\", \"created_at\": {\"$date\": \"2026-01-10T18:05:49.184Z\"}}, {\"_id\": \"536a1e76-cf27-483e-9eb9-4d6a12b2efe3\", \"conversation_id\": \"daafb0ae-67ab-4dea-bad4-0f9793970f88\", \"direction\": \"outbound\", \"content\": \"\u05d0\u05e0\u05d7\u05e0\u05d5 \u05e4\u05ea\u05d5\u05d7\u05d9\u05dd \u05de-10:00 \u05d1\u05d1\u05d5\u05e7\u05e8 \u05e2\u05d3 19:00 \u05d1\u05e2\u05e8\u05d1, \u05db\u05dc \u05d9\u05d5\u05dd! \u05e0\u05e9\u05de\u05d7 \u05dc\u05e8\u05d0\u05d5\u05ea\u05da \ud83d\ude42\", \"intent\": \"question\", \"agent_type\": \"orchestrator\", \"created_at\": {\"$date\": \"2026-01-10T18:05:43.643Z\"}}, {\"_id\": \"276f5085-abad-482e-8e3b-75343da44133\", \"conversation_id\": \"daafb0ae-67ab-4dea-bad4-0f9793970f88\", \"direction\": \"inbound\", \"content\": \"\u05d0\u05d9\u05d6\u05d4 \u05e9\u05e2\u05d5\u05ea \u05d0\u05ea\u05dd \u05e4\u05ea...", "commandName": "find", "databaseName": "gym_ai", "requestId": 1404280278, "operationId": 1404280278, "driverConnectionId": 1, "serverConnectionId": 223, "serverHost": "localhost", "serverPort": 27017}
2026-01-10 18:05:49,191 - pymongo.connection - DEBUG - {"message": "Connection checked in", "clientId": {"$oid": "6962785d3127086e3f0188e5"}, "serverHost": "localhost", "serverPort": 27017, "driverConnectionId": 1}
2026-01-10 18:05:49,195 - pymongo.serverSelection - DEBUG - {"message": "Server selection started", "selector": "Primary()", "operation": "find", "topologyDescription": "<TopologyDescription id: 6962785d3127086e3f0188e5, topology_type: Single, servers: [<ServerDescription ('localhost', 27017) server_type: Standalone, rtt: 0.0010279089212417603>]>", "clientId": {"$oid": "6962785d3127086e3f0188e5"}}
2026-01-10 18:05:49,195 - pymongo.serverSelection - DEBUG - {"message": "Server selection succeeded", "selector": "Primary()", "operation": "find", "topologyDescription": "<TopologyDescription id: 6962785d3127086e3f0188e5, topology_type: Single, servers: [<ServerDescription ('localhost', 27017) server_type: Standalone, rtt: 0.0010279089212417603>]>", "clientId": {"$oid": "6962785d3127086e3f0188e5"}, "serverHost": "localhost", "serverPort": 27017}
2026-01-10 18:05:49,195 - pymongo.connection - DEBUG - {"message": "Connection checkout started", "clientId": {"$oid": "6962785d3127086e3f0188e5"}, "serverHost": "localhost", "serverPort": 27017}
2026-01-10 18:05:49,196 - pymongo.connection - DEBUG - {"message": "Connection checked out", "clientId": {"$oid": "6962785d3127086e3f0188e5"}, "serverHost": "localhost", "serverPort": 27017, "driverConnectionId": 1, "durationMS": 0.0002076667733490467}
2026-01-10 18:05:49,196 - pymongo.command - DEBUG - {"message": "Command started", "clientId": {"$oid": "6962785d3127086e3f0188e5"}, "command": "{\"find\": \"system_config\", \"filter\": {\"key\": \"system_prompt\"}, \"limit\": 1, \"singleBatch\": true, \"lsid\": {\"id\": {\"$binary\": {\"base64\": \"LdgkyGwRQQSyWrdfSzU/Gg==\", \"subType\": \"04\"}}}, \"$db\": \"gym_ai\"}", "commandName": "find", "databaseName": "gym_ai", "requestId": 893351816, "operationId": 893351816, "driverConnectionId": 1, "serverConnectionId": 223, "serverHost": "localhost", "serverPort": 27017}
2026-01-10 18:05:49,197 - pymongo.command - DEBUG - {"message": "Command succeeded", "clientId": {"$oid": "6962785d3127086e3f0188e5"}, "durationMS": 0.78, "reply": "{\"cursor\": {\"firstBatch\": [{\"_id\": {\"$oid\": \"6962701e53e27f5a44440a02\"}, \"key\": \"system_prompt\", \"updated_at\": {\"$date\": \"2026-01-10T16:05:23.358Z\"}, \"updated_by\": \"admin\", \"value\": \"You are a gym assistant. \\u05e9\\u05e2\\u05d5\\u05ea \\u05e4\\u05e2\\u05d9\\u05dc\\u05d5\\u05ea \\u05d4\\u05df \\u05de10- 19\\n\\u05db\\u05dc \\u05d9\\u05d5\\u05dd\"}], \"ns\": \"gym_ai.system_config\"}, \"ok\": 1.0}", "commandName": "find", "databaseName": "gym_ai", "requestId": 893351816, "operationId": 893351816, "driverConnectionId": 1, "serverConnectionId": 223, "serverHost": "localhost", "serverPort": 27017}
2026-01-10 18:05:49,197 - pymongo.connection - DEBUG - {"message": "Connection checked in", "clientId": {"$oid": "6962785d3127086e3f0188e5"}, "serverHost": "localhost", "serverPort": 27017, "driverConnectionId": 1}
2026-01-10 18:05:49,202 - httpcore.connection - DEBUG - close.started
2026-01-10 18:05:49,202 - httpcore.connection - DEBUG - close.complete
2026-01-10 18:05:49,202 - httpcore.connection - DEBUG - connect_tcp.started host='generativelanguage.googleapis.com' port=443 local_address=None timeout=None socket_options=None
2026-01-10 18:05:49,217 - httpcore.connection - DEBUG - connect_tcp.complete return_value=<httpcore._backends.anyio.AnyIOStream object at 0x10bc41d10>
2026-01-10 18:05:49,217 - httpcore.connection - DEBUG - start_tls.started ssl_context=<ssl.SSLContext object at 0x1077408c0> server_hostname='generativelanguage.googleapis.com' timeout=None
2026-01-10 18:05:49,288 - httpcore.connection - DEBUG - start_tls.complete return_value=<httpcore._backends.anyio.AnyIOStream object at 0x107780590>
2026-01-10 18:05:49,288 - httpcore.http11 - DEBUG - send_request_headers.started request=<Request [b'POST']>
2026-01-10 18:05:49,289 - httpcore.http11 - DEBUG - send_request_headers.complete
2026-01-10 18:05:49,291 - httpcore.http11 - DEBUG - send_request_body.started request=<Request [b'POST']>
2026-01-10 18:05:49,292 - httpcore.http11 - DEBUG - send_request_body.complete
2026-01-10 18:05:49,292 - httpcore.http11 - DEBUG - receive_response_headers.started request=<Request [b'POST']>
2026-01-10 18:05:50,396 - httpcore.http11 - DEBUG - receive_response_headers.complete return_value=(b'HTTP/1.1', 200, b'OK', [(b'Content-Type', b'application/json; charset=UTF-8'), (b'Vary', b'Origin'), (b'Vary', b'X-Origin'), (b'Vary', b'Referer'), (b'Content-Encoding', b'gzip'), (b'Date', b'Sat, 10 Jan 2026 16:05:50 GMT'), (b'Server', b'scaffolding on HTTPServer2'), (b'X-XSS-Protection', b'0'), (b'X-Frame-Options', b'SAMEORIGIN'), (b'X-Content-Type-Options', b'nosniff'), (b'Server-Timing', b'gfet4t7; dur=1082'), (b'Alt-Svc', b'h3=":443"; ma=2592000,h3-29=":443"; ma=2592000'), (b'Transfer-Encoding', b'chunked')])
2026-01-10 18:05:50,397 - httpx - INFO - HTTP Request: POST https://generativelanguage.googleapis.com/v1beta/models/gemini-2.5-flash:generateContent "HTTP/1.1 200 OK"
2026-01-10 18:05:50,397 - httpcore.http11 - DEBUG - receive_response_body.started request=<Request [b'POST']>
2026-01-10 18:05:50,398 - httpcore.http11 - DEBUG - receive_response_body.complete
2026-01-10 18:05:50,398 - httpcore.http11 - DEBUG - response_closed.started
2026-01-10 18:05:50,398 - httpcore.http11 - DEBUG - response_closed.complete
2026-01-10 18:05:50,402 - pymongo.serverSelection - DEBUG - {"message": "Server selection started", "selector": "<function writable_server_selector at 0x1056418a0>", "operation": "insert", "topologyDescription": "<TopologyDescription id: 6962785d3127086e3f0188e5, topology_type: Single, servers: [<ServerDescription ('localhost', 27017) server_type: Standalone, rtt: 0.0010279089212417603>]>", "clientId": {"$oid": "6962785d3127086e3f0188e5"}}
2026-01-10 18:05:50,402 - pymongo.serverSelection - DEBUG - {"message": "Server selection succeeded", "selector": "<function writable_server_selector at 0x1056418a0>", "operation": "insert", "topologyDescription": "<TopologyDescription id: 6962785d3127086e3f0188e5, topology_type: Single, servers: [<ServerDescription ('localhost', 27017) server_type: Standalone, rtt: 0.0010279089212417603>]>", "clientId": {"$oid": "6962785d3127086e3f0188e5"}, "serverHost": "localhost", "serverPort": 27017}
2026-01-10 18:05:50,402 - pymongo.connection - DEBUG - {"message": "Connection checkout started", "clientId": {"$oid": "6962785d3127086e3f0188e5"}, "serverHost": "localhost", "serverPort": 27017}
2026-01-10 18:05:50,403 - pymongo.connection - DEBUG - {"message": "Connection checked out", "clientId": {"$oid": "6962785d3127086e3f0188e5"}, "serverHost": "localhost", "serverPort": 27017, "driverConnectionId": 1, "durationMS": 0.00018800003454089165}
2026-01-10 18:05:50,403 - pymongo.command - DEBUG - {"message": "Command started", "clientId": {"$oid": "6962785d3127086e3f0188e5"}, "command": "{\"insert\": \"messages\", \"ordered\": true, \"lsid\": {\"id\": {\"$binary\": {\"base64\": \"LdgkyGwRQQSyWrdfSzU/Gg==\", \"subType\": \"04\"}}}, \"$db\": \"gym_ai\", \"documents\": [{\"_id\": \"1d73d728-8f0c-492f-83d9-10b32a4cb383\", \"conversation_id\": \"daafb0ae-67ab-4dea-bad4-0f9793970f88\", \"direction\": \"outbound\", \"content\": \"\\u05de\\u05e2\\u05d5\\u05dc\\u05d4! \\u05e9\\u05de\\u05d7\\u05d9\\u05dd \\u05e9\\u05d6\\u05d4 \\u05de\\u05ea\\u05d0\\u05d9\\u05dd \\u05dc\\u05da. \\u05d9\\u05e9 \\u05e2\\u05d5\\u05d3 \\u05de\\u05e9\\u05d4\\u05d5 \\u05e9\\u05d0\\u05d5\\u05db\\u05dc \\u05dc\\u05e2\\u05d6\\u05d5\\u05e8 \\u05d1\\u05d5?\", \"intent\": \"positive\", \"sentiment\": 0.8, \"agent_type\": \"orchestrator\", \"created_at\": {\"$date\": \"2026-01-10T18:05:50.402Z\"}}]}", "commandName": "insert", "databaseName": "gym_ai", "requestId": 1505795335, "operationId": 1505795335, "driverConnectionId": 1, "serverConnectionId": 223, "serverHost": "localhost", "serverPort": 27017}
2026-01-10 18:05:50,404 - pymongo.command - DEBUG - {"message": "Command succeeded", "clientId": {"$oid": "6962785d3127086e3f0188e5"}, "durationMS": 1.302, "reply": "{\"n\": 1, \"ok\": 1.0}", "commandName": "insert", "databaseName": "gym_ai", "requestId": 1505795335, "operationId": 1505795335, "driverConnectionId": 1, "serverConnectionId": 223, "serverHost": "localhost", "serverPort": 27017}
2026-01-10 18:05:50,404 - pymongo.connection - DEBUG - {"message": "Connection checked in", "clientId": {"$oid": "6962785d3127086e3f0188e5"}, "serverHost": "localhost", "serverPort": 27017, "driverConnectionId": 1}
2026-01-10 18:05:50,405 - pymongo.serverSelection - DEBUG - {"message": "Server selection started", "selector": "<function writable_server_selector at 0x1056418a0>", "operation": "update", "topologyDescription": "<TopologyDescription id: 6962785d3127086e3f0188e5, topology_type: Single, servers: [<ServerDescription ('localhost', 27017) server_type: Standalone, rtt: 0.0010279089212417603>]>", "clientId": {"$oid": "6962785d3127086e3f0188e5"}}
2026-01-10 18:05:50,405 - pymongo.serverSelection - DEBUG - {"message": "Server selection succeeded", "selector": "<function writable_server_selector at 0x1056418a0>", "operation": "update", "topologyDescription": "<TopologyDescription id: 6962785d3127086e3f0188e5, topology_type: Single, servers: [<ServerDescription ('localhost', 27017) server_type: Standalone, rtt: 0.0010279089212417603>]>", "clientId": {"$oid": "6962785d3127086e3f0188e5"}, "serverHost": "localhost", "serverPort": 27017}
2026-01-10 18:05:50,405 - pymongo.connection - DEBUG - {"message": "Connection checkout started", "clientId": {"$oid": "6962785d3127086e3f0188e5"}, "serverHost": "localhost", "serverPort": 27017}
2026-01-10 18:05:50,405 - pymongo.connection - DEBUG - {"message": "Connection checked out", "clientId": {"$oid": "6962785d3127086e3f0188e5"}, "serverHost": "localhost", "serverPort": 27017, "driverConnectionId": 1, "durationMS": 9.187497198581696e-05}
2026-01-10 18:05:50,405 - pymongo.command - DEBUG - {"message": "Command started", "clientId": {"$oid": "6962785d3127086e3f0188e5"}, "command": "{\"update\": \"conversations\", \"ordered\": true, \"lsid\": {\"id\": {\"$binary\": {\"base64\": \"LdgkyGwRQQSyWrdfSzU/Gg==\", \"subType\": \"04\"}}}, \"$db\": \"gym_ai\", \"updates\": [{\"q\": {\"_id\": \"daafb0ae-67ab-4dea-bad4-0f9793970f88\"}, \"u\": {\"$set\": {\"last_message_at\": {\"$date\": \"2026-01-10T18:05:50.402Z\"}}, \"$inc\": {\"unanswered_count\": 1}}}]}", "commandName": "update", "databaseName": "gym_ai", "requestId": 1954899097, "operationId": 1954899097, "driverConnectionId": 1, "serverConnectionId": 223, "serverHost": "localhost", "serverPort": 27017}
2026-01-10 18:05:50,406 - pymongo.command - DEBUG - {"message": "Command succeeded", "clientId": {"$oid": "6962785d3127086e3f0188e5"}, "durationMS": 1.0430000000000001, "reply": "{\"n\": 1, \"nModified\": 1, \"ok\": 1.0}", "commandName": "update", "databaseName": "gym_ai", "requestId": 1954899097, "operationId": 1954899097, "driverConnectionId": 1, "serverConnectionId": 223, "serverHost": "localhost", "serverPort": 27017}
2026-01-10 18:05:50,407 - pymongo.connection - DEBUG - {"message": "Connection checked in", "clientId": {"$oid": "6962785d3127086e3f0188e5"}, "serverHost": "localhost", "serverPort": 27017, "driverConnectionId": 1}
2026-01-10 18:05:50,407 - pymongo.serverSelection - DEBUG - {"message": "Server selection started", "selector": "<function writable_server_selector at 0x1056418a0>", "operation": "insert", "topologyDescription": "<TopologyDescription id: 6962785d3127086e3f0188e5, topology_type: Single, servers: [<ServerDescription ('localhost', 27017) server_type: Standalone, rtt: 0.0010279089212417603>]>", "clientId": {"$oid": "6962785d3127086e3f0188e5"}}
2026-01-10 18:05:50,407 - pymongo.serverSelection - DEBUG - {"message": "Server selection succeeded", "selector": "<function writable_server_selector at 0x1056418a0>", "operation": "insert", "topologyDescription": "<TopologyDescription id: 6962785d3127086e3f0188e5, topology_type: Single, servers: [<ServerDescription ('localhost', 27017) server_type: Standalone, rtt: 0.0010279089212417603>]>", "clientId": {"$oid": "6962785d3127086e3f0188e5"}, "serverHost": "localhost", "serverPort": 27017}
2026-01-10 18:05:50,407 - pymongo.connection - DEBUG - {"message": "Connection checkout started", "clientId": {"$oid": "6962785d3127086e3f0188e5"}, "serverHost": "localhost", "serverPort": 27017}
2026-01-10 18:05:50,407 - pymongo.connection - DEBUG - {"message": "Connection checked out", "clientId": {"$oid": "6962785d3127086e3f0188e5"}, "serverHost": "localhost", "serverPort": 27017, "driverConnectionId": 1, "durationMS": 8.32919031381607e-05}
2026-01-10 18:05:50,408 - pymongo.command - DEBUG - {"message": "Command started", "clientId": {"$oid": "6962785d3127086e3f0188e5"}, "command": "{\"insert\": \"analytics_events\", \"ordered\": true, \"lsid\": {\"id\": {\"$binary\": {\"base64\": \"LdgkyGwRQQSyWrdfSzU/Gg==\", \"subType\": \"04\"}}}, \"$db\": \"gym_ai\", \"documents\": [{\"_id\": \"01905a5f-a9bb-4ef4-a8de-cb1b6663798c\", \"event_type\": \"conversation.message_received\", \"customer_id\": \"eab9a009-aeea-4285-bffd-5754e7f38a29\", \"conversation_id\": \"daafb0ae-67ab-4dea-bad4-0f9793970f88\", \"properties\": {\"intent\": \"positive\", \"sentiment\": 0.8}, \"created_at\": {\"$date\": \"2026-01-10T18:05:50.407Z\"}}]}", "commandName": "insert", "databaseName": "gym_ai", "requestId": 1636807826, "operationId": 1636807826, "driverConnectionId": 1, "serverConnectionId": 223, "serverHost": "localhost", "serverPort": 27017}
2026-01-10 18:05:50,408 - pymongo.command - DEBUG - {"message": "Command succeeded", "clientId": {"$oid": "6962785d3127086e3f0188e5"}, "durationMS": 0.752, "reply": "{\"n\": 1, \"ok\": 1.0}", "commandName": "insert", "databaseName": "gym_ai", "requestId": 1636807826, "operationId": 1636807826, "driverConnectionId": 1, "serverConnectionId": 223, "serverHost": "localhost", "serverPort": 27017}
2026-01-10 18:05:50,408 - pymongo.connection - DEBUG - {"message": "Connection checked in", "clientId": {"$oid": "6962785d3127086e3f0188e5"}, "serverHost": "localhost", "serverPort": 27017, "driverConnectionId": 1}
2026-01-10 18:05:50,411 - __main__ - INFO - Response - Intent: Intent.POSITIVE, Escalate: False
2026-01-10 18:05:50,411 - telegram.ext.ExtBot - DEBUG - Calling Bot API endpoint `sendMessage` with parameters `{'chat_id': 1082780340, 'text': 'מעולה! שמחים שזה מתאים לך. יש עוד משהו שאוכל לעזור בו?'}`
2026-01-10 18:05:50,412 - httpcore.http11 - DEBUG - send_request_headers.started request=<Request [b'POST']>
2026-01-10 18:05:50,413 - httpcore.http11 - DEBUG - send_request_headers.complete
2026-01-10 18:05:50,413 - httpcore.http11 - DEBUG - send_request_body.started request=<Request [b'POST']>
2026-01-10 18:05:50,413 - httpcore.http11 - DEBUG - send_request_body.complete
2026-01-10 18:05:50,413 - httpcore.http11 - DEBUG - receive_response_headers.started request=<Request [b'POST']>
2026-01-10 18:05:50,548 - httpcore.http11 - DEBUG - receive_response_headers.complete return_value=(b'HTTP/1.1', 200, b'OK', [(b'Server', b'nginx/1.18.0'), (b'Date', b'Sat, 10 Jan 2026 16:05:50 GMT'), (b'Content-Type', b'application/json'), (b'Content-Length', b'499'), (b'Connection', b'keep-alive'), (b'Strict-Transport-Security', b'max-age=31536000; includeSubDomains; preload'), (b'Access-Control-Allow-Origin', b'*'), (b'Access-Control-Allow-Methods', b'GET, POST, OPTIONS'), (b'Access-Control-Expose-Headers', b'Content-Length,Content-Type,Date,Server,Connection')])
2026-01-10 18:05:50,548 - httpx - INFO - HTTP Request: POST https://api.telegram.org/bot8490932438:AAFVy70Urq5Cj0h7gUKJbECBv3z9-apYZtM/sendMessage "HTTP/1.1 200 OK"
2026-01-10 18:05:50,548 - httpcore.http11 - DEBUG - receive_response_body.started request=<Request [b'POST']>
2026-01-10 18:05:50,549 - httpcore.http11 - DEBUG - receive_response_body.complete
2026-01-10 18:05:50,549 - httpcore.http11 - DEBUG - response_closed.started
2026-01-10 18:05:50,549 - httpcore.http11 - DEBUG - response_closed.complete
2026-01-10 18:05:50,549 - telegram.ext.ExtBot - DEBUG - Call to Bot API endpoint `sendMessage` finished with return value `{'message_id': 207, 'from': {'id': 8490932438, 'is_bot': True, 'first_name': 'ne', 'username': 'pulluptestbot'}, 'chat': {'id': 1082780340, 'first_name': 'yaron', 'username': 'yaronfeldboy', 'type': 'private'}, 'date': 1768061150, 'text': 'מעולה! שמחים שזה מתאים לך. יש עוד משהו שאוכל לעזור בו?'}`
2026-01-10 18:05:53,838 - pymongo.topology - DEBUG - {"message": "Server heartbeat succeeded", "topologyId": {"$oid": "6962785d3127086e3f0188e5"}, "driverConnectionId": 1, "serverConnectionId": 221, "serverHost": "localhost", "serverPort": 27017, "awaited": true, "durationMS": 10068.675917107612, "reply": "{\"isWritablePrimary\": true, \"topologyVersion\": {\"processId\": {\"$oid\": \"695c03b553e27f5a444409fe\"}}, \"maxBsonObjectSize\": 16777216, \"maxMessageSizeBytes\": 48000000, \"maxWriteBatchSize\": 100000, \"localTime\": {\"$date\": \"2026-01-10T16:05:53.837Z\"}, \"logicalSessionTimeoutMinutes\": 30, \"connectionId\": 221, \"maxWireVersion\": 27, \"ok\": 1.0}"}
2026-01-10 18:05:53,839 - pymongo.topology - DEBUG - {"message": "Server heartbeat started", "topologyId": {"$oid": "6962785d3127086e3f0188e5"}, "driverConnectionId": 1, "serverConnectionId": 221, "serverHost": "localhost", "serverPort": 27017, "awaited": true}
2026-01-10 18:05:57,972 - httpcore.http11 - DEBUG - receive_response_headers.complete return_value=(b'HTTP/1.1', 200, b'OK', [(b'Server', b'nginx/1.18.0'), (b'Date', b'Sat, 10 Jan 2026 16:05:57 GMT'), (b'Content-Type', b'application/json'), (b'Content-Length', b'396'), (b'Connection', b'keep-alive'), (b'Strict-Transport-Security', b'max-age=31536000; includeSubDomains; preload'), (b'Access-Control-Allow-Origin', b'*'), (b'Access-Control-Allow-Methods', b'GET, POST, OPTIONS'), (b'Access-Control-Expose-Headers', b'Content-Length,Content-Type,Date,Server,Connection')])
2026-01-10 18:05:57,972 - httpx - INFO - HTTP Request: POST https://api.telegram.org/bot8490932438:AAFVy70Urq5Cj0h7gUKJbECBv3z9-apYZtM/getUpdates "HTTP/1.1 200 OK"
2026-01-10 18:05:57,972 - httpcore.http11 - DEBUG - receive_response_body.started request=<Request [b'POST']>
2026-01-10 18:05:57,973 - httpcore.http11 - DEBUG - receive_response_body.complete
2026-01-10 18:05:57,973 - httpcore.http11 - DEBUG - response_closed.started
2026-01-10 18:05:57,973 - httpcore.http11 - DEBUG - response_closed.complete
2026-01-10 18:05:57,973 - telegram.ext.ExtBot - DEBUG - Call to Bot API endpoint `getUpdates` finished with return value `[{'update_id': 328648462, 'message': {'message_id': 208, 'from': {'id': 1082780340, 'is_bot': False, 'first_name': 'yaron', 'username': 'yaronfeldboy', 'language_code': 'en'}, 'chat': {'id': 1082780340, 'first_name': 'yaron', 'username': 'yaronfeldboy', 'type': 'private'}, 'date': 1768061157, 'text': 'מה עוד תוכל לספר לי?'}}]`
2026-01-10 18:05:57,973 - telegram.ext.ExtBot - DEBUG - Getting updates: [328648462]
2026-01-10 18:05:57,974 - telegram.ext.Application - DEBUG - Processing update Update(message=Message(channel_chat_created=False, chat=Chat(first_name='yaron', id=1082780340, type=<ChatType.PRIVATE>, username='yaronfeldboy'), date=datetime.datetime(2026, 1, 10, 16, 5, 57, tzinfo=datetime.timezone.utc), delete_chat_photo=False, from_user=User(first_name='yaron', id=1082780340, is_bot=False, language_code='en', username='yaronfeldboy'), group_chat_created=False, message_id=208, supergroup_chat_created=False, text='מה עוד תוכל לספר לי?'), update_id=328648462)
2026-01-10 18:05:57,974 - __main__ - INFO - Message from 1082780340 (yaron): מה עוד תוכל לספר לי?
2026-01-10 18:05:57,975 - pymongo.serverSelection - DEBUG - {"message": "Server selection started", "selector": "Primary()", "operation": "find", "topologyDescription": "<TopologyDescription id: 6962785d3127086e3f0188e5, topology_type: Single, servers: [<ServerDescription ('localhost', 27017) server_type: Standalone, rtt: 0.0010275020636618137>]>", "clientId": {"$oid": "6962785d3127086e3f0188e5"}}
2026-01-10 18:05:57,975 - pymongo.serverSelection - DEBUG - {"message": "Server selection succeeded", "selector": "Primary()", "operation": "find", "topologyDescription": "<TopologyDescription id: 6962785d3127086e3f0188e5, topology_type: Single, servers: [<ServerDescription ('localhost', 27017) server_type: Standalone, rtt: 0.0010275020636618137>]>", "clientId": {"$oid": "6962785d3127086e3f0188e5"}, "serverHost": "localhost", "serverPort": 27017}
2026-01-10 18:05:57,975 - telegram.ext.ExtBot - DEBUG - Calling Bot API endpoint `getUpdates` with parameters `{'timeout': datetime.timedelta(seconds=10), 'offset': 328648463, 'allowed_updates': [<UpdateType.MESSAGE>, <UpdateType.EDITED_MESSAGE>, <UpdateType.CHANNEL_POST>, <UpdateType.EDITED_CHANNEL_POST>, <UpdateType.INLINE_QUERY>, <UpdateType.CHOSEN_INLINE_RESULT>, <UpdateType.CALLBACK_QUERY>, <UpdateType.SHIPPING_QUERY>, <UpdateType.PRE_CHECKOUT_QUERY>, <UpdateType.POLL>, <UpdateType.POLL_ANSWER>, <UpdateType.MY_CHAT_MEMBER>, <UpdateType.CHAT_MEMBER>, <UpdateType.CHAT_JOIN_REQUEST>, <UpdateType.CHAT_BOOST>, <UpdateType.REMOVED_CHAT_BOOST>, <UpdateType.MESSAGE_REACTION>, <UpdateType.MESSAGE_REACTION_COUNT>, <UpdateType.BUSINESS_CONNECTION>, <UpdateType.BUSINESS_MESSAGE>, <UpdateType.EDITED_BUSINESS_MESSAGE>, <UpdateType.DELETED_BUSINESS_MESSAGES>, <UpdateType.PURCHASED_PAID_MEDIA>]}`
2026-01-10 18:05:57,975 - pymongo.connection - DEBUG - {"message": "Connection checkout started", "clientId": {"$oid": "6962785d3127086e3f0188e5"}, "serverHost": "localhost", "serverPort": 27017}
2026-01-10 18:05:57,976 - pymongo.connection - DEBUG - {"message": "Connection checked out", "clientId": {"$oid": "6962785d3127086e3f0188e5"}, "serverHost": "localhost", "serverPort": 27017, "driverConnectionId": 1, "durationMS": 0.0008829580619931221}
2026-01-10 18:05:57,976 - httpcore.http11 - DEBUG - send_request_headers.started request=<Request [b'POST']>
2026-01-10 18:05:57,976 - pymongo.command - DEBUG - {"message": "Command started", "clientId": {"$oid": "6962785d3127086e3f0188e5"}, "command": "{\"find\": \"customers\", \"filter\": {\"telegram_id\": 1082780340}, \"limit\": 1, \"singleBatch\": true, \"lsid\": {\"id\": {\"$binary\": {\"base64\": \"LdgkyGwRQQSyWrdfSzU/Gg==\", \"subType\": \"04\"}}}, \"$db\": \"gym_ai\"}", "commandName": "find", "databaseName": "gym_ai", "requestId": 101929267, "operationId": 101929267, "driverConnectionId": 1, "serverConnectionId": 223, "serverHost": "localhost", "serverPort": 27017}
2026-01-10 18:05:57,977 - httpcore.http11 - DEBUG - send_request_headers.complete
2026-01-10 18:05:57,977 - httpcore.http11 - DEBUG - send_request_body.started request=<Request [b'POST']>
2026-01-10 18:05:57,977 - httpcore.http11 - DEBUG - send_request_body.complete
2026-01-10 18:05:57,977 - httpcore.http11 - DEBUG - receive_response_headers.started request=<Request [b'POST']>
2026-01-10 18:05:57,978 - pymongo.command - DEBUG - {"message": "Command succeeded", "clientId": {"$oid": "6962785d3127086e3f0188e5"}, "durationMS": 1.632, "reply": "{\"cursor\": {\"firstBatch\": [{\"_id\": \"eab9a009-aeea-4285-bffd-5754e7f38a29\", \"id\": \"eab9a009-aeea-4285-bffd-5754e7f38a29\", \"crm_id\": \"TEST-1082780340\", \"telegram_id\": 1082780340, \"first_name\": \"yaron\", \"last_name\": \"AdminEdit\", \"phone\": \"000-1082780340\", \"status\": \"active\", \"membership_type\": \"monthly\", \"membership_start_date\": \"2026-01-10\", \"membership_end_date\": \"2026-02-09\", \"last_visit\": \"2026-01-10T17:00:08.478218\", \"health_score\": 99, \"preferred_language\": \"he\", \"created_at\": {\"$date\": \"2026-01-10T17:00:08.478Z\"}}], \"ns\": \"gym_ai.customers\"}, \"ok\": 1.0}", "commandName": "find", "databaseName": "gym_ai", "requestId": 101929267, "operationId": 101929267, "driverConnectionId": 1, "serverConnectionId": 223, "serverHost": "localhost", "serverPort": 27017}
2026-01-10 18:05:57,978 - pymongo.connection - DEBUG - {"message": "Connection checked in", "clientId": {"$oid": "6962785d3127086e3f0188e5"}, "serverHost": "localhost", "serverPort": 27017, "driverConnectionId": 1}
2026-01-10 18:05:57,979 - telegram.ext.ExtBot - DEBUG - Calling Bot API endpoint `sendChatAction` with parameters `{'chat_id': 1082780340, 'action': 'typing'}`
2026-01-10 18:05:57,979 - httpcore.connection - DEBUG - close.started
2026-01-10 18:05:57,979 - httpcore.connection - DEBUG - close.complete
2026-01-10 18:05:57,980 - httpcore.connection - DEBUG - connect_tcp.started host='api.telegram.org' port=443 local_address=None timeout=5.0 socket_options=None
2026-01-10 18:05:58,066 - httpcore.connection - DEBUG - connect_tcp.complete return_value=<httpcore._backends.anyio.AnyIOStream object at 0x10bc434d0>
2026-01-10 18:05:58,066 - httpcore.connection - DEBUG - start_tls.started ssl_context=<ssl.SSLContext object at 0x10b82f0b0> server_hostname='api.telegram.org' timeout=5.0
2026-01-10 18:05:58,154 - httpcore.connection - DEBUG - start_tls.complete return_value=<httpcore._backends.anyio.AnyIOStream object at 0x10bb23490>
2026-01-10 18:05:58,154 - httpcore.http11 - DEBUG - send_request_headers.started request=<Request [b'POST']>
2026-01-10 18:05:58,155 - httpcore.http11 - DEBUG - send_request_headers.complete
2026-01-10 18:05:58,155 - httpcore.http11 - DEBUG - send_request_body.started request=<Request [b'POST']>
2026-01-10 18:05:58,155 - httpcore.http11 - DEBUG - send_request_body.complete
2026-01-10 18:05:58,156 - httpcore.http11 - DEBUG - receive_response_headers.started request=<Request [b'POST']>
2026-01-10 18:05:58,237 - httpcore.http11 - DEBUG - receive_response_headers.complete return_value=(b'HTTP/1.1', 200, b'OK', [(b'Server', b'nginx/1.18.0'), (b'Date', b'Sat, 10 Jan 2026 16:05:58 GMT'), (b'Content-Type', b'application/json'), (b'Content-Length', b'25'), (b'Connection', b'keep-alive'), (b'Strict-Transport-Security', b'max-age=31536000; includeSubDomains; preload'), (b'Access-Control-Allow-Origin', b'*'), (b'Access-Control-Allow-Methods', b'GET, POST, OPTIONS'), (b'Access-Control-Expose-Headers', b'Content-Length,Content-Type,Date,Server,Connection')])
2026-01-10 18:05:58,238 - httpx - INFO - HTTP Request: POST https://api.telegram.org/bot8490932438:AAFVy70Urq5Cj0h7gUKJbECBv3z9-apYZtM/sendChatAction "HTTP/1.1 200 OK"
2026-01-10 18:05:58,238 - httpcore.http11 - DEBUG - receive_response_body.started request=<Request [b'POST']>
2026-01-10 18:05:58,238 - httpcore.http11 - DEBUG - receive_response_body.complete
2026-01-10 18:05:58,239 - httpcore.http11 - DEBUG - response_closed.started
2026-01-10 18:05:58,239 - httpcore.http11 - DEBUG - response_closed.complete
2026-01-10 18:05:58,239 - telegram.ext.ExtBot - DEBUG - Call to Bot API endpoint `sendChatAction` finished with return value `True`
2026-01-10 18:05:58,240 - pymongo.serverSelection - DEBUG - {"message": "Server selection started", "selector": "Primary()", "operation": "find", "topologyDescription": "<TopologyDescription id: 6962785d3127086e3f0188e5, topology_type: Single, servers: [<ServerDescription ('localhost', 27017) server_type: Standalone, rtt: 0.0010275020636618137>]>", "clientId": {"$oid": "6962785d3127086e3f0188e5"}}
2026-01-10 18:05:58,240 - pymongo.serverSelection - DEBUG - {"message": "Server selection succeeded", "selector": "Primary()", "operation": "find", "topologyDescription": "<TopologyDescription id: 6962785d3127086e3f0188e5, topology_type: Single, servers: [<ServerDescription ('localhost', 27017) server_type: Standalone, rtt: 0.0010275020636618137>]>", "clientId": {"$oid": "6962785d3127086e3f0188e5"}, "serverHost": "localhost", "serverPort": 27017}
2026-01-10 18:05:58,240 - pymongo.connection - DEBUG - {"message": "Connection checkout started", "clientId": {"$oid": "6962785d3127086e3f0188e5"}, "serverHost": "localhost", "serverPort": 27017}
2026-01-10 18:05:58,240 - pymongo.connection - DEBUG - {"message": "Connection checked out", "clientId": {"$oid": "6962785d3127086e3f0188e5"}, "serverHost": "localhost", "serverPort": 27017, "driverConnectionId": 1, "durationMS": 0.0001116250641644001}
2026-01-10 18:05:58,240 - pymongo.command - DEBUG - {"message": "Command started", "clientId": {"$oid": "6962785d3127086e3f0188e5"}, "command": "{\"find\": \"conversations\", \"filter\": {\"customer_id\": \"eab9a009-aeea-4285-bffd-5754e7f38a29\", \"channel\": \"telegram\", \"status\": \"active\"}, \"limit\": 1, \"singleBatch\": true, \"lsid\": {\"id\": {\"$binary\": {\"base64\": \"LdgkyGwRQQSyWrdfSzU/Gg==\", \"subType\": \"04\"}}}, \"$db\": \"gym_ai\"}", "commandName": "find", "databaseName": "gym_ai", "requestId": 1580723810, "operationId": 1580723810, "driverConnectionId": 1, "serverConnectionId": 223, "serverHost": "localhost", "serverPort": 27017}
2026-01-10 18:05:58,242 - pymongo.command - DEBUG - {"message": "Command succeeded", "clientId": {"$oid": "6962785d3127086e3f0188e5"}, "durationMS": 1.709, "reply": "{\"cursor\": {\"firstBatch\": [{\"_id\": \"daafb0ae-67ab-4dea-bad4-0f9793970f88\", \"customer_id\": \"eab9a009-aeea-4285-bffd-5754e7f38a29\", \"channel\": \"telegram\", \"status\": \"active\", \"started_at\": {\"$date\": \"2026-01-10T17:00:44.097Z\"}, \"last_message_at\": {\"$date\": \"2026-01-10T18:05:50.402Z\"}, \"unanswered_count\": 1}], \"ns\": \"gym_ai.conversations\"}, \"ok\": 1.0}", "commandName": "find", "databaseName": "gym_ai", "requestId": 1580723810, "operationId": 1580723810, "driverConnectionId": 1, "serverConnectionId": 223, "serverHost": "localhost", "serverPort": 27017}
2026-01-10 18:05:58,242 - pymongo.connection - DEBUG - {"message": "Connection checked in", "clientId": {"$oid": "6962785d3127086e3f0188e5"}, "serverHost": "localhost", "serverPort": 27017, "driverConnectionId": 1}
2026-01-10 18:05:58,243 - pymongo.serverSelection - DEBUG - {"message": "Server selection started", "selector": "<function writable_server_selector at 0x1056418a0>", "operation": "insert", "topologyDescription": "<TopologyDescription id: 6962785d3127086e3f0188e5, topology_type: Single, servers: [<ServerDescription ('localhost', 27017) server_type: Standalone, rtt: 0.0010275020636618137>]>", "clientId": {"$oid": "6962785d3127086e3f0188e5"}}
2026-01-10 18:05:58,243 - pymongo.serverSelection - DEBUG - {"message": "Server selection succeeded", "selector": "<function writable_server_selector at 0x1056418a0>", "operation": "insert", "topologyDescription": "<TopologyDescription id: 6962785d3127086e3f0188e5, topology_type: Single, servers: [<ServerDescription ('localhost', 27017) server_type: Standalone, rtt: 0.0010275020636618137>]>", "clientId": {"$oid": "6962785d3127086e3f0188e5"}, "serverHost": "localhost", "serverPort": 27017}
2026-01-10 18:05:58,243 - pymongo.connection - DEBUG - {"message": "Connection checkout started", "clientId": {"$oid": "6962785d3127086e3f0188e5"}, "serverHost": "localhost", "serverPort": 27017}
2026-01-10 18:05:58,243 - pymongo.connection - DEBUG - {"message": "Connection checked out", "clientId": {"$oid": "6962785d3127086e3f0188e5"}, "serverHost": "localhost", "serverPort": 27017, "driverConnectionId": 1, "durationMS": 6.708316504955292e-05}
2026-01-10 18:05:58,243 - pymongo.command - DEBUG - {"message": "Command started", "clientId": {"$oid": "6962785d3127086e3f0188e5"}, "command": "{\"insert\": \"messages\", \"ordered\": true, \"lsid\": {\"id\": {\"$binary\": {\"base64\": \"LdgkyGwRQQSyWrdfSzU/Gg==\", \"subType\": \"04\"}}}, \"$db\": \"gym_ai\", \"documents\": [{\"_id\": \"dcbfc3e4-bc53-4145-851b-12034b1d3790\", \"conversation_id\": \"daafb0ae-67ab-4dea-bad4-0f9793970f88\", \"direction\": \"inbound\", \"content\": \"\\u05de\\u05d4 \\u05e2\\u05d5\\u05d3 \\u05ea\\u05d5\\u05db\\u05dc \\u05dc\\u05e1\\u05e4\\u05e8 \\u05dc\\u05d9?\", \"created_at\": {\"$date\": \"2026-01-10T18:05:58.243Z\"}}]}", "commandName": "insert", "databaseName": "gym_ai", "requestId": 704877633, "operationId": 704877633, "driverConnectionId": 1, "serverConnectionId": 223, "serverHost": "localhost", "serverPort": 27017}
2026-01-10 18:05:58,244 - pymongo.command - DEBUG - {"message": "Command succeeded", "clientId": {"$oid": "6962785d3127086e3f0188e5"}, "durationMS": 0.6809999999999999, "reply": "{\"n\": 1, \"ok\": 1.0}", "commandName": "insert", "databaseName": "gym_ai", "requestId": 704877633, "operationId": 704877633, "driverConnectionId": 1, "serverConnectionId": 223, "serverHost": "localhost", "serverPort": 27017}
2026-01-10 18:05:58,244 - pymongo.connection - DEBUG - {"message": "Connection checked in", "clientId": {"$oid": "6962785d3127086e3f0188e5"}, "serverHost": "localhost", "serverPort": 27017, "driverConnectionId": 1}
2026-01-10 18:05:58,244 - pymongo.serverSelection - DEBUG - {"message": "Server selection started", "selector": "<function writable_server_selector at 0x1056418a0>", "operation": "update", "topologyDescription": "<TopologyDescription id: 6962785d3127086e3f0188e5, topology_type: Single, servers: [<ServerDescription ('localhost', 27017) server_type: Standalone, rtt: 0.0010275020636618137>]>", "clientId": {"$oid": "6962785d3127086e3f0188e5"}}
2026-01-10 18:05:58,244 - pymongo.serverSelection - DEBUG - {"message": "Server selection succeeded", "selector": "<function writable_server_selector at 0x1056418a0>", "operation": "update", "topologyDescription": "<TopologyDescription id: 6962785d3127086e3f0188e5, topology_type: Single, servers: [<ServerDescription ('localhost', 27017) server_type: Standalone, rtt: 0.0010275020636618137>]>", "clientId": {"$oid": "6962785d3127086e3f0188e5"}, "serverHost": "localhost", "serverPort": 27017}
2026-01-10 18:05:58,245 - pymongo.connection - DEBUG - {"message": "Connection checkout started", "clientId": {"$oid": "6962785d3127086e3f0188e5"}, "serverHost": "localhost", "serverPort": 27017}
2026-01-10 18:05:58,245 - pymongo.connection - DEBUG - {"message": "Connection checked out", "clientId": {"$oid": "6962785d3127086e3f0188e5"}, "serverHost": "localhost", "serverPort": 27017, "driverConnectionId": 1, "durationMS": 5.804235115647316e-05}
2026-01-10 18:05:58,245 - pymongo.command - DEBUG - {"message": "Command started", "clientId": {"$oid": "6962785d3127086e3f0188e5"}, "command": "{\"update\": \"conversations\", \"ordered\": true, \"lsid\": {\"id\": {\"$binary\": {\"base64\": \"LdgkyGwRQQSyWrdfSzU/Gg==\", \"subType\": \"04\"}}}, \"$db\": \"gym_ai\", \"updates\": [{\"q\": {\"_id\": \"daafb0ae-67ab-4dea-bad4-0f9793970f88\"}, \"u\": {\"$set\": {\"last_message_at\": {\"$date\": \"2026-01-10T18:05:58.243Z\"}}}}]}", "commandName": "update", "databaseName": "gym_ai", "requestId": 1358580979, "operationId": 1358580979, "driverConnectionId": 1, "serverConnectionId": 223, "serverHost": "localhost", "serverPort": 27017}
2026-01-10 18:05:58,245 - pymongo.command - DEBUG - {"message": "Command succeeded", "clientId": {"$oid": "6962785d3127086e3f0188e5"}, "durationMS": 0.546, "reply": "{\"n\": 1, \"nModified\": 1, \"ok\": 1.0}", "commandName": "update", "databaseName": "gym_ai", "requestId": 1358580979, "operationId": 1358580979, "driverConnectionId": 1, "serverConnectionId": 223, "serverHost": "localhost", "serverPort": 27017}
2026-01-10 18:05:58,245 - pymongo.connection - DEBUG - {"message": "Connection checked in", "clientId": {"$oid": "6962785d3127086e3f0188e5"}, "serverHost": "localhost", "serverPort": 27017, "driverConnectionId": 1}
2026-01-10 18:05:58,246 - pymongo.serverSelection - DEBUG - {"message": "Server selection started", "selector": "Primary()", "operation": "find", "topologyDescription": "<TopologyDescription id: 6962785d3127086e3f0188e5, topology_type: Single, servers: [<ServerDescription ('localhost', 27017) server_type: Standalone, rtt: 0.0010275020636618137>]>", "clientId": {"$oid": "6962785d3127086e3f0188e5"}}
2026-01-10 18:05:58,246 - pymongo.serverSelection - DEBUG - {"message": "Server selection succeeded", "selector": "Primary()", "operation": "find", "topologyDescription": "<TopologyDescription id: 6962785d3127086e3f0188e5, topology_type: Single, servers: [<ServerDescription ('localhost', 27017) server_type: Standalone, rtt: 0.0010275020636618137>]>", "clientId": {"$oid": "6962785d3127086e3f0188e5"}, "serverHost": "localhost", "serverPort": 27017}
2026-01-10 18:05:58,246 - pymongo.connection - DEBUG - {"message": "Connection checkout started", "clientId": {"$oid": "6962785d3127086e3f0188e5"}, "serverHost": "localhost", "serverPort": 27017}
2026-01-10 18:05:58,246 - pymongo.connection - DEBUG - {"message": "Connection checked out", "clientId": {"$oid": "6962785d3127086e3f0188e5"}, "serverHost": "localhost", "serverPort": 27017, "driverConnectionId": 1, "durationMS": 5.958275869488716e-05}
2026-01-10 18:05:58,246 - pymongo.command - DEBUG - {"message": "Command started", "clientId": {"$oid": "6962785d3127086e3f0188e5"}, "command": "{\"find\": \"messages\", \"filter\": {\"conversation_id\": \"daafb0ae-67ab-4dea-bad4-0f9793970f88\"}, \"sort\": {\"created_at\": -1}, \"limit\": 10, \"lsid\": {\"id\": {\"$binary\": {\"base64\": \"LdgkyGwRQQSyWrdfSzU/Gg==\", \"subType\": \"04\"}}}, \"$db\": \"gym_ai\"}", "commandName": "find", "databaseName": "gym_ai", "requestId": 1624379149, "operationId": 1624379149, "driverConnectionId": 1, "serverConnectionId": 223, "serverHost": "localhost", "serverPort": 27017}
2026-01-10 18:05:58,247 - pymongo.command - DEBUG - {"message": "Command succeeded", "clientId": {"$oid": "6962785d3127086e3f0188e5"}, "durationMS": 0.656, "reply": "{\"cursor\": {\"firstBatch\": [{\"_id\": \"dcbfc3e4-bc53-4145-851b-12034b1d3790\", \"conversation_id\": \"daafb0ae-67ab-4dea-bad4-0f9793970f88\", \"direction\": \"inbound\", \"content\": \"\u05de\u05d4 \u05e2\u05d5\u05d3 \u05ea\u05d5\u05db\u05dc \u05dc\u05e1\u05e4\u05e8 \u05dc\u05d9?\", \"created_at\": {\"$date\": \"2026-01-10T18:05:58.243Z\"}}, {\"_id\": \"1d73d728-8f0c-492f-83d9-10b32a4cb383\", \"conversation_id\": \"daafb0ae-67ab-4dea-bad4-0f9793970f88\", \"direction\": \"outbound\", \"content\": \"\u05de\u05e2\u05d5\u05dc\u05d4! \u05e9\u05de\u05d7\u05d9\u05dd \u05e9\u05d6\u05d4 \u05de\u05ea\u05d0\u05d9\u05dd \u05dc\u05da. \u05d9\u05e9 \u05e2\u05d5\u05d3 \u05de\u05e9\u05d4\u05d5 \u05e9\u05d0\u05d5\u05db\u05dc \u05dc\u05e2\u05d6\u05d5\u05e8 \u05d1\u05d5?\", \"intent\": \"positive\", \"sentiment\": 0.8, \"agent_type\": \"orchestrator\", \"created_at\": {\"$date\": \"2026-01-10T18:05:50.402Z\"}}, {\"_id\": \"348c93da-deee-43dc-b543-1df895c327fc\", \"conversation_id\": \"daafb0ae-67ab-4dea-bad4-0f9793970f88\", \"direction\": \"inbound\", \"content\": \"...", "commandName": "find", "databaseName": "gym_ai", "requestId": 1624379149, "operationId": 1624379149, "driverConnectionId": 1, "serverConnectionId": 223, "serverHost": "localhost", "serverPort": 27017}
2026-01-10 18:05:58,247 - pymongo.connection - DEBUG - {"message": "Connection checked in", "clientId": {"$oid": "6962785d3127086e3f0188e5"}, "serverHost": "localhost", "serverPort": 27017, "driverConnectionId": 1}
2026-01-10 18:05:58,250 - pymongo.serverSelection - DEBUG - {"message": "Server selection started", "selector": "Primary()", "operation": "find", "topologyDescription": "<TopologyDescription id: 6962785d3127086e3f0188e5, topology_type: Single, servers: [<ServerDescription ('localhost', 27017) server_type: Standalone, rtt: 0.0010275020636618137>]>", "clientId": {"$oid": "6962785d3127086e3f0188e5"}}
2026-01-10 18:05:58,250 - pymongo.serverSelection - DEBUG - {"message": "Server selection succeeded", "selector": "Primary()", "operation": "find", "topologyDescription": "<TopologyDescription id: 6962785d3127086e3f0188e5, topology_type: Single, servers: [<ServerDescription ('localhost', 27017) server_type: Standalone, rtt: 0.0010275020636618137>]>", "clientId": {"$oid": "6962785d3127086e3f0188e5"}, "serverHost": "localhost", "serverPort": 27017}
2026-01-10 18:05:58,250 - pymongo.connection - DEBUG - {"message": "Connection checkout started", "clientId": {"$oid": "6962785d3127086e3f0188e5"}, "serverHost": "localhost", "serverPort": 27017}
2026-01-10 18:05:58,250 - pymongo.connection - DEBUG - {"message": "Connection checked out", "clientId": {"$oid": "6962785d3127086e3f0188e5"}, "serverHost": "localhost", "serverPort": 27017, "driverConnectionId": 1, "durationMS": 9.083282202482224e-05}
2026-01-10 18:05:58,250 - pymongo.command - DEBUG - {"message": "Command started", "clientId": {"$oid": "6962785d3127086e3f0188e5"}, "command": "{\"find\": \"system_config\", \"filter\": {\"key\": \"system_prompt\"}, \"limit\": 1, \"singleBatch\": true, \"lsid\": {\"id\": {\"$binary\": {\"base64\": \"LdgkyGwRQQSyWrdfSzU/Gg==\", \"subType\": \"04\"}}}, \"$db\": \"gym_ai\"}", "commandName": "find", "databaseName": "gym_ai", "requestId": 2128236579, "operationId": 2128236579, "driverConnectionId": 1, "serverConnectionId": 223, "serverHost": "localhost", "serverPort": 27017}
2026-01-10 18:05:58,251 - pymongo.command - DEBUG - {"message": "Command succeeded", "clientId": {"$oid": "6962785d3127086e3f0188e5"}, "durationMS": 0.726, "reply": "{\"cursor\": {\"firstBatch\": [{\"_id\": {\"$oid\": \"6962701e53e27f5a44440a02\"}, \"key\": \"system_prompt\", \"updated_at\": {\"$date\": \"2026-01-10T16:05:23.358Z\"}, \"updated_by\": \"admin\", \"value\": \"You are a gym assistant. \\u05e9\\u05e2\\u05d5\\u05ea \\u05e4\\u05e2\\u05d9\\u05dc\\u05d5\\u05ea \\u05d4\\u05df \\u05de10- 19\\n\\u05db\\u05dc \\u05d9\\u05d5\\u05dd\"}], \"ns\": \"gym_ai.system_config\"}, \"ok\": 1.0}", "commandName": "find", "databaseName": "gym_ai", "requestId": 2128236579, "operationId": 2128236579, "driverConnectionId": 1, "serverConnectionId": 223, "serverHost": "localhost", "serverPort": 27017}
2026-01-10 18:05:58,251 - pymongo.connection - DEBUG - {"message": "Connection checked in", "clientId": {"$oid": "6962785d3127086e3f0188e5"}, "serverHost": "localhost", "serverPort": 27017, "driverConnectionId": 1}
2026-01-10 18:05:58,255 - httpcore.connection - DEBUG - close.started
2026-01-10 18:05:58,256 - httpcore.connection - DEBUG - close.complete
2026-01-10 18:05:58,256 - httpcore.connection - DEBUG - connect_tcp.started host='generativelanguage.googleapis.com' port=443 local_address=None timeout=None socket_options=None
2026-01-10 18:05:58,273 - httpcore.connection - DEBUG - connect_tcp.complete return_value=<httpcore._backends.anyio.AnyIOStream object at 0x10773ea50>
2026-01-10 18:05:58,273 - httpcore.connection - DEBUG - start_tls.started ssl_context=<ssl.SSLContext object at 0x1077408c0> server_hostname='generativelanguage.googleapis.com' timeout=None
2026-01-10 18:05:58,351 - httpcore.connection - DEBUG - start_tls.complete return_value=<httpcore._backends.anyio.AnyIOStream object at 0x10bb36d90>
2026-01-10 18:05:58,351 - httpcore.http11 - DEBUG - send_request_headers.started request=<Request [b'POST']>
2026-01-10 18:05:58,352 - httpcore.http11 - DEBUG - send_request_headers.complete
2026-01-10 18:05:58,352 - httpcore.http11 - DEBUG - send_request_body.started request=<Request [b'POST']>
2026-01-10 18:05:58,352 - httpcore.http11 - DEBUG - send_request_body.complete
2026-01-10 18:05:58,353 - httpcore.http11 - DEBUG - receive_response_headers.started request=<Request [b'POST']>
2026-01-10 18:06:00,007 - httpcore.http11 - DEBUG - receive_response_headers.complete return_value=(b'HTTP/1.1', 200, b'OK', [(b'Content-Type', b'application/json; charset=UTF-8'), (b'Vary', b'Origin'), (b'Vary', b'X-Origin'), (b'Vary', b'Referer'), (b'Content-Encoding', b'gzip'), (b'Date', b'Sat, 10 Jan 2026 16:06:00 GMT'), (b'Server', b'scaffolding on HTTPServer2'), (b'X-XSS-Protection', b'0'), (b'X-Frame-Options', b'SAMEORIGIN'), (b'X-Content-Type-Options', b'nosniff'), (b'Server-Timing', b'gfet4t7; dur=1640'), (b'Alt-Svc', b'h3=":443"; ma=2592000,h3-29=":443"; ma=2592000'), (b'Transfer-Encoding', b'chunked')])
2026-01-10 18:06:00,008 - httpx - INFO - HTTP Request: POST https://generativelanguage.googleapis.com/v1beta/models/gemini-2.5-flash:generateContent "HTTP/1.1 200 OK"
2026-01-10 18:06:00,008 - httpcore.http11 - DEBUG - receive_response_body.started request=<Request [b'POST']>
2026-01-10 18:06:00,009 - httpcore.http11 - DEBUG - receive_response_body.complete
2026-01-10 18:06:00,009 - httpcore.http11 - DEBUG - response_closed.started
2026-01-10 18:06:00,013 - httpcore.http11 - DEBUG - response_closed.complete
2026-01-10 18:06:00,021 - httpcore.http11 - DEBUG - send_request_headers.started request=<Request [b'POST']>
2026-01-10 18:06:00,022 - httpcore.http11 - DEBUG - send_request_headers.complete
2026-01-10 18:06:00,022 - httpcore.http11 - DEBUG - send_request_body.started request=<Request [b'POST']>
2026-01-10 18:06:00,022 - httpcore.http11 - DEBUG - send_request_body.complete
2026-01-10 18:06:00,022 - httpcore.http11 - DEBUG - receive_response_headers.started request=<Request [b'POST']>
2026-01-10 18:06:01,804 - httpcore.http11 - DEBUG - receive_response_headers.complete return_value=(b'HTTP/1.1', 200, b'OK', [(b'Content-Type', b'application/json; charset=UTF-8'), (b'Vary', b'Origin'), (b'Vary', b'X-Origin'), (b'Vary', b'Referer'), (b'Content-Encoding', b'gzip'), (b'Date', b'Sat, 10 Jan 2026 16:06:01 GMT'), (b'Server', b'scaffolding on HTTPServer2'), (b'X-XSS-Protection', b'0'), (b'X-Frame-Options', b'SAMEORIGIN'), (b'X-Content-Type-Options', b'nosniff'), (b'Server-Timing', b'gfet4t7; dur=1768'), (b'Alt-Svc', b'h3=":443"; ma=2592000,h3-29=":443"; ma=2592000'), (b'Transfer-Encoding', b'chunked')])
2026-01-10 18:06:01,804 - httpx - INFO - HTTP Request: POST https://generativelanguage.googleapis.com/v1beta/models/gemini-2.5-flash:generateContent "HTTP/1.1 200 OK"
2026-01-10 18:06:01,805 - httpcore.http11 - DEBUG - receive_response_body.started request=<Request [b'POST']>
2026-01-10 18:06:01,805 - httpcore.http11 - DEBUG - receive_response_body.complete
2026-01-10 18:06:01,806 - httpcore.http11 - DEBUG - response_closed.started
2026-01-10 18:06:01,806 - httpcore.http11 - DEBUG - response_closed.complete
2026-01-10 18:06:01,811 - pymongo.serverSelection - DEBUG - {"message": "Server selection started", "selector": "<function writable_server_selector at 0x1056418a0>", "operation": "insert", "topologyDescription": "<TopologyDescription id: 6962785d3127086e3f0188e5, topology_type: Single, servers: [<ServerDescription ('localhost', 27017) server_type: Standalone, rtt: 0.0010275020636618137>]>", "clientId": {"$oid": "6962785d3127086e3f0188e5"}}
2026-01-10 18:06:01,811 - pymongo.serverSelection - DEBUG - {"message": "Server selection succeeded", "selector": "<function writable_server_selector at 0x1056418a0>", "operation": "insert", "topologyDescription": "<TopologyDescription id: 6962785d3127086e3f0188e5, topology_type: Single, servers: [<ServerDescription ('localhost', 27017) server_type: Standalone, rtt: 0.0010275020636618137>]>", "clientId": {"$oid": "6962785d3127086e3f0188e5"}, "serverHost": "localhost", "serverPort": 27017}
2026-01-10 18:06:01,811 - pymongo.connection - DEBUG - {"message": "Connection checkout started", "clientId": {"$oid": "6962785d3127086e3f0188e5"}, "serverHost": "localhost", "serverPort": 27017}
2026-01-10 18:06:01,811 - pymongo.connection - DEBUG - {"message": "Connection checked out", "clientId": {"$oid": "6962785d3127086e3f0188e5"}, "serverHost": "localhost", "serverPort": 27017, "driverConnectionId": 1, "durationMS": 0.00020033400505781174}
2026-01-10 18:06:01,812 - pymongo.command - DEBUG - {"message": "Command started", "clientId": {"$oid": "6962785d3127086e3f0188e5"}, "command": "{\"insert\": \"messages\", \"ordered\": true, \"lsid\": {\"id\": {\"$binary\": {\"base64\": \"LdgkyGwRQQSyWrdfSzU/Gg==\", \"subType\": \"04\"}}}, \"$db\": \"gym_ai\", \"documents\": [{\"_id\": \"86a2d3dd-8e5c-4932-af5b-cb3b39e09c98\", \"conversation_id\": \"daafb0ae-67ab-4dea-bad4-0f9793970f88\", \"direction\": \"outbound\", \"content\": \"\u05d1\u05d8\u05d7! \u05d0\u05e6\u05dc\u05e0\u05d5 \u05d4\u05e1\u05d8\u05d5\u05d3\u05d9\u05d5 \u05de\u05ea\u05d0\u05d9\u05dd \u05d2\u05dd \u05dc\u05de\u05ea\u05d7\u05d9\u05dc\u05d9\u05dd, \u05d4\u05de\u05d0\u05de\u05e0\u05d9\u05dd \u05de\u05ea\u05d0\u05d9\u05de\u05d9\u05dd \u05d0\u05ea \u05d4\u05ea\u05e8\u05d2\u05d9\u05dc\u05d9\u05dd \u05dc\u05db\u05dc \u05e8\u05de\u05d4. \u05d1\u05d3\u05e8\u05da \u05db\u05dc\u05dc \u05d0\u05d9\u05df \u05e6\u05d5\u05e8\u05da \u05dc\u05d4\u05d6\u05de\u05d9\u05df \u05de\u05e7\u05d5\u05dd \u05dc-Open Gym, \u05d5\u05d0\u05e4\u05e9\u05e8 \u05d2\u05dd \u05dc\u05ea\u05d0\u05dd \u05d0\u05d9\u05de\u05d5\u05e0\u05d9\u05dd \u05d0\u05d9\u05e9\u05d9\u05d9\u05dd \u05d0...", "commandName": "insert", "databaseName": "gym_ai", "requestId": 784558821, "operationId": 784558821, "driverConnectionId": 1, "serverConnectionId": 223, "serverHost": "localhost", "serverPort": 27017}
2026-01-10 18:06:01,813 - pymongo.command - DEBUG - {"message": "Command succeeded", "clientId": {"$oid": "6962785d3127086e3f0188e5"}, "durationMS": 1.338, "reply": "{\"n\": 1, \"ok\": 1.0}", "commandName": "insert", "databaseName": "gym_ai", "requestId": 784558821, "operationId": 784558821, "driverConnectionId": 1, "serverConnectionId": 223, "serverHost": "localhost", "serverPort": 27017}
2026-01-10 18:06:01,813 - pymongo.connection - DEBUG - {"message": "Connection checked in", "clientId": {"$oid": "6962785d3127086e3f0188e5"}, "serverHost": "localhost", "serverPort": 27017, "driverConnectionId": 1}
2026-01-10 18:06:01,813 - pymongo.serverSelection - DEBUG - {"message": "Server selection started", "selector": "<function writable_server_selector at 0x1056418a0>", "operation": "update", "topologyDescription": "<TopologyDescription id: 6962785d3127086e3f0188e5, topology_type: Single, servers: [<ServerDescription ('localhost', 27017) server_type: Standalone, rtt: 0.0010275020636618137>]>", "clientId": {"$oid": "6962785d3127086e3f0188e5"}}
2026-01-10 18:06:01,814 - pymongo.serverSelection - DEBUG - {"message": "Server selection succeeded", "selector": "<function writable_server_selector at 0x1056418a0>", "operation": "update", "topologyDescription": "<TopologyDescription id: 6962785d3127086e3f0188e5, topology_type: Single, servers: [<ServerDescription ('localhost', 27017) server_type: Standalone, rtt: 0.0010275020636618137>]>", "clientId": {"$oid": "6962785d3127086e3f0188e5"}, "serverHost": "localhost", "serverPort": 27017}
2026-01-10 18:06:01,814 - pymongo.connection - DEBUG - {"message": "Connection checkout started", "clientId": {"$oid": "6962785d3127086e3f0188e5"}, "serverHost": "localhost", "serverPort": 27017}
2026-01-10 18:06:01,814 - pymongo.connection - DEBUG - {"message": "Connection checked out", "clientId": {"$oid": "6962785d3127086e3f0188e5"}, "serverHost": "localhost", "serverPort": 27017, "driverConnectionId": 1, "durationMS": 8.420785889029503e-05}
2026-01-10 18:06:01,814 - pymongo.command - DEBUG - {"message": "Command started", "clientId": {"$oid": "6962785d3127086e3f0188e5"}, "command": "{\"update\": \"conversations\", \"ordered\": true, \"lsid\": {\"id\": {\"$binary\": {\"base64\": \"LdgkyGwRQQSyWrdfSzU/Gg==\", \"subType\": \"04\"}}}, \"$db\": \"gym_ai\", \"updates\": [{\"q\": {\"_id\": \"daafb0ae-67ab-4dea-bad4-0f9793970f88\"}, \"u\": {\"$set\": {\"last_message_at\": {\"$date\": \"2026-01-10T18:06:01.810Z\"}}, \"$inc\": {\"unanswered_count\": 1}}}]}", "commandName": "update", "databaseName": "gym_ai", "requestId": 530511967, "operationId": 530511967, "driverConnectionId": 1, "serverConnectionId": 223, "serverHost": "localhost", "serverPort": 27017}
2026-01-10 18:06:01,815 - pymongo.command - DEBUG - {"message": "Command succeeded", "clientId": {"$oid": "6962785d3127086e3f0188e5"}, "durationMS": 1.082, "reply": "{\"n\": 1, \"nModified\": 1, \"ok\": 1.0}", "commandName": "update", "databaseName": "gym_ai", "requestId": 530511967, "operationId": 530511967, "driverConnectionId": 1, "serverConnectionId": 223, "serverHost": "localhost", "serverPort": 27017}
2026-01-10 18:06:01,815 - pymongo.connection - DEBUG - {"message": "Connection checked in", "clientId": {"$oid": "6962785d3127086e3f0188e5"}, "serverHost": "localhost", "serverPort": 27017, "driverConnectionId": 1}
2026-01-10 18:06:01,816 - pymongo.serverSelection - DEBUG - {"message": "Server selection started", "selector": "<function writable_server_selector at 0x1056418a0>", "operation": "insert", "topologyDescription": "<TopologyDescription id: 6962785d3127086e3f0188e5, topology_type: Single, servers: [<ServerDescription ('localhost', 27017) server_type: Standalone, rtt: 0.0010275020636618137>]>", "clientId": {"$oid": "6962785d3127086e3f0188e5"}}
2026-01-10 18:06:01,816 - pymongo.serverSelection - DEBUG - {"message": "Server selection succeeded", "selector": "<function writable_server_selector at 0x1056418a0>", "operation": "insert", "topologyDescription": "<TopologyDescription id: 6962785d3127086e3f0188e5, topology_type: Single, servers: [<ServerDescription ('localhost', 27017) server_type: Standalone, rtt: 0.0010275020636618137>]>", "clientId": {"$oid": "6962785d3127086e3f0188e5"}, "serverHost": "localhost", "serverPort": 27017}
2026-01-10 18:06:01,816 - pymongo.connection - DEBUG - {"message": "Connection checkout started", "clientId": {"$oid": "6962785d3127086e3f0188e5"}, "serverHost": "localhost", "serverPort": 27017}
2026-01-10 18:06:01,816 - pymongo.connection - DEBUG - {"message": "Connection checked out", "clientId": {"$oid": "6962785d3127086e3f0188e5"}, "serverHost": "localhost", "serverPort": 27017, "driverConnectionId": 1, "durationMS": 7.82497227191925e-05}
2026-01-10 18:06:01,816 - pymongo.command - DEBUG - {"message": "Command started", "clientId": {"$oid": "6962785d3127086e3f0188e5"}, "command": "{\"insert\": \"analytics_events\", \"ordered\": true, \"lsid\": {\"id\": {\"$binary\": {\"base64\": \"LdgkyGwRQQSyWrdfSzU/Gg==\", \"subType\": \"04\"}}}, \"$db\": \"gym_ai\", \"documents\": [{\"_id\": \"0b37a3ff-e79a-405e-8130-2b382a5da86c\", \"event_type\": \"conversation.message_received\", \"customer_id\": \"eab9a009-aeea-4285-bffd-5754e7f38a29\", \"conversation_id\": \"daafb0ae-67ab-4dea-bad4-0f9793970f88\", \"properties\": {\"intent\": \"question\"}, \"created_at\": {\"$date\": \"2026-01-10T18:06:01.816Z\"}}]}", "commandName": "insert", "databaseName": "gym_ai", "requestId": 2110010672, "operationId": 2110010672, "driverConnectionId": 1, "serverConnectionId": 223, "serverHost": "localhost", "serverPort": 27017}
2026-01-10 18:06:01,817 - pymongo.command - DEBUG - {"message": "Command succeeded", "clientId": {"$oid": "6962785d3127086e3f0188e5"}, "durationMS": 0.791, "reply": "{\"n\": 1, \"ok\": 1.0}", "commandName": "insert", "databaseName": "gym_ai", "requestId": 2110010672, "operationId": 2110010672, "driverConnectionId": 1, "serverConnectionId": 223, "serverHost": "localhost", "serverPort": 27017}
2026-01-10 18:06:01,817 - pymongo.connection - DEBUG - {"message": "Connection checked in", "clientId": {"$oid": "6962785d3127086e3f0188e5"}, "serverHost": "localhost", "serverPort": 27017, "driverConnectionId": 1}
2026-01-10 18:06:01,817 - __main__ - INFO - Response - Intent: Intent.QUESTION, Escalate: False
2026-01-10 18:06:01,818 - telegram.ext.ExtBot - DEBUG - Calling Bot API endpoint `sendMessage` with parameters `{'chat_id': 1082780340, 'text': 'בטח! אצלנו הסטודיו מתאים גם למתחילים, המאמנים מתאימים את התרגילים לכל רמה. בדרך כלל אין צורך להזמין מקום ל-Open Gym, ואפשר גם לתאם אימונים אישיים אם תרצה/י.'}`
2026-01-10 18:06:01,819 - httpcore.http11 - DEBUG - send_request_headers.started request=<Request [b'POST']>
2026-01-10 18:06:01,819 - httpcore.http11 - DEBUG - send_request_headers.complete
2026-01-10 18:06:01,820 - httpcore.http11 - DEBUG - send_request_body.started request=<Request [b'POST']>
2026-01-10 18:06:01,820 - httpcore.http11 - DEBUG - send_request_body.complete
2026-01-10 18:06:01,820 - httpcore.http11 - DEBUG - receive_response_headers.started request=<Request [b'POST']>
2026-01-10 18:06:01,981 - httpcore.http11 - DEBUG - receive_response_headers.complete return_value=(b'HTTP/1.1', 200, b'OK', [(b'Server', b'nginx/1.18.0'), (b'Date', b'Sat, 10 Jan 2026 16:06:02 GMT'), (b'Content-Type', b'application/json'), (b'Content-Length', b'976'), (b'Connection', b'keep-alive'), (b'Strict-Transport-Security', b'max-age=31536000; includeSubDomains; preload'), (b'Access-Control-Allow-Origin', b'*'), (b'Access-Control-Allow-Methods', b'GET, POST, OPTIONS'), (b'Access-Control-Expose-Headers', b'Content-Length,Content-Type,Date,Server,Connection')])
2026-01-10 18:06:01,982 - httpx - INFO - HTTP Request: POST https://api.telegram.org/bot8490932438:AAFVy70Urq5Cj0h7gUKJbECBv3z9-apYZtM/sendMessage "HTTP/1.1 200 OK"
2026-01-10 18:06:01,982 - httpcore.http11 - DEBUG - receive_response_body.started request=<Request [b'POST']>
2026-01-10 18:06:01,982 - httpcore.http11 - DEBUG - receive_response_body.complete
2026-01-10 18:06:01,983 - httpcore.http11 - DEBUG - response_closed.started
2026-01-10 18:06:01,983 - httpcore.http11 - DEBUG - response_closed.complete
2026-01-10 18:06:01,983 - telegram.ext.ExtBot - DEBUG - Call to Bot API endpoint `sendMessage` finished with return value `{'message_id': 209, 'from': {'id': 8490932438, 'is_bot': True, 'first_name': 'ne', 'username': 'pulluptestbot'}, 'chat': {'id': 1082780340, 'first_name': 'yaron', 'username': 'yaronfeldboy', 'type': 'private'}, 'date': 1768061162, 'text': 'בטח! אצלנו הסטודיו מתאים גם למתחילים, המאמנים מתאימים את התרגילים לכל רמה. בדרך כלל אין צורך להזמין מקום ל-Open Gym, ואפשר גם לתאם אימונים אישיים אם תרצה/י.'}`
2026-01-10 18:06:03,910 - pymongo.topology - DEBUG - {"message": "Server heartbeat succeeded", "topologyId": {"$oid": "6962785d3127086e3f0188e5"}, "driverConnectionId": 1, "serverConnectionId": 221, "serverHost": "localhost", "serverPort": 27017, "awaited": true, "durationMS": 10070.666917134076, "reply": "{\"isWritablePrimary\": true, \"topologyVersion\": {\"processId\": {\"$oid\": \"695c03b553e27f5a444409fe\"}}, \"maxBsonObjectSize\": 16777216, \"maxMessageSizeBytes\": 48000000, \"maxWriteBatchSize\": 100000, \"localTime\": {\"$date\": \"2026-01-10T16:06:03.909Z\"}, \"logicalSessionTimeoutMinutes\": 30, \"connectionId\": 221, \"maxWireVersion\": 27, \"ok\": 1.0}"}
2026-01-10 18:06:03,911 - pymongo.topology - DEBUG - {"message": "Server heartbeat started", "topologyId": {"$oid": "6962785d3127086e3f0188e5"}, "driverConnectionId": 1, "serverConnectionId": 221, "serverHost": "localhost", "serverPort": 27017, "awaited": true}
2026-01-10 18:06:08,063 - httpcore.http11 - DEBUG - receive_response_headers.complete return_value=(b'HTTP/1.1', 200, b'OK', [(b'Server', b'nginx/1.18.0'), (b'Date', b'Sat, 10 Jan 2026 16:06:08 GMT'), (b'Content-Type', b'application/json'), (b'Content-Length', b'23'), (b'Connection', b'keep-alive'), (b'Strict-Transport-Security', b'max-age=31536000; includeSubDomains; preload'), (b'Access-Control-Allow-Origin', b'*'), (b'Access-Control-Allow-Methods', b'GET, POST, OPTIONS'), (b'Access-Control-Expose-Headers', b'Content-Length,Content-Type,Date,Server,Connection')])
2026-01-10 18:06:08,064 - httpx - INFO - HTTP Request: POST https://api.telegram.org/bot8490932438:AAFVy70Urq5Cj0h7gUKJbECBv3z9-apYZtM/getUpdates "HTTP/1.1 200 OK"
2026-01-10 18:06:08,064 - httpcore.http11 - DEBUG - receive_response_body.started request=<Request [b'POST']>
2026-01-10 18:06:08,064 - httpcore.http11 - DEBUG - receive_response_body.complete
2026-01-10 18:06:08,064 - httpcore.http11 - DEBUG - response_closed.started
2026-01-10 18:06:08,065 - httpcore.http11 - DEBUG - response_closed.complete
2026-01-10 18:06:08,065 - telegram.ext.ExtBot - DEBUG - Call to Bot API endpoint `getUpdates` finished with return value `[]`
2026-01-10 18:06:08,065 - telegram.ext.ExtBot - DEBUG - No new updates found.
2026-01-10 18:06:08,065 - telegram.ext.ExtBot - DEBUG - Calling Bot API endpoint `getUpdates` with parameters `{'timeout': datetime.timedelta(seconds=10), 'offset': 328648463, 'allowed_updates': [<UpdateType.MESSAGE>, <UpdateType.EDITED_MESSAGE>, <UpdateType.CHANNEL_POST>, <UpdateType.EDITED_CHANNEL_POST>, <UpdateType.INLINE_QUERY>, <UpdateType.CHOSEN_INLINE_RESULT>, <UpdateType.CALLBACK_QUERY>, <UpdateType.SHIPPING_QUERY>, <UpdateType.PRE_CHECKOUT_QUERY>, <UpdateType.POLL>, <UpdateType.POLL_ANSWER>, <UpdateType.MY_CHAT_MEMBER>, <UpdateType.CHAT_MEMBER>, <UpdateType.CHAT_JOIN_REQUEST>, <UpdateType.CHAT_BOOST>, <UpdateType.REMOVED_CHAT_BOOST>, <UpdateType.MESSAGE_REACTION>, <UpdateType.MESSAGE_REACTION_COUNT>, <UpdateType.BUSINESS_CONNECTION>, <UpdateType.BUSINESS_MESSAGE>, <UpdateType.EDITED_BUSINESS_MESSAGE>, <UpdateType.DELETED_BUSINESS_MESSAGES>, <UpdateType.PURCHASED_PAID_MEDIA>]}`
2026-01-10 18:06:08,066 - httpcore.http11 - DEBUG - send_request_headers.started request=<Request [b'POST']>
2026-01-10 18:06:08,067 - httpcore.http11 - DEBUG - send_request_headers.complete
2026-01-10 18:06:08,067 - httpcore.http11 - DEBUG - send_request_body.started request=<Request [b'POST']>
2026-01-10 18:06:08,067 - httpcore.http11 - DEBUG - send_request_body.complete
2026-01-10 18:06:08,067 - httpcore.http11 - DEBUG - receive_response_headers.started request=<Request [b'POST']>
2026-01-10 18:06:12,826 - httpcore.http11 - DEBUG - receive_response_headers.complete return_value=(b'HTTP/1.1', 200, b'OK', [(b'Server', b'nginx/1.18.0'), (b'Date', b'Sat, 10 Jan 2026 16:06:12 GMT'), (b'Content-Type', b'application/json'), (b'Content-Length', b'344'), (b'Connection', b'keep-alive'), (b'Strict-Transport-Security', b'max-age=31536000; includeSubDomains; preload'), (b'Access-Control-Allow-Origin', b'*'), (b'Access-Control-Allow-Methods', b'GET, POST, OPTIONS'), (b'Access-Control-Expose-Headers', b'Content-Length,Content-Type,Date,Server,Connection')])
2026-01-10 18:06:12,826 - httpx - INFO - HTTP Request: POST https://api.telegram.org/bot8490932438:AAFVy70Urq5Cj0h7gUKJbECBv3z9-apYZtM/getUpdates "HTTP/1.1 200 OK"
2026-01-10 18:06:12,827 - httpcore.http11 - DEBUG - receive_response_body.started request=<Request [b'POST']>
2026-01-10 18:06:12,827 - httpcore.http11 - DEBUG - receive_response_body.complete
2026-01-10 18:06:12,827 - httpcore.http11 - DEBUG - response_closed.started
2026-01-10 18:06:12,827 - httpcore.http11 - DEBUG - response_closed.complete
2026-01-10 18:06:12,828 - telegram.ext.ExtBot - DEBUG - Call to Bot API endpoint `getUpdates` finished with return value `[{'update_id': 328648463, 'message': {'message_id': 210, 'from': {'id': 1082780340, 'is_bot': False, 'first_name': 'yaron', 'username': 'yaronfeldboy', 'language_code': 'en'}, 'chat': {'id': 1082780340, 'first_name': 'yaron', 'username': 'yaronfeldboy', 'type': 'private'}, 'date': 1768061172, 'text': 'בוא נתאם'}}]`
2026-01-10 18:06:12,828 - telegram.ext.ExtBot - DEBUG - Getting updates: [328648463]
2026-01-10 18:06:12,829 - telegram.ext.Application - DEBUG - Processing update Update(message=Message(channel_chat_created=False, chat=Chat(first_name='yaron', id=1082780340, type=<ChatType.PRIVATE>, username='yaronfeldboy'), date=datetime.datetime(2026, 1, 10, 16, 6, 12, tzinfo=datetime.timezone.utc), delete_chat_photo=False, from_user=User(first_name='yaron', id=1082780340, is_bot=False, language_code='en', username='yaronfeldboy'), group_chat_created=False, message_id=210, supergroup_chat_created=False, text='בוא נתאם'), update_id=328648463)
2026-01-10 18:06:12,829 - __main__ - INFO - Message from 1082780340 (yaron): בוא נתאם
2026-01-10 18:06:12,829 - pymongo.serverSelection - DEBUG - {"message": "Server selection started", "selector": "Primary()", "operation": "find", "topologyDescription": "<TopologyDescription id: 6962785d3127086e3f0188e5, topology_type: Single, servers: [<ServerDescription ('localhost', 27017) server_type: Standalone, rtt: 0.0009483682475984097>]>", "clientId": {"$oid": "6962785d3127086e3f0188e5"}}
2026-01-10 18:06:12,830 - pymongo.serverSelection - DEBUG - {"message": "Server selection succeeded", "selector": "Primary()", "operation": "find", "topologyDescription": "<TopologyDescription id: 6962785d3127086e3f0188e5, topology_type: Single, servers: [<ServerDescription ('localhost', 27017) server_type: Standalone, rtt: 0.0009483682475984097>]>", "clientId": {"$oid": "6962785d3127086e3f0188e5"}, "serverHost": "localhost", "serverPort": 27017}
2026-01-10 18:06:12,830 - telegram.ext.ExtBot - DEBUG - Calling Bot API endpoint `getUpdates` with parameters `{'timeout': datetime.timedelta(seconds=10), 'offset': 328648464, 'allowed_updates': [<UpdateType.MESSAGE>, <UpdateType.EDITED_MESSAGE>, <UpdateType.CHANNEL_POST>, <UpdateType.EDITED_CHANNEL_POST>, <UpdateType.INLINE_QUERY>, <UpdateType.CHOSEN_INLINE_RESULT>, <UpdateType.CALLBACK_QUERY>, <UpdateType.SHIPPING_QUERY>, <UpdateType.PRE_CHECKOUT_QUERY>, <UpdateType.POLL>, <UpdateType.POLL_ANSWER>, <UpdateType.MY_CHAT_MEMBER>, <UpdateType.CHAT_MEMBER>, <UpdateType.CHAT_JOIN_REQUEST>, <UpdateType.CHAT_BOOST>, <UpdateType.REMOVED_CHAT_BOOST>, <UpdateType.MESSAGE_REACTION>, <UpdateType.MESSAGE_REACTION_COUNT>, <UpdateType.BUSINESS_CONNECTION>, <UpdateType.BUSINESS_MESSAGE>, <UpdateType.EDITED_BUSINESS_MESSAGE>, <UpdateType.DELETED_BUSINESS_MESSAGES>, <UpdateType.PURCHASED_PAID_MEDIA>]}`
2026-01-10 18:06:12,830 - pymongo.connection - DEBUG - {"message": "Connection checkout started", "clientId": {"$oid": "6962785d3127086e3f0188e5"}, "serverHost": "localhost", "serverPort": 27017}
2026-01-10 18:06:12,831 - pymongo.connection - DEBUG - {"message": "Connection checked out", "clientId": {"$oid": "6962785d3127086e3f0188e5"}, "serverHost": "localhost", "serverPort": 27017, "driverConnectionId": 1, "durationMS": 0.0010297088883817196}
2026-01-10 18:06:12,831 - httpcore.http11 - DEBUG - send_request_headers.started request=<Request [b'POST']>
2026-01-10 18:06:12,831 - pymongo.command - DEBUG - {"message": "Command started", "clientId": {"$oid": "6962785d3127086e3f0188e5"}, "command": "{\"find\": \"customers\", \"filter\": {\"telegram_id\": 1082780340}, \"limit\": 1, \"singleBatch\": true, \"lsid\": {\"id\": {\"$binary\": {\"base64\": \"LdgkyGwRQQSyWrdfSzU/Gg==\", \"subType\": \"04\"}}}, \"$db\": \"gym_ai\"}", "commandName": "find", "databaseName": "gym_ai", "requestId": 1617819336, "operationId": 1617819336, "driverConnectionId": 1, "serverConnectionId": 223, "serverHost": "localhost", "serverPort": 27017}
2026-01-10 18:06:12,832 - httpcore.http11 - DEBUG - send_request_headers.complete
2026-01-10 18:06:12,832 - httpcore.http11 - DEBUG - send_request_body.started request=<Request [b'POST']>
2026-01-10 18:06:12,832 - httpcore.http11 - DEBUG - send_request_body.complete
2026-01-10 18:06:12,833 - httpcore.http11 - DEBUG - receive_response_headers.started request=<Request [b'POST']>
2026-01-10 18:06:12,833 - pymongo.command - DEBUG - {"message": "Command succeeded", "clientId": {"$oid": "6962785d3127086e3f0188e5"}, "durationMS": 1.4909999999999999, "reply": "{\"cursor\": {\"firstBatch\": [{\"_id\": \"eab9a009-aeea-4285-bffd-5754e7f38a29\", \"id\": \"eab9a009-aeea-4285-bffd-5754e7f38a29\", \"crm_id\": \"TEST-1082780340\", \"telegram_id\": 1082780340, \"first_name\": \"yaron\", \"last_name\": \"AdminEdit\", \"phone\": \"000-1082780340\", \"status\": \"active\", \"membership_type\": \"monthly\", \"membership_start_date\": \"2026-01-10\", \"membership_end_date\": \"2026-02-09\", \"last_visit\": \"2026-01-10T17:00:08.478218\", \"health_score\": 99, \"preferred_language\": \"he\", \"created_at\": {\"$date\": \"2026-01-10T17:00:08.478Z\"}}], \"ns\": \"gym_ai.customers\"}, \"ok\": 1.0}", "commandName": "find", "databaseName": "gym_ai", "requestId": 1617819336, "operationId": 1617819336, "driverConnectionId": 1, "serverConnectionId": 223, "serverHost": "localhost", "serverPort": 27017}
2026-01-10 18:06:12,833 - pymongo.connection - DEBUG - {"message": "Connection checked in", "clientId": {"$oid": "6962785d3127086e3f0188e5"}, "serverHost": "localhost", "serverPort": 27017, "driverConnectionId": 1}
2026-01-10 18:06:12,834 - telegram.ext.ExtBot - DEBUG - Calling Bot API endpoint `sendChatAction` with parameters `{'chat_id': 1082780340, 'action': 'typing'}`
2026-01-10 18:06:12,834 - httpcore.connection - DEBUG - close.started
2026-01-10 18:06:12,835 - httpcore.connection - DEBUG - close.complete
2026-01-10 18:06:12,835 - httpcore.connection - DEBUG - connect_tcp.started host='api.telegram.org' port=443 local_address=None timeout=5.0 socket_options=None
2026-01-10 18:06:12,917 - httpcore.connection - DEBUG - connect_tcp.complete return_value=<httpcore._backends.anyio.AnyIOStream object at 0x10bc40090>
2026-01-10 18:06:12,918 - httpcore.connection - DEBUG - start_tls.started ssl_context=<ssl.SSLContext object at 0x10b82f0b0> server_hostname='api.telegram.org' timeout=5.0
2026-01-10 18:06:13,004 - httpcore.connection - DEBUG - start_tls.complete return_value=<httpcore._backends.anyio.AnyIOStream object at 0x10bc43350>
2026-01-10 18:06:13,005 - httpcore.http11 - DEBUG - send_request_headers.started request=<Request [b'POST']>
2026-01-10 18:06:13,006 - httpcore.http11 - DEBUG - send_request_headers.complete
2026-01-10 18:06:13,006 - httpcore.http11 - DEBUG - send_request_body.started request=<Request [b'POST']>
2026-01-10 18:06:13,006 - httpcore.http11 - DEBUG - send_request_body.complete
2026-01-10 18:06:13,006 - httpcore.http11 - DEBUG - receive_response_headers.started request=<Request [b'POST']>
2026-01-10 18:06:13,095 - httpcore.http11 - DEBUG - receive_response_headers.complete return_value=(b'HTTP/1.1', 200, b'OK', [(b'Server', b'nginx/1.18.0'), (b'Date', b'Sat, 10 Jan 2026 16:06:13 GMT'), (b'Content-Type', b'application/json'), (b'Content-Length', b'25'), (b'Connection', b'keep-alive'), (b'Strict-Transport-Security', b'max-age=31536000; includeSubDomains; preload'), (b'Access-Control-Allow-Origin', b'*'), (b'Access-Control-Allow-Methods', b'GET, POST, OPTIONS'), (b'Access-Control-Expose-Headers', b'Content-Length,Content-Type,Date,Server,Connection')])
2026-01-10 18:06:13,095 - httpx - INFO - HTTP Request: POST https://api.telegram.org/bot8490932438:AAFVy70Urq5Cj0h7gUKJbECBv3z9-apYZtM/sendChatAction "HTTP/1.1 200 OK"
2026-01-10 18:06:13,096 - httpcore.http11 - DEBUG - receive_response_body.started request=<Request [b'POST']>
2026-01-10 18:06:13,096 - httpcore.http11 - DEBUG - receive_response_body.complete
2026-01-10 18:06:13,096 - httpcore.http11 - DEBUG - response_closed.started
2026-01-10 18:06:13,096 - httpcore.http11 - DEBUG - response_closed.complete
2026-01-10 18:06:13,097 - telegram.ext.ExtBot - DEBUG - Call to Bot API endpoint `sendChatAction` finished with return value `True`
2026-01-10 18:06:13,097 - pymongo.serverSelection - DEBUG - {"message": "Server selection started", "selector": "Primary()", "operation": "find", "topologyDescription": "<TopologyDescription id: 6962785d3127086e3f0188e5, topology_type: Single, servers: [<ServerDescription ('localhost', 27017) server_type: Standalone, rtt: 0.0009483682475984097>]>", "clientId": {"$oid": "6962785d3127086e3f0188e5"}}
2026-01-10 18:06:13,098 - pymongo.serverSelection - DEBUG - {"message": "Server selection succeeded", "selector": "Primary()", "operation": "find", "topologyDescription": "<TopologyDescription id: 6962785d3127086e3f0188e5, topology_type: Single, servers: [<ServerDescription ('localhost', 27017) server_type: Standalone, rtt: 0.0009483682475984097>]>", "clientId": {"$oid": "6962785d3127086e3f0188e5"}, "serverHost": "localhost", "serverPort": 27017}
2026-01-10 18:06:13,098 - pymongo.connection - DEBUG - {"message": "Connection checkout started", "clientId": {"$oid": "6962785d3127086e3f0188e5"}, "serverHost": "localhost", "serverPort": 27017}
2026-01-10 18:06:13,098 - pymongo.connection - DEBUG - {"message": "Connection checked out", "clientId": {"$oid": "6962785d3127086e3f0188e5"}, "serverHost": "localhost", "serverPort": 27017, "driverConnectionId": 1, "durationMS": 0.00014683278277516365}
2026-01-10 18:06:13,098 - pymongo.command - DEBUG - {"message": "Command started", "clientId": {"$oid": "6962785d3127086e3f0188e5"}, "command": "{\"find\": \"conversations\", \"filter\": {\"customer_id\": \"eab9a009-aeea-4285-bffd-5754e7f38a29\", \"channel\": \"telegram\", \"status\": \"active\"}, \"limit\": 1, \"singleBatch\": true, \"lsid\": {\"id\": {\"$binary\": {\"base64\": \"LdgkyGwRQQSyWrdfSzU/Gg==\", \"subType\": \"04\"}}}, \"$db\": \"gym_ai\"}", "commandName": "find", "databaseName": "gym_ai", "requestId": 1399125485, "operationId": 1399125485, "driverConnectionId": 1, "serverConnectionId": 223, "serverHost": "localhost", "serverPort": 27017}
2026-01-10 18:06:13,100 - pymongo.command - DEBUG - {"message": "Command succeeded", "clientId": {"$oid": "6962785d3127086e3f0188e5"}, "durationMS": 1.544, "reply": "{\"cursor\": {\"firstBatch\": [{\"_id\": \"daafb0ae-67ab-4dea-bad4-0f9793970f88\", \"customer_id\": \"eab9a009-aeea-4285-bffd-5754e7f38a29\", \"channel\": \"telegram\", \"status\": \"active\", \"started_at\": {\"$date\": \"2026-01-10T17:00:44.097Z\"}, \"last_message_at\": {\"$date\": \"2026-01-10T18:06:01.810Z\"}, \"unanswered_count\": 1}], \"ns\": \"gym_ai.conversations\"}, \"ok\": 1.0}", "commandName": "find", "databaseName": "gym_ai", "requestId": 1399125485, "operationId": 1399125485, "driverConnectionId": 1, "serverConnectionId": 223, "serverHost": "localhost", "serverPort": 27017}
2026-01-10 18:06:13,100 - pymongo.connection - DEBUG - {"message": "Connection checked in", "clientId": {"$oid": "6962785d3127086e3f0188e5"}, "serverHost": "localhost", "serverPort": 27017, "driverConnectionId": 1}
2026-01-10 18:06:13,101 - pymongo.serverSelection - DEBUG - {"message": "Server selection started", "selector": "<function writable_server_selector at 0x1056418a0>", "operation": "insert", "topologyDescription": "<TopologyDescription id: 6962785d3127086e3f0188e5, topology_type: Single, servers: [<ServerDescription ('localhost', 27017) server_type: Standalone, rtt: 0.0009483682475984097>]>", "clientId": {"$oid": "6962785d3127086e3f0188e5"}}
2026-01-10 18:06:13,101 - pymongo.serverSelection - DEBUG - {"message": "Server selection succeeded", "selector": "<function writable_server_selector at 0x1056418a0>", "operation": "insert", "topologyDescription": "<TopologyDescription id: 6962785d3127086e3f0188e5, topology_type: Single, servers: [<ServerDescription ('localhost', 27017) server_type: Standalone, rtt: 0.0009483682475984097>]>", "clientId": {"$oid": "6962785d3127086e3f0188e5"}, "serverHost": "localhost", "serverPort": 27017}
2026-01-10 18:06:13,101 - pymongo.connection - DEBUG - {"message": "Connection checkout started", "clientId": {"$oid": "6962785d3127086e3f0188e5"}, "serverHost": "localhost", "serverPort": 27017}
2026-01-10 18:06:13,101 - pymongo.connection - DEBUG - {"message": "Connection checked out", "clientId": {"$oid": "6962785d3127086e3f0188e5"}, "serverHost": "localhost", "serverPort": 27017, "driverConnectionId": 1, "durationMS": 7.504178211092949e-05}
2026-01-10 18:06:13,101 - pymongo.command - DEBUG - {"message": "Command started", "clientId": {"$oid": "6962785d3127086e3f0188e5"}, "command": "{\"insert\": \"messages\", \"ordered\": true, \"lsid\": {\"id\": {\"$binary\": {\"base64\": \"LdgkyGwRQQSyWrdfSzU/Gg==\", \"subType\": \"04\"}}}, \"$db\": \"gym_ai\", \"documents\": [{\"_id\": \"d6fe77bc-bff4-4dec-9864-e283ffb178c5\", \"conversation_id\": \"daafb0ae-67ab-4dea-bad4-0f9793970f88\", \"direction\": \"inbound\", \"content\": \"\\u05d1\\u05d5\\u05d0 \\u05e0\\u05ea\\u05d0\\u05dd\", \"created_at\": {\"$date\": \"2026-01-10T18:06:13.100Z\"}}]}", "commandName": "insert", "databaseName": "gym_ai", "requestId": 156091745, "operationId": 156091745, "driverConnectionId": 1, "serverConnectionId": 223, "serverHost": "localhost", "serverPort": 27017}
2026-01-10 18:06:13,102 - pymongo.command - DEBUG - {"message": "Command succeeded", "clientId": {"$oid": "6962785d3127086e3f0188e5"}, "durationMS": 0.795, "reply": "{\"n\": 1, \"ok\": 1.0}", "commandName": "insert", "databaseName": "gym_ai", "requestId": 156091745, "operationId": 156091745, "driverConnectionId": 1, "serverConnectionId": 223, "serverHost": "localhost", "serverPort": 27017}
2026-01-10 18:06:13,102 - pymongo.connection - DEBUG - {"message": "Connection checked in", "clientId": {"$oid": "6962785d3127086e3f0188e5"}, "serverHost": "localhost", "serverPort": 27017, "driverConnectionId": 1}
2026-01-10 18:06:13,102 - pymongo.serverSelection - DEBUG - {"message": "Server selection started", "selector": "<function writable_server_selector at 0x1056418a0>", "operation": "update", "topologyDescription": "<TopologyDescription id: 6962785d3127086e3f0188e5, topology_type: Single, servers: [<ServerDescription ('localhost', 27017) server_type: Standalone, rtt: 0.0009483682475984097>]>", "clientId": {"$oid": "6962785d3127086e3f0188e5"}}
2026-01-10 18:06:13,103 - pymongo.serverSelection - DEBUG - {"message": "Server selection succeeded", "selector": "<function writable_server_selector at 0x1056418a0>", "operation": "update", "topologyDescription": "<TopologyDescription id: 6962785d3127086e3f0188e5, topology_type: Single, servers: [<ServerDescription ('localhost', 27017) server_type: Standalone, rtt: 0.0009483682475984097>]>", "clientId": {"$oid": "6962785d3127086e3f0188e5"}, "serverHost": "localhost", "serverPort": 27017}
2026-01-10 18:06:13,103 - pymongo.connection - DEBUG - {"message": "Connection checkout started", "clientId": {"$oid": "6962785d3127086e3f0188e5"}, "serverHost": "localhost", "serverPort": 27017}
2026-01-10 18:06:13,103 - pymongo.connection - DEBUG - {"message": "Connection checked out", "clientId": {"$oid": "6962785d3127086e3f0188e5"}, "serverHost": "localhost", "serverPort": 27017, "driverConnectionId": 1, "durationMS": 7.287506014108658e-05}
2026-01-10 18:06:13,103 - pymongo.command - DEBUG - {"message": "Command started", "clientId": {"$oid": "6962785d3127086e3f0188e5"}, "command": "{\"update\": \"conversations\", \"ordered\": true, \"lsid\": {\"id\": {\"$binary\": {\"base64\": \"LdgkyGwRQQSyWrdfSzU/Gg==\", \"subType\": \"04\"}}}, \"$db\": \"gym_ai\", \"updates\": [{\"q\": {\"_id\": \"daafb0ae-67ab-4dea-bad4-0f9793970f88\"}, \"u\": {\"$set\": {\"last_message_at\": {\"$date\": \"2026-01-10T18:06:13.100Z\"}}}}]}", "commandName": "update", "databaseName": "gym_ai", "requestId": 1356425228, "operationId": 1356425228, "driverConnectionId": 1, "serverConnectionId": 223, "serverHost": "localhost", "serverPort": 27017}
2026-01-10 18:06:13,104 - pymongo.command - DEBUG - {"message": "Command succeeded", "clientId": {"$oid": "6962785d3127086e3f0188e5"}, "durationMS": 0.851, "reply": "{\"n\": 1, \"nModified\": 1, \"ok\": 1.0}", "commandName": "update", "databaseName": "gym_ai", "requestId": 1356425228, "operationId": 1356425228, "driverConnectionId": 1, "serverConnectionId": 223, "serverHost": "localhost", "serverPort": 27017}
2026-01-10 18:06:13,104 - pymongo.connection - DEBUG - {"message": "Connection checked in", "clientId": {"$oid": "6962785d3127086e3f0188e5"}, "serverHost": "localhost", "serverPort": 27017, "driverConnectionId": 1}
2026-01-10 18:06:13,104 - pymongo.serverSelection - DEBUG - {"message": "Server selection started", "selector": "Primary()", "operation": "find", "topologyDescription": "<TopologyDescription id: 6962785d3127086e3f0188e5, topology_type: Single, servers: [<ServerDescription ('localhost', 27017) server_type: Standalone, rtt: 0.0009483682475984097>]>", "clientId": {"$oid": "6962785d3127086e3f0188e5"}}
2026-01-10 18:06:13,104 - pymongo.serverSelection - DEBUG - {"message": "Server selection succeeded", "selector": "Primary()", "operation": "find", "topologyDescription": "<TopologyDescription id: 6962785d3127086e3f0188e5, topology_type: Single, servers: [<ServerDescription ('localhost', 27017) server_type: Standalone, rtt: 0.0009483682475984097>]>", "clientId": {"$oid": "6962785d3127086e3f0188e5"}, "serverHost": "localhost", "serverPort": 27017}
2026-01-10 18:06:13,104 - pymongo.connection - DEBUG - {"message": "Connection checkout started", "clientId": {"$oid": "6962785d3127086e3f0188e5"}, "serverHost": "localhost", "serverPort": 27017}
2026-01-10 18:06:13,105 - pymongo.connection - DEBUG - {"message": "Connection checked out", "clientId": {"$oid": "6962785d3127086e3f0188e5"}, "serverHost": "localhost", "serverPort": 27017, "driverConnectionId": 1, "durationMS": 8.233264088630676e-05}
2026-01-10 18:06:13,105 - pymongo.command - DEBUG - {"message": "Command started", "clientId": {"$oid": "6962785d3127086e3f0188e5"}, "command": "{\"find\": \"messages\", \"filter\": {\"conversation_id\": \"daafb0ae-67ab-4dea-bad4-0f9793970f88\"}, \"sort\": {\"created_at\": -1}, \"limit\": 10, \"lsid\": {\"id\": {\"$binary\": {\"base64\": \"LdgkyGwRQQSyWrdfSzU/Gg==\", \"subType\": \"04\"}}}, \"$db\": \"gym_ai\"}", "commandName": "find", "databaseName": "gym_ai", "requestId": 1899894091, "operationId": 1899894091, "driverConnectionId": 1, "serverConnectionId": 223, "serverHost": "localhost", "serverPort": 27017}
2026-01-10 18:06:13,106 - pymongo.command - DEBUG - {"message": "Command succeeded", "clientId": {"$oid": "6962785d3127086e3f0188e5"}, "durationMS": 1.088, "reply": "{\"cursor\": {\"firstBatch\": [{\"_id\": \"d6fe77bc-bff4-4dec-9864-e283ffb178c5\", \"conversation_id\": \"daafb0ae-67ab-4dea-bad4-0f9793970f88\", \"direction\": \"inbound\", \"content\": \"\u05d1\u05d5\u05d0 \u05e0\u05ea\u05d0\u05dd\", \"created_at\": {\"$date\": \"2026-01-10T18:06:13.100Z\"}}, {\"_id\": \"86a2d3dd-8e5c-4932-af5b-cb3b39e09c98\", \"conversation_id\": \"daafb0ae-67ab-4dea-bad4-0f9793970f88\", \"direction\": \"outbound\", \"content\": \"\u05d1\u05d8\u05d7! \u05d0\u05e6\u05dc\u05e0\u05d5 \u05d4\u05e1\u05d8\u05d5\u05d3\u05d9\u05d5 \u05de\u05ea\u05d0\u05d9\u05dd \u05d2\u05dd \u05dc\u05de\u05ea\u05d7\u05d9\u05dc\u05d9\u05dd, \u05d4\u05de\u05d0\u05de\u05e0\u05d9\u05dd \u05de\u05ea\u05d0\u05d9\u05de\u05d9\u05dd \u05d0\u05ea \u05d4\u05ea\u05e8\u05d2\u05d9\u05dc\u05d9\u05dd \u05dc\u05db\u05dc \u05e8\u05de\u05d4. \u05d1\u05d3\u05e8\u05da \u05db\u05dc\u05dc \u05d0\u05d9\u05df \u05e6\u05d5\u05e8\u05da \u05dc\u05d4\u05d6\u05de\u05d9\u05df \u05de\u05e7\u05d5\u05dd \u05dc-Open Gym, \u05d5\u05d0\u05e4\u05e9\u05e8 \u05d2\u05dd ...", "commandName": "find", "databaseName": "gym_ai", "requestId": 1899894091, "operationId": 1899894091, "driverConnectionId": 1, "serverConnectionId": 223, "serverHost": "localhost", "serverPort": 27017}
2026-01-10 18:06:13,106 - pymongo.connection - DEBUG - {"message": "Connection checked in", "clientId": {"$oid": "6962785d3127086e3f0188e5"}, "serverHost": "localhost", "serverPort": 27017, "driverConnectionId": 1}
2026-01-10 18:06:13,109 - pymongo.serverSelection - DEBUG - {"message": "Server selection started", "selector": "Primary()", "operation": "find", "topologyDescription": "<TopologyDescription id: 6962785d3127086e3f0188e5, topology_type: Single, servers: [<ServerDescription ('localhost', 27017) server_type: Standalone, rtt: 0.0009483682475984097>]>", "clientId": {"$oid": "6962785d3127086e3f0188e5"}}
2026-01-10 18:06:13,109 - pymongo.serverSelection - DEBUG - {"message": "Server selection succeeded", "selector": "Primary()", "operation": "find", "topologyDescription": "<TopologyDescription id: 6962785d3127086e3f0188e5, topology_type: Single, servers: [<ServerDescription ('localhost', 27017) server_type: Standalone, rtt: 0.0009483682475984097>]>", "clientId": {"$oid": "6962785d3127086e3f0188e5"}, "serverHost": "localhost", "serverPort": 27017}
2026-01-10 18:06:13,110 - pymongo.connection - DEBUG - {"message": "Connection checkout started", "clientId": {"$oid": "6962785d3127086e3f0188e5"}, "serverHost": "localhost", "serverPort": 27017}
2026-01-10 18:06:13,110 - pymongo.connection - DEBUG - {"message": "Connection checked out", "clientId": {"$oid": "6962785d3127086e3f0188e5"}, "serverHost": "localhost", "serverPort": 27017, "driverConnectionId": 1, "durationMS": 0.00018199998885393143}
2026-01-10 18:06:13,110 - pymongo.command - DEBUG - {"message": "Command started", "clientId": {"$oid": "6962785d3127086e3f0188e5"}, "command": "{\"find\": \"system_config\", \"filter\": {\"key\": \"system_prompt\"}, \"limit\": 1, \"singleBatch\": true, \"lsid\": {\"id\": {\"$binary\": {\"base64\": \"LdgkyGwRQQSyWrdfSzU/Gg==\", \"subType\": \"04\"}}}, \"$db\": \"gym_ai\"}", "commandName": "find", "databaseName": "gym_ai", "requestId": 585640194, "operationId": 585640194, "driverConnectionId": 1, "serverConnectionId": 223, "serverHost": "localhost", "serverPort": 27017}
2026-01-10 18:06:13,111 - pymongo.command - DEBUG - {"message": "Command succeeded", "clientId": {"$oid": "6962785d3127086e3f0188e5"}, "durationMS": 0.606, "reply": "{\"cursor\": {\"firstBatch\": [{\"_id\": {\"$oid\": \"6962701e53e27f5a44440a02\"}, \"key\": \"system_prompt\", \"updated_at\": {\"$date\": \"2026-01-10T16:05:23.358Z\"}, \"updated_by\": \"admin\", \"value\": \"You are a gym assistant. \\u05e9\\u05e2\\u05d5\\u05ea \\u05e4\\u05e2\\u05d9\\u05dc\\u05d5\\u05ea \\u05d4\\u05df \\u05de10- 19\\n\\u05db\\u05dc \\u05d9\\u05d5\\u05dd\"}], \"ns\": \"gym_ai.system_config\"}, \"ok\": 1.0}", "commandName": "find", "databaseName": "gym_ai", "requestId": 585640194, "operationId": 585640194, "driverConnectionId": 1, "serverConnectionId": 223, "serverHost": "localhost", "serverPort": 27017}
2026-01-10 18:06:13,111 - pymongo.connection - DEBUG - {"message": "Connection checked in", "clientId": {"$oid": "6962785d3127086e3f0188e5"}, "serverHost": "localhost", "serverPort": 27017, "driverConnectionId": 1}
2026-01-10 18:06:13,114 - httpcore.connection - DEBUG - close.started
2026-01-10 18:06:13,115 - httpcore.connection - DEBUG - close.complete
2026-01-10 18:06:13,115 - httpcore.connection - DEBUG - connect_tcp.started host='generativelanguage.googleapis.com' port=443 local_address=None timeout=None socket_options=None
2026-01-10 18:06:13,128 - httpcore.connection - DEBUG - connect_tcp.complete return_value=<httpcore._backends.anyio.AnyIOStream object at 0x107776c50>
2026-01-10 18:06:13,129 - httpcore.connection - DEBUG - start_tls.started ssl_context=<ssl.SSLContext object at 0x1077408c0> server_hostname='generativelanguage.googleapis.com' timeout=None
2026-01-10 18:06:13,203 - httpcore.connection - DEBUG - start_tls.complete return_value=<httpcore._backends.anyio.AnyIOStream object at 0x10b8d06d0>
2026-01-10 18:06:13,204 - httpcore.http11 - DEBUG - send_request_headers.started request=<Request [b'POST']>
2026-01-10 18:06:13,204 - httpcore.http11 - DEBUG - send_request_headers.complete
2026-01-10 18:06:13,204 - httpcore.http11 - DEBUG - send_request_body.started request=<Request [b'POST']>
2026-01-10 18:06:13,205 - httpcore.http11 - DEBUG - send_request_body.complete
2026-01-10 18:06:13,205 - httpcore.http11 - DEBUG - receive_response_headers.started request=<Request [b'POST']>
2026-01-10 18:06:13,911 - pymongo.topology - DEBUG - {"message": "Server heartbeat succeeded", "topologyId": {"$oid": "6962785d3127086e3f0188e5"}, "driverConnectionId": 1, "serverConnectionId": 221, "serverHost": "localhost", "serverPort": 27017, "awaited": true, "durationMS": 9999.333708081394, "reply": "{\"isWritablePrimary\": true, \"topologyVersion\": {\"processId\": {\"$oid\": \"695c03b553e27f5a444409fe\"}}, \"maxBsonObjectSize\": 16777216, \"maxMessageSizeBytes\": 48000000, \"maxWriteBatchSize\": 100000, \"localTime\": {\"$date\": \"2026-01-10T16:06:13.910Z\"}, \"logicalSessionTimeoutMinutes\": 30, \"connectionId\": 221, \"maxWireVersion\": 27, \"ok\": 1.0}"}
2026-01-10 18:06:13,912 - pymongo.topology - DEBUG - {"message": "Server heartbeat started", "topologyId": {"$oid": "6962785d3127086e3f0188e5"}, "driverConnectionId": 1, "serverConnectionId": 221, "serverHost": "localhost", "serverPort": 27017, "awaited": true}
2026-01-10 18:06:14,549 - httpcore.http11 - DEBUG - receive_response_headers.complete return_value=(b'HTTP/1.1', 200, b'OK', [(b'Content-Type', b'application/json; charset=UTF-8'), (b'Vary', b'Origin'), (b'Vary', b'X-Origin'), (b'Vary', b'Referer'), (b'Content-Encoding', b'gzip'), (b'Date', b'Sat, 10 Jan 2026 16:06:14 GMT'), (b'Server', b'scaffolding on HTTPServer2'), (b'X-XSS-Protection', b'0'), (b'X-Frame-Options', b'SAMEORIGIN'), (b'X-Content-Type-Options', b'nosniff'), (b'Server-Timing', b'gfet4t7; dur=1333'), (b'Alt-Svc', b'h3=":443"; ma=2592000,h3-29=":443"; ma=2592000'), (b'Transfer-Encoding', b'chunked')])
2026-01-10 18:06:14,550 - httpx - INFO - HTTP Request: POST https://generativelanguage.googleapis.com/v1beta/models/gemini-2.5-flash:generateContent "HTTP/1.1 200 OK"
2026-01-10 18:06:14,550 - httpcore.http11 - DEBUG - receive_response_body.started request=<Request [b'POST']>
2026-01-10 18:06:14,551 - httpcore.http11 - DEBUG - receive_response_body.complete
2026-01-10 18:06:14,551 - httpcore.http11 - DEBUG - response_closed.started
2026-01-10 18:06:14,552 - httpcore.http11 - DEBUG - response_closed.complete
2026-01-10 18:06:14,559 - httpcore.http11 - DEBUG - send_request_headers.started request=<Request [b'POST']>
2026-01-10 18:06:14,560 - httpcore.http11 - DEBUG - send_request_headers.complete
2026-01-10 18:06:14,560 - httpcore.http11 - DEBUG - send_request_body.started request=<Request [b'POST']>
2026-01-10 18:06:14,560 - httpcore.http11 - DEBUG - send_request_body.complete
2026-01-10 18:06:14,561 - httpcore.http11 - DEBUG - receive_response_headers.started request=<Request [b'POST']>
2026-01-10 18:06:16,610 - httpcore.http11 - DEBUG - receive_response_headers.complete return_value=(b'HTTP/1.1', 200, b'OK', [(b'Content-Type', b'application/json; charset=UTF-8'), (b'Vary', b'Origin'), (b'Vary', b'X-Origin'), (b'Vary', b'Referer'), (b'Content-Encoding', b'gzip'), (b'Date', b'Sat, 10 Jan 2026 16:06:16 GMT'), (b'Server', b'scaffolding on HTTPServer2'), (b'X-XSS-Protection', b'0'), (b'X-Frame-Options', b'SAMEORIGIN'), (b'X-Content-Type-Options', b'nosniff'), (b'Server-Timing', b'gfet4t7; dur=1998'), (b'Alt-Svc', b'h3=":443"; ma=2592000,h3-29=":443"; ma=2592000'), (b'Transfer-Encoding', b'chunked')])
2026-01-10 18:06:16,611 - httpx - INFO - HTTP Request: POST https://generativelanguage.googleapis.com/v1beta/models/gemini-2.5-flash:generateContent "HTTP/1.1 200 OK"
2026-01-10 18:06:16,611 - httpcore.http11 - DEBUG - receive_response_body.started request=<Request [b'POST']>
2026-01-10 18:06:16,611 - httpcore.http11 - DEBUG - receive_response_body.complete
2026-01-10 18:06:16,612 - httpcore.http11 - DEBUG - response_closed.started
2026-01-10 18:06:16,612 - httpcore.http11 - DEBUG - response_closed.complete
2026-01-10 18:06:16,615 - pymongo.serverSelection - DEBUG - {"message": "Server selection started", "selector": "<function writable_server_selector at 0x1056418a0>", "operation": "insert", "topologyDescription": "<TopologyDescription id: 6962785d3127086e3f0188e5, topology_type: Single, servers: [<ServerDescription ('localhost', 27017) server_type: Standalone, rtt: 0.0010000778563320637>]>", "clientId": {"$oid": "6962785d3127086e3f0188e5"}}
2026-01-10 18:06:16,616 - pymongo.serverSelection - DEBUG - {"message": "Server selection succeeded", "selector": "<function writable_server_selector at 0x1056418a0>", "operation": "insert", "topologyDescription": "<TopologyDescription id: 6962785d3127086e3f0188e5, topology_type: Single, servers: [<ServerDescription ('localhost', 27017) server_type: Standalone, rtt: 0.0010000778563320637>]>", "clientId": {"$oid": "6962785d3127086e3f0188e5"}, "serverHost": "localhost", "serverPort": 27017}
2026-01-10 18:06:16,616 - pymongo.connection - DEBUG - {"message": "Connection checkout started", "clientId": {"$oid": "6962785d3127086e3f0188e5"}, "serverHost": "localhost", "serverPort": 27017}
2026-01-10 18:06:16,616 - pymongo.connection - DEBUG - {"message": "Connection checked out", "clientId": {"$oid": "6962785d3127086e3f0188e5"}, "serverHost": "localhost", "serverPort": 27017, "driverConnectionId": 1, "durationMS": 0.0002025826834142208}
2026-01-10 18:06:16,616 - pymongo.command - DEBUG - {"message": "Command started", "clientId": {"$oid": "6962785d3127086e3f0188e5"}, "command": "{\"insert\": \"messages\", \"ordered\": true, \"lsid\": {\"id\": {\"$binary\": {\"base64\": \"LdgkyGwRQQSyWrdfSzU/Gg==\", \"subType\": \"04\"}}}, \"$db\": \"gym_ai\", \"documents\": [{\"_id\": \"7a31d2b0-1277-472c-b852-085522dd52ed\", \"conversation_id\": \"daafb0ae-67ab-4dea-bad4-0f9793970f88\", \"direction\": \"outbound\", \"content\": \"\\u05d1\\u05d8\\u05d7! \\u05d0\\u05d9\\u05d6\\u05d4 \\u05e1\\u05d5\\u05d2 \\u05e9\\u05dc \\u05d0\\u05d9\\u05de\\u05d5\\u05df \\u05ea\\u05e8\\u05e6\\u05d4/\\u05ea\\u05e8\\u05e6\\u05d9 \\u05dc\\u05ea\\u05d0\\u05dd? \\u05d0\\u05d9\\u05de\\u05d5\\u05df \\u05d0\\u05d9\\u05e9\\u05d9 \\u05d0\\u05d5 \\u05e9\\u05d9\\u05e2\\u05d5\\u05e8 \\u05e7\\u05d1\\u05d5\\u05e6\\u05ea\\u05d9?\", \"intent\": \"question\", \"agent_type\": \"orchestrator\", \"created_at\": {\"$date\": \"2026-01-10T18:06:16.615Z\"}}]}", "commandName": "insert", "databaseName": "gym_ai", "requestId": 1646035001, "operationId": 1646035001, "driverConnectionId": 1, "serverConnectionId": 223, "serverHost": "localhost", "serverPort": 27017}
2026-01-10 18:06:16,618 - pymongo.command - DEBUG - {"message": "Command succeeded", "clientId": {"$oid": "6962785d3127086e3f0188e5"}, "durationMS": 1.279, "reply": "{\"n\": 1, \"ok\": 1.0}", "commandName": "insert", "databaseName": "gym_ai", "requestId": 1646035001, "operationId": 1646035001, "driverConnectionId": 1, "serverConnectionId": 223, "serverHost": "localhost", "serverPort": 27017}
2026-01-10 18:06:16,618 - pymongo.connection - DEBUG - {"message": "Connection checked in", "clientId": {"$oid": "6962785d3127086e3f0188e5"}, "serverHost": "localhost", "serverPort": 27017, "driverConnectionId": 1}
2026-01-10 18:06:16,618 - pymongo.serverSelection - DEBUG - {"message": "Server selection started", "selector": "<function writable_server_selector at 0x1056418a0>", "operation": "update", "topologyDescription": "<TopologyDescription id: 6962785d3127086e3f0188e5, topology_type: Single, servers: [<ServerDescription ('localhost', 27017) server_type: Standalone, rtt: 0.0010000778563320637>]>", "clientId": {"$oid": "6962785d3127086e3f0188e5"}}
2026-01-10 18:06:16,618 - pymongo.serverSelection - DEBUG - {"message": "Server selection succeeded", "selector": "<function writable_server_selector at 0x1056418a0>", "operation": "update", "topologyDescription": "<TopologyDescription id: 6962785d3127086e3f0188e5, topology_type: Single, servers: [<ServerDescription ('localhost', 27017) server_type: Standalone, rtt: 0.0010000778563320637>]>", "clientId": {"$oid": "6962785d3127086e3f0188e5"}, "serverHost": "localhost", "serverPort": 27017}
2026-01-10 18:06:16,619 - pymongo.connection - DEBUG - {"message": "Connection checkout started", "clientId": {"$oid": "6962785d3127086e3f0188e5"}, "serverHost": "localhost", "serverPort": 27017}
2026-01-10 18:06:16,619 - pymongo.connection - DEBUG - {"message": "Connection checked out", "clientId": {"$oid": "6962785d3127086e3f0188e5"}, "serverHost": "localhost", "serverPort": 27017, "driverConnectionId": 1, "durationMS": 8.483370766043663e-05}
2026-01-10 18:06:16,619 - pymongo.command - DEBUG - {"message": "Command started", "clientId": {"$oid": "6962785d3127086e3f0188e5"}, "command": "{\"update\": \"conversations\", \"ordered\": true, \"lsid\": {\"id\": {\"$binary\": {\"base64\": \"LdgkyGwRQQSyWrdfSzU/Gg==\", \"subType\": \"04\"}}}, \"$db\": \"gym_ai\", \"updates\": [{\"q\": {\"_id\": \"daafb0ae-67ab-4dea-bad4-0f9793970f88\"}, \"u\": {\"$set\": {\"last_message_at\": {\"$date\": \"2026-01-10T18:06:16.615Z\"}}, \"$inc\": {\"unanswered_count\": 1}}}]}", "commandName": "update", "databaseName": "gym_ai", "requestId": 1025921153, "operationId": 1025921153, "driverConnectionId": 1, "serverConnectionId": 223, "serverHost": "localhost", "serverPort": 27017}
2026-01-10 18:06:16,620 - pymongo.command - DEBUG - {"message": "Command succeeded", "clientId": {"$oid": "6962785d3127086e3f0188e5"}, "durationMS": 0.975, "reply": "{\"n\": 1, \"nModified\": 1, \"ok\": 1.0}", "commandName": "update", "databaseName": "gym_ai", "requestId": 1025921153, "operationId": 1025921153, "driverConnectionId": 1, "serverConnectionId": 223, "serverHost": "localhost", "serverPort": 27017}
2026-01-10 18:06:16,620 - pymongo.connection - DEBUG - {"message": "Connection checked in", "clientId": {"$oid": "6962785d3127086e3f0188e5"}, "serverHost": "localhost", "serverPort": 27017, "driverConnectionId": 1}
2026-01-10 18:06:16,620 - pymongo.serverSelection - DEBUG - {"message": "Server selection started", "selector": "<function writable_server_selector at 0x1056418a0>", "operation": "insert", "topologyDescription": "<TopologyDescription id: 6962785d3127086e3f0188e5, topology_type: Single, servers: [<ServerDescription ('localhost', 27017) server_type: Standalone, rtt: 0.0010000778563320637>]>", "clientId": {"$oid": "6962785d3127086e3f0188e5"}}
2026-01-10 18:06:16,620 - pymongo.serverSelection - DEBUG - {"message": "Server selection succeeded", "selector": "<function writable_server_selector at 0x1056418a0>", "operation": "insert", "topologyDescription": "<TopologyDescription id: 6962785d3127086e3f0188e5, topology_type: Single, servers: [<ServerDescription ('localhost', 27017) server_type: Standalone, rtt: 0.0010000778563320637>]>", "clientId": {"$oid": "6962785d3127086e3f0188e5"}, "serverHost": "localhost", "serverPort": 27017}
2026-01-10 18:06:16,621 - pymongo.connection - DEBUG - {"message": "Connection checkout started", "clientId": {"$oid": "6962785d3127086e3f0188e5"}, "serverHost": "localhost", "serverPort": 27017}
2026-01-10 18:06:16,621 - pymongo.connection - DEBUG - {"message": "Connection checked out", "clientId": {"$oid": "6962785d3127086e3f0188e5"}, "serverHost": "localhost", "serverPort": 27017, "driverConnectionId": 1, "durationMS": 7.745763286948204e-05}
2026-01-10 18:06:16,621 - pymongo.command - DEBUG - {"message": "Command started", "clientId": {"$oid": "6962785d3127086e3f0188e5"}, "command": "{\"insert\": \"analytics_events\", \"ordered\": true, \"lsid\": {\"id\": {\"$binary\": {\"base64\": \"LdgkyGwRQQSyWrdfSzU/Gg==\", \"subType\": \"04\"}}}, \"$db\": \"gym_ai\", \"documents\": [{\"_id\": \"328cd621-678c-4cad-b24d-7336e32bd3a2\", \"event_type\": \"conversation.message_received\", \"customer_id\": \"eab9a009-aeea-4285-bffd-5754e7f38a29\", \"conversation_id\": \"daafb0ae-67ab-4dea-bad4-0f9793970f88\", \"properties\": {\"intent\": \"question\"}, \"created_at\": {\"$date\": \"2026-01-10T18:06:16.620Z\"}}]}", "commandName": "insert", "databaseName": "gym_ai", "requestId": 510616708, "operationId": 510616708, "driverConnectionId": 1, "serverConnectionId": 223, "serverHost": "localhost", "serverPort": 27017}
2026-01-10 18:06:16,622 - pymongo.command - DEBUG - {"message": "Command succeeded", "clientId": {"$oid": "6962785d3127086e3f0188e5"}, "durationMS": 0.823, "reply": "{\"n\": 1, \"ok\": 1.0}", "commandName": "insert", "databaseName": "gym_ai", "requestId": 510616708, "operationId": 510616708, "driverConnectionId": 1, "serverConnectionId": 223, "serverHost": "localhost", "serverPort": 27017}
2026-01-10 18:06:16,622 - pymongo.connection - DEBUG - {"message": "Connection checked in", "clientId": {"$oid": "6962785d3127086e3f0188e5"}, "serverHost": "localhost", "serverPort": 27017, "driverConnectionId": 1}
2026-01-10 18:06:16,622 - __main__ - INFO - Response - Intent: Intent.QUESTION, Escalate: False
2026-01-10 18:06:16,622 - telegram.ext.ExtBot - DEBUG - Calling Bot API endpoint `sendMessage` with parameters `{'chat_id': 1082780340, 'text': 'בטח! איזה סוג של אימון תרצה/תרצי לתאם? אימון אישי או שיעור קבוצתי?'}`
2026-01-10 18:06:16,623 - httpcore.http11 - DEBUG - send_request_headers.started request=<Request [b'POST']>
2026-01-10 18:06:16,624 - httpcore.http11 - DEBUG - send_request_headers.complete
2026-01-10 18:06:16,624 - httpcore.http11 - DEBUG - send_request_body.started request=<Request [b'POST']>
2026-01-10 18:06:16,624 - httpcore.http11 - DEBUG - send_request_body.complete
2026-01-10 18:06:16,624 - httpcore.http11 - DEBUG - receive_response_headers.started request=<Request [b'POST']>
2026-01-10 18:06:16,735 - httpcore.http11 - DEBUG - receive_response_headers.complete return_value=(b'HTTP/1.1', 200, b'OK', [(b'Server', b'nginx/1.18.0'), (b'Date', b'Sat, 10 Jan 2026 16:06:16 GMT'), (b'Content-Type', b'application/json'), (b'Content-Length', b'561'), (b'Connection', b'keep-alive'), (b'Strict-Transport-Security', b'max-age=31536000; includeSubDomains; preload'), (b'Access-Control-Allow-Origin', b'*'), (b'Access-Control-Allow-Methods', b'GET, POST, OPTIONS'), (b'Access-Control-Expose-Headers', b'Content-Length,Content-Type,Date,Server,Connection')])
2026-01-10 18:06:16,736 - httpx - INFO - HTTP Request: POST https://api.telegram.org/bot8490932438:AAFVy70Urq5Cj0h7gUKJbECBv3z9-apYZtM/sendMessage "HTTP/1.1 200 OK"
2026-01-10 18:06:16,737 - httpcore.http11 - DEBUG - receive_response_body.started request=<Request [b'POST']>
2026-01-10 18:06:16,739 - httpcore.http11 - DEBUG - receive_response_body.complete
2026-01-10 18:06:16,740 - httpcore.http11 - DEBUG - response_closed.started
2026-01-10 18:06:16,742 - httpcore.http11 - DEBUG - response_closed.complete
2026-01-10 18:06:16,745 - telegram.ext.ExtBot - DEBUG - Call to Bot API endpoint `sendMessage` finished with return value `{'message_id': 211, 'from': {'id': 8490932438, 'is_bot': True, 'first_name': 'ne', 'username': 'pulluptestbot'}, 'chat': {'id': 1082780340, 'first_name': 'yaron', 'username': 'yaronfeldboy', 'type': 'private'}, 'date': 1768061176, 'text': 'בטח! איזה סוג של אימון תרצה/תרצי לתאם? אימון אישי או שיעור קבוצתי?'}`
2026-01-10 18:06:19,874 - httpcore.http11 - DEBUG - receive_response_headers.complete return_value=(b'HTTP/1.1', 200, b'OK', [(b'Server', b'nginx/1.18.0'), (b'Date', b'Sat, 10 Jan 2026 16:06:19 GMT'), (b'Content-Type', b'application/json'), (b'Content-Length', b'325'), (b'Connection', b'keep-alive'), (b'Strict-Transport-Security', b'max-age=31536000; includeSubDomains; preload'), (b'Access-Control-Allow-Origin', b'*'), (b'Access-Control-Allow-Methods', b'GET, POST, OPTIONS'), (b'Access-Control-Expose-Headers', b'Content-Length,Content-Type,Date,Server,Connection')])
2026-01-10 18:06:19,875 - httpx - INFO - HTTP Request: POST https://api.telegram.org/bot8490932438:AAFVy70Urq5Cj0h7gUKJbECBv3z9-apYZtM/getUpdates "HTTP/1.1 200 OK"
2026-01-10 18:06:19,875 - httpcore.http11 - DEBUG - receive_response_body.started request=<Request [b'POST']>
2026-01-10 18:06:19,875 - httpcore.http11 - DEBUG - receive_response_body.complete
2026-01-10 18:06:19,875 - httpcore.http11 - DEBUG - response_closed.started
2026-01-10 18:06:19,875 - httpcore.http11 - DEBUG - response_closed.complete
2026-01-10 18:06:19,876 - telegram.ext.ExtBot - DEBUG - Call to Bot API endpoint `getUpdates` finished with return value `[{'update_id': 328648464, 'message': {'message_id': 212, 'from': {'id': 1082780340, 'is_bot': False, 'first_name': 'yaron', 'username': 'yaronfeldboy', 'language_code': 'en'}, 'chat': {'id': 1082780340, 'first_name': 'yaron', 'username': 'yaronfeldboy', 'type': 'private'}, 'date': 1768061179, 'text': 'אישי'}}]`
2026-01-10 18:06:19,876 - telegram.ext.ExtBot - DEBUG - Getting updates: [328648464]
2026-01-10 18:06:19,877 - telegram.ext.Application - DEBUG - Processing update Update(message=Message(channel_chat_created=False, chat=Chat(first_name='yaron', id=1082780340, type=<ChatType.PRIVATE>, username='yaronfeldboy'), date=datetime.datetime(2026, 1, 10, 16, 6, 19, tzinfo=datetime.timezone.utc), delete_chat_photo=False, from_user=User(first_name='yaron', id=1082780340, is_bot=False, language_code='en', username='yaronfeldboy'), group_chat_created=False, message_id=212, supergroup_chat_created=False, text='אישי'), update_id=328648464)
2026-01-10 18:06:19,877 - __main__ - INFO - Message from 1082780340 (yaron): אישי
2026-01-10 18:06:19,877 - pymongo.serverSelection - DEBUG - {"message": "Server selection started", "selector": "Primary()", "operation": "find", "topologyDescription": "<TopologyDescription id: 6962785d3127086e3f0188e5, topology_type: Single, servers: [<ServerDescription ('localhost', 27017) server_type: Standalone, rtt: 0.0010000778563320637>]>", "clientId": {"$oid": "6962785d3127086e3f0188e5"}}
2026-01-10 18:06:19,878 - pymongo.serverSelection - DEBUG - {"message": "Server selection succeeded", "selector": "Primary()", "operation": "find", "topologyDescription": "<TopologyDescription id: 6962785d3127086e3f0188e5, topology_type: Single, servers: [<ServerDescription ('localhost', 27017) server_type: Standalone, rtt: 0.0010000778563320637>]>", "clientId": {"$oid": "6962785d3127086e3f0188e5"}, "serverHost": "localhost", "serverPort": 27017}
2026-01-10 18:06:19,878 - telegram.ext.ExtBot - DEBUG - Calling Bot API endpoint `getUpdates` with parameters `{'timeout': datetime.timedelta(seconds=10), 'offset': 328648465, 'allowed_updates': [<UpdateType.MESSAGE>, <UpdateType.EDITED_MESSAGE>, <UpdateType.CHANNEL_POST>, <UpdateType.EDITED_CHANNEL_POST>, <UpdateType.INLINE_QUERY>, <UpdateType.CHOSEN_INLINE_RESULT>, <UpdateType.CALLBACK_QUERY>, <UpdateType.SHIPPING_QUERY>, <UpdateType.PRE_CHECKOUT_QUERY>, <UpdateType.POLL>, <UpdateType.POLL_ANSWER>, <UpdateType.MY_CHAT_MEMBER>, <UpdateType.CHAT_MEMBER>, <UpdateType.CHAT_JOIN_REQUEST>, <UpdateType.CHAT_BOOST>, <UpdateType.REMOVED_CHAT_BOOST>, <UpdateType.MESSAGE_REACTION>, <UpdateType.MESSAGE_REACTION_COUNT>, <UpdateType.BUSINESS_CONNECTION>, <UpdateType.BUSINESS_MESSAGE>, <UpdateType.EDITED_BUSINESS_MESSAGE>, <UpdateType.DELETED_BUSINESS_MESSAGES>, <UpdateType.PURCHASED_PAID_MEDIA>]}`
2026-01-10 18:06:19,878 - pymongo.connection - DEBUG - {"message": "Connection checkout started", "clientId": {"$oid": "6962785d3127086e3f0188e5"}, "serverHost": "localhost", "serverPort": 27017}
2026-01-10 18:06:19,879 - pymongo.connection - DEBUG - {"message": "Connection checked out", "clientId": {"$oid": "6962785d3127086e3f0188e5"}, "serverHost": "localhost", "serverPort": 27017, "driverConnectionId": 1, "durationMS": 0.0009065424092113972}
2026-01-10 18:06:19,879 - httpcore.http11 - DEBUG - send_request_headers.started request=<Request [b'POST']>
2026-01-10 18:06:19,879 - pymongo.command - DEBUG - {"message": "Command started", "clientId": {"$oid": "6962785d3127086e3f0188e5"}, "command": "{\"find\": \"customers\", \"filter\": {\"telegram_id\": 1082780340}, \"limit\": 1, \"singleBatch\": true, \"lsid\": {\"id\": {\"$binary\": {\"base64\": \"LdgkyGwRQQSyWrdfSzU/Gg==\", \"subType\": \"04\"}}}, \"$db\": \"gym_ai\"}", "commandName": "find", "databaseName": "gym_ai", "requestId": 590357944, "operationId": 590357944, "driverConnectionId": 1, "serverConnectionId": 223, "serverHost": "localhost", "serverPort": 27017}
2026-01-10 18:06:19,880 - httpcore.http11 - DEBUG - send_request_headers.complete
2026-01-10 18:06:19,880 - httpcore.http11 - DEBUG - send_request_body.started request=<Request [b'POST']>
2026-01-10 18:06:19,880 - httpcore.http11 - DEBUG - send_request_body.complete
2026-01-10 18:06:19,880 - httpcore.http11 - DEBUG - receive_response_headers.started request=<Request [b'POST']>
2026-01-10 18:06:19,881 - pymongo.command - DEBUG - {"message": "Command succeeded", "clientId": {"$oid": "6962785d3127086e3f0188e5"}, "durationMS": 1.375, "reply": "{\"cursor\": {\"firstBatch\": [{\"_id\": \"eab9a009-aeea-4285-bffd-5754e7f38a29\", \"id\": \"eab9a009-aeea-4285-bffd-5754e7f38a29\", \"crm_id\": \"TEST-1082780340\", \"telegram_id\": 1082780340, \"first_name\": \"yaron\", \"last_name\": \"AdminEdit\", \"phone\": \"000-1082780340\", \"status\": \"active\", \"membership_type\": \"monthly\", \"membership_start_date\": \"2026-01-10\", \"membership_end_date\": \"2026-02-09\", \"last_visit\": \"2026-01-10T17:00:08.478218\", \"health_score\": 99, \"preferred_language\": \"he\", \"created_at\": {\"$date\": \"2026-01-10T17:00:08.478Z\"}}], \"ns\": \"gym_ai.customers\"}, \"ok\": 1.0}", "commandName": "find", "databaseName": "gym_ai", "requestId": 590357944, "operationId": 590357944, "driverConnectionId": 1, "serverConnectionId": 223, "serverHost": "localhost", "serverPort": 27017}
2026-01-10 18:06:19,881 - pymongo.connection - DEBUG - {"message": "Connection checked in", "clientId": {"$oid": "6962785d3127086e3f0188e5"}, "serverHost": "localhost", "serverPort": 27017, "driverConnectionId": 1}
2026-01-10 18:06:19,881 - telegram.ext.ExtBot - DEBUG - Calling Bot API endpoint `sendChatAction` with parameters `{'chat_id': 1082780340, 'action': 'typing'}`
2026-01-10 18:06:19,882 - httpcore.http11 - DEBUG - send_request_headers.started request=<Request [b'POST']>
2026-01-10 18:06:19,882 - httpcore.http11 - DEBUG - send_request_headers.complete
2026-01-10 18:06:19,882 - httpcore.http11 - DEBUG - send_request_body.started request=<Request [b'POST']>
2026-01-10 18:06:19,882 - httpcore.http11 - DEBUG - send_request_body.complete
2026-01-10 18:06:19,883 - httpcore.http11 - DEBUG - receive_response_headers.started request=<Request [b'POST']>
2026-01-10 18:06:19,978 - httpcore.http11 - DEBUG - receive_response_headers.complete return_value=(b'HTTP/1.1', 200, b'OK', [(b'Server', b'nginx/1.18.0'), (b'Date', b'Sat, 10 Jan 2026 16:06:20 GMT'), (b'Content-Type', b'application/json'), (b'Content-Length', b'25'), (b'Connection', b'keep-alive'), (b'Strict-Transport-Security', b'max-age=31536000; includeSubDomains; preload'), (b'Access-Control-Allow-Origin', b'*'), (b'Access-Control-Allow-Methods', b'GET, POST, OPTIONS'), (b'Access-Control-Expose-Headers', b'Content-Length,Content-Type,Date,Server,Connection')])
2026-01-10 18:06:19,978 - httpx - INFO - HTTP Request: POST https://api.telegram.org/bot8490932438:AAFVy70Urq5Cj0h7gUKJbECBv3z9-apYZtM/sendChatAction "HTTP/1.1 200 OK"
2026-01-10 18:06:19,978 - httpcore.http11 - DEBUG - receive_response_body.started request=<Request [b'POST']>
2026-01-10 18:06:19,979 - httpcore.http11 - DEBUG - receive_response_body.complete
2026-01-10 18:06:19,979 - httpcore.http11 - DEBUG - response_closed.started
2026-01-10 18:06:19,979 - httpcore.http11 - DEBUG - response_closed.complete
2026-01-10 18:06:19,980 - telegram.ext.ExtBot - DEBUG - Call to Bot API endpoint `sendChatAction` finished with return value `True`
2026-01-10 18:06:19,980 - pymongo.serverSelection - DEBUG - {"message": "Server selection started", "selector": "Primary()", "operation": "find", "topologyDescription": "<TopologyDescription id: 6962785d3127086e3f0188e5, topology_type: Single, servers: [<ServerDescription ('localhost', 27017) server_type: Standalone, rtt: 0.0010000778563320637>]>", "clientId": {"$oid": "6962785d3127086e3f0188e5"}}
2026-01-10 18:06:19,980 - pymongo.serverSelection - DEBUG - {"message": "Server selection succeeded", "selector": "Primary()", "operation": "find", "topologyDescription": "<TopologyDescription id: 6962785d3127086e3f0188e5, topology_type: Single, servers: [<ServerDescription ('localhost', 27017) server_type: Standalone, rtt: 0.0010000778563320637>]>", "clientId": {"$oid": "6962785d3127086e3f0188e5"}, "serverHost": "localhost", "serverPort": 27017}
2026-01-10 18:06:19,981 - pymongo.connection - DEBUG - {"message": "Connection checkout started", "clientId": {"$oid": "6962785d3127086e3f0188e5"}, "serverHost": "localhost", "serverPort": 27017}
2026-01-10 18:06:19,981 - pymongo.connection - DEBUG - {"message": "Connection checked out", "clientId": {"$oid": "6962785d3127086e3f0188e5"}, "serverHost": "localhost", "serverPort": 27017, "driverConnectionId": 1, "durationMS": 0.00019041681662201881}
2026-01-10 18:06:19,981 - pymongo.command - DEBUG - {"message": "Command started", "clientId": {"$oid": "6962785d3127086e3f0188e5"}, "command": "{\"find\": \"conversations\", \"filter\": {\"customer_id\": \"eab9a009-aeea-4285-bffd-5754e7f38a29\", \"channel\": \"telegram\", \"status\": \"active\"}, \"limit\": 1, \"singleBatch\": true, \"lsid\": {\"id\": {\"$binary\": {\"base64\": \"LdgkyGwRQQSyWrdfSzU/Gg==\", \"subType\": \"04\"}}}, \"$db\": \"gym_ai\"}", "commandName": "find", "databaseName": "gym_ai", "requestId": 771515668, "operationId": 771515668, "driverConnectionId": 1, "serverConnectionId": 223, "serverHost": "localhost", "serverPort": 27017}
2026-01-10 18:06:19,982 - pymongo.command - DEBUG - {"message": "Command succeeded", "clientId": {"$oid": "6962785d3127086e3f0188e5"}, "durationMS": 1.442, "reply": "{\"cursor\": {\"firstBatch\": [{\"_id\": \"daafb0ae-67ab-4dea-bad4-0f9793970f88\", \"customer_id\": \"eab9a009-aeea-4285-bffd-5754e7f38a29\", \"channel\": \"telegram\", \"status\": \"active\", \"started_at\": {\"$date\": \"2026-01-10T17:00:44.097Z\"}, \"last_message_at\": {\"$date\": \"2026-01-10T18:06:16.615Z\"}, \"unanswered_count\": 1}], \"ns\": \"gym_ai.conversations\"}, \"ok\": 1.0}", "commandName": "find", "databaseName": "gym_ai", "requestId": 771515668, "operationId": 771515668, "driverConnectionId": 1, "serverConnectionId": 223, "serverHost": "localhost", "serverPort": 27017}
2026-01-10 18:06:19,983 - pymongo.connection - DEBUG - {"message": "Connection checked in", "clientId": {"$oid": "6962785d3127086e3f0188e5"}, "serverHost": "localhost", "serverPort": 27017, "driverConnectionId": 1}
2026-01-10 18:06:19,983 - pymongo.serverSelection - DEBUG - {"message": "Server selection started", "selector": "<function writable_server_selector at 0x1056418a0>", "operation": "insert", "topologyDescription": "<TopologyDescription id: 6962785d3127086e3f0188e5, topology_type: Single, servers: [<ServerDescription ('localhost', 27017) server_type: Standalone, rtt: 0.0010000778563320637>]>", "clientId": {"$oid": "6962785d3127086e3f0188e5"}}
2026-01-10 18:06:19,984 - pymongo.serverSelection - DEBUG - {"message": "Server selection succeeded", "selector": "<function writable_server_selector at 0x1056418a0>", "operation": "insert", "topologyDescription": "<TopologyDescription id: 6962785d3127086e3f0188e5, topology_type: Single, servers: [<ServerDescription ('localhost', 27017) server_type: Standalone, rtt: 0.0010000778563320637>]>", "clientId": {"$oid": "6962785d3127086e3f0188e5"}, "serverHost": "localhost", "serverPort": 27017}
2026-01-10 18:06:19,984 - pymongo.connection - DEBUG - {"message": "Connection checkout started", "clientId": {"$oid": "6962785d3127086e3f0188e5"}, "serverHost": "localhost", "serverPort": 27017}
2026-01-10 18:06:19,984 - pymongo.connection - DEBUG - {"message": "Connection checked out", "clientId": {"$oid": "6962785d3127086e3f0188e5"}, "serverHost": "localhost", "serverPort": 27017, "driverConnectionId": 1, "durationMS": 7.625017315149307e-05}
2026-01-10 18:06:19,984 - pymongo.command - DEBUG - {"message": "Command started", "clientId": {"$oid": "6962785d3127086e3f0188e5"}, "command": "{\"insert\": \"messages\", \"ordered\": true, \"lsid\": {\"id\": {\"$binary\": {\"base64\": \"LdgkyGwRQQSyWrdfSzU/Gg==\", \"subType\": \"04\"}}}, \"$db\": \"gym_ai\", \"documents\": [{\"_id\": \"9e1a73c8-f0d1-4829-86ad-79e953297a4b\", \"conversation_id\": \"daafb0ae-67ab-4dea-bad4-0f9793970f88\", \"direction\": \"inbound\", \"content\": \"\\u05d0\\u05d9\\u05e9\\u05d9\", \"created_at\": {\"$date\": \"2026-01-10T18:06:19.983Z\"}}]}", "commandName": "insert", "databaseName": "gym_ai", "requestId": 357571490, "operationId": 357571490, "driverConnectionId": 1, "serverConnectionId": 223, "serverHost": "localhost", "serverPort": 27017}
2026-01-10 18:06:19,985 - pymongo.command - DEBUG - {"message": "Command succeeded", "clientId": {"$oid": "6962785d3127086e3f0188e5"}, "durationMS": 1.183, "reply": "{\"n\": 1, \"ok\": 1.0}", "commandName": "insert", "databaseName": "gym_ai", "requestId": 357571490, "operationId": 357571490, "driverConnectionId": 1, "serverConnectionId": 223, "serverHost": "localhost", "serverPort": 27017}
2026-01-10 18:06:19,985 - pymongo.connection - DEBUG - {"message": "Connection checked in", "clientId": {"$oid": "6962785d3127086e3f0188e5"}, "serverHost": "localhost", "serverPort": 27017, "driverConnectionId": 1}
2026-01-10 18:06:19,986 - pymongo.serverSelection - DEBUG - {"message": "Server selection started", "selector": "<function writable_server_selector at 0x1056418a0>", "operation": "update", "topologyDescription": "<TopologyDescription id: 6962785d3127086e3f0188e5, topology_type: Single, servers: [<ServerDescription ('localhost', 27017) server_type: Standalone, rtt: 0.0010000778563320637>]>", "clientId": {"$oid": "6962785d3127086e3f0188e5"}}
2026-01-10 18:06:19,986 - pymongo.serverSelection - DEBUG - {"message": "Server selection succeeded", "selector": "<function writable_server_selector at 0x1056418a0>", "operation": "update", "topologyDescription": "<TopologyDescription id: 6962785d3127086e3f0188e5, topology_type: Single, servers: [<ServerDescription ('localhost', 27017) server_type: Standalone, rtt: 0.0010000778563320637>]>", "clientId": {"$oid": "6962785d3127086e3f0188e5"}, "serverHost": "localhost", "serverPort": 27017}
2026-01-10 18:06:19,986 - pymongo.connection - DEBUG - {"message": "Connection checkout started", "clientId": {"$oid": "6962785d3127086e3f0188e5"}, "serverHost": "localhost", "serverPort": 27017}
2026-01-10 18:06:19,986 - pymongo.connection - DEBUG - {"message": "Connection checked out", "clientId": {"$oid": "6962785d3127086e3f0188e5"}, "serverHost": "localhost", "serverPort": 27017, "driverConnectionId": 1, "durationMS": 8.833315223455429e-05}
2026-01-10 18:06:19,986 - pymongo.command - DEBUG - {"message": "Command started", "clientId": {"$oid": "6962785d3127086e3f0188e5"}, "command": "{\"update\": \"conversations\", \"ordered\": true, \"lsid\": {\"id\": {\"$binary\": {\"base64\": \"LdgkyGwRQQSyWrdfSzU/Gg==\", \"subType\": \"04\"}}}, \"$db\": \"gym_ai\", \"updates\": [{\"q\": {\"_id\": \"daafb0ae-67ab-4dea-bad4-0f9793970f88\"}, \"u\": {\"$set\": {\"last_message_at\": {\"$date\": \"2026-01-10T18:06:19.983Z\"}}}}]}", "commandName": "update", "databaseName": "gym_ai", "requestId": 1044788124, "operationId": 1044788124, "driverConnectionId": 1, "serverConnectionId": 223, "serverHost": "localhost", "serverPort": 27017}
2026-01-10 18:06:19,987 - pymongo.command - DEBUG - {"message": "Command succeeded", "clientId": {"$oid": "6962785d3127086e3f0188e5"}, "durationMS": 0.9309999999999999, "reply": "{\"n\": 1, \"nModified\": 1, \"ok\": 1.0}", "commandName": "update", "databaseName": "gym_ai", "requestId": 1044788124, "operationId": 1044788124, "driverConnectionId": 1, "serverConnectionId": 223, "serverHost": "localhost", "serverPort": 27017}
2026-01-10 18:06:19,987 - pymongo.connection - DEBUG - {"message": "Connection checked in", "clientId": {"$oid": "6962785d3127086e3f0188e5"}, "serverHost": "localhost", "serverPort": 27017, "driverConnectionId": 1}
2026-01-10 18:06:19,988 - pymongo.serverSelection - DEBUG - {"message": "Server selection started", "selector": "Primary()", "operation": "find", "topologyDescription": "<TopologyDescription id: 6962785d3127086e3f0188e5, topology_type: Single, servers: [<ServerDescription ('localhost', 27017) server_type: Standalone, rtt: 0.0010000778563320637>]>", "clientId": {"$oid": "6962785d3127086e3f0188e5"}}
2026-01-10 18:06:19,988 - pymongo.serverSelection - DEBUG - {"message": "Server selection succeeded", "selector": "Primary()", "operation": "find", "topologyDescription": "<TopologyDescription id: 6962785d3127086e3f0188e5, topology_type: Single, servers: [<ServerDescription ('localhost', 27017) server_type: Standalone, rtt: 0.0010000778563320637>]>", "clientId": {"$oid": "6962785d3127086e3f0188e5"}, "serverHost": "localhost", "serverPort": 27017}
2026-01-10 18:06:19,988 - pymongo.connection - DEBUG - {"message": "Connection checkout started", "clientId": {"$oid": "6962785d3127086e3f0188e5"}, "serverHost": "localhost", "serverPort": 27017}
2026-01-10 18:06:19,988 - pymongo.connection - DEBUG - {"message": "Connection checked out", "clientId": {"$oid": "6962785d3127086e3f0188e5"}, "serverHost": "localhost", "serverPort": 27017, "driverConnectionId": 1, "durationMS": 8.17091204226017e-05}
2026-01-10 18:06:19,988 - pymongo.command - DEBUG - {"message": "Command started", "clientId": {"$oid": "6962785d3127086e3f0188e5"}, "command": "{\"find\": \"messages\", \"filter\": {\"conversation_id\": \"daafb0ae-67ab-4dea-bad4-0f9793970f88\"}, \"sort\": {\"created_at\": -1}, \"limit\": 10, \"lsid\": {\"id\": {\"$binary\": {\"base64\": \"LdgkyGwRQQSyWrdfSzU/Gg==\", \"subType\": \"04\"}}}, \"$db\": \"gym_ai\"}", "commandName": "find", "databaseName": "gym_ai", "requestId": 1927702196, "operationId": 1927702196, "driverConnectionId": 1, "serverConnectionId": 223, "serverHost": "localhost", "serverPort": 27017}
2026-01-10 18:06:19,989 - pymongo.command - DEBUG - {"message": "Command succeeded", "clientId": {"$oid": "6962785d3127086e3f0188e5"}, "durationMS": 1.044, "reply": "{\"cursor\": {\"firstBatch\": [{\"_id\": \"9e1a73c8-f0d1-4829-86ad-79e953297a4b\", \"conversation_id\": \"daafb0ae-67ab-4dea-bad4-0f9793970f88\", \"direction\": \"inbound\", \"content\": \"\u05d0\u05d9\u05e9\u05d9\", \"created_at\": {\"$date\": \"2026-01-10T18:06:19.983Z\"}}, {\"_id\": \"7a31d2b0-1277-472c-b852-085522dd52ed\", \"conversation_id\": \"daafb0ae-67ab-4dea-bad4-0f9793970f88\", \"direction\": \"outbound\", \"content\": \"\u05d1\u05d8\u05d7! \u05d0\u05d9\u05d6\u05d4 \u05e1\u05d5\u05d2 \u05e9\u05dc \u05d0\u05d9\u05de\u05d5\u05df \u05ea\u05e8\u05e6\u05d4/\u05ea\u05e8\u05e6\u05d9 \u05dc\u05ea\u05d0\u05dd? \u05d0\u05d9\u05de\u05d5\u05df \u05d0\u05d9\u05e9\u05d9 \u05d0\u05d5 \u05e9\u05d9\u05e2\u05d5\u05e8 \u05e7\u05d1\u05d5\u05e6\u05ea\u05d9?\", \"intent\": \"question\", \"agent_type\": \"orchestrator\", \"created_at\": {\"$date\": \"2026-01-10T18:06:16.615Z\"}}, {\"_id\": \"d6fe77bc-bff4-4dec-9864-e283ffb178c5\", \"conversation_id\": \"daafb0ae-67ab-4dea-bad4-0f9793970f88\", \"direction\": \"inbound\", \"content\": \"\u05d1\u05d5\u05d0 \u05e0\u05ea...", "commandName": "find", "databaseName": "gym_ai", "requestId": 1927702196, "operationId": 1927702196, "driverConnectionId": 1, "serverConnectionId": 223, "serverHost": "localhost", "serverPort": 27017}
2026-01-10 18:06:19,990 - pymongo.connection - DEBUG - {"message": "Connection checked in", "clientId": {"$oid": "6962785d3127086e3f0188e5"}, "serverHost": "localhost", "serverPort": 27017, "driverConnectionId": 1}
2026-01-10 18:06:19,992 - pymongo.serverSelection - DEBUG - {"message": "Server selection started", "selector": "Primary()", "operation": "find", "topologyDescription": "<TopologyDescription id: 6962785d3127086e3f0188e5, topology_type: Single, servers: [<ServerDescription ('localhost', 27017) server_type: Standalone, rtt: 0.0010000778563320637>]>", "clientId": {"$oid": "6962785d3127086e3f0188e5"}}
2026-01-10 18:06:19,992 - pymongo.serverSelection - DEBUG - {"message": "Server selection succeeded", "selector": "Primary()", "operation": "find", "topologyDescription": "<TopologyDescription id: 6962785d3127086e3f0188e5, topology_type: Single, servers: [<ServerDescription ('localhost', 27017) server_type: Standalone, rtt: 0.0010000778563320637>]>", "clientId": {"$oid": "6962785d3127086e3f0188e5"}, "serverHost": "localhost", "serverPort": 27017}
2026-01-10 18:06:19,993 - pymongo.connection - DEBUG - {"message": "Connection checkout started", "clientId": {"$oid": "6962785d3127086e3f0188e5"}, "serverHost": "localhost", "serverPort": 27017}
2026-01-10 18:06:19,993 - pymongo.connection - DEBUG - {"message": "Connection checked out", "clientId": {"$oid": "6962785d3127086e3f0188e5"}, "serverHost": "localhost", "serverPort": 27017, "driverConnectionId": 1, "durationMS": 9.583309292793274e-05}
2026-01-10 18:06:19,993 - pymongo.command - DEBUG - {"message": "Command started", "clientId": {"$oid": "6962785d3127086e3f0188e5"}, "command": "{\"find\": \"system_config\", \"filter\": {\"key\": \"system_prompt\"}, \"limit\": 1, \"singleBatch\": true, \"lsid\": {\"id\": {\"$binary\": {\"base64\": \"LdgkyGwRQQSyWrdfSzU/Gg==\", \"subType\": \"04\"}}}, \"$db\": \"gym_ai\"}", "commandName": "find", "databaseName": "gym_ai", "requestId": 1952509530, "operationId": 1952509530, "driverConnectionId": 1, "serverConnectionId": 223, "serverHost": "localhost", "serverPort": 27017}
2026-01-10 18:06:19,994 - pymongo.command - DEBUG - {"message": "Command succeeded", "clientId": {"$oid": "6962785d3127086e3f0188e5"}, "durationMS": 1.065, "reply": "{\"cursor\": {\"firstBatch\": [{\"_id\": {\"$oid\": \"6962701e53e27f5a44440a02\"}, \"key\": \"system_prompt\", \"updated_at\": {\"$date\": \"2026-01-10T16:05:23.358Z\"}, \"updated_by\": \"admin\", \"value\": \"You are a gym assistant. \\u05e9\\u05e2\\u05d5\\u05ea \\u05e4\\u05e2\\u05d9\\u05dc\\u05d5\\u05ea \\u05d4\\u05df \\u05de10- 19\\n\\u05db\\u05dc \\u05d9\\u05d5\\u05dd\"}], \"ns\": \"gym_ai.system_config\"}, \"ok\": 1.0}", "commandName": "find", "databaseName": "gym_ai", "requestId": 1952509530, "operationId": 1952509530, "driverConnectionId": 1, "serverConnectionId": 223, "serverHost": "localhost", "serverPort": 27017}
2026-01-10 18:06:19,994 - pymongo.connection - DEBUG - {"message": "Connection checked in", "clientId": {"$oid": "6962785d3127086e3f0188e5"}, "serverHost": "localhost", "serverPort": 27017, "driverConnectionId": 1}
2026-01-10 18:06:19,999 - httpcore.http11 - DEBUG - send_request_headers.started request=<Request [b'POST']>
2026-01-10 18:06:20,000 - httpcore.http11 - DEBUG - send_request_headers.complete
2026-01-10 18:06:20,000 - httpcore.http11 - DEBUG - send_request_body.started request=<Request [b'POST']>
2026-01-10 18:06:20,000 - httpcore.http11 - DEBUG - send_request_body.complete
2026-01-10 18:06:20,000 - httpcore.http11 - DEBUG - receive_response_headers.started request=<Request [b'POST']>
2026-01-10 18:06:21,321 - httpcore.http11 - DEBUG - receive_response_headers.complete return_value=(b'HTTP/1.1', 200, b'OK', [(b'Content-Type', b'application/json; charset=UTF-8'), (b'Vary', b'Origin'), (b'Vary', b'X-Origin'), (b'Vary', b'Referer'), (b'Content-Encoding', b'gzip'), (b'Date', b'Sat, 10 Jan 2026 16:06:21 GMT'), (b'Server', b'scaffolding on HTTPServer2'), (b'X-XSS-Protection', b'0'), (b'X-Frame-Options', b'SAMEORIGIN'), (b'X-Content-Type-Options', b'nosniff'), (b'Server-Timing', b'gfet4t7; dur=1242'), (b'Alt-Svc', b'h3=":443"; ma=2592000,h3-29=":443"; ma=2592000'), (b'Transfer-Encoding', b'chunked')])
2026-01-10 18:06:21,322 - httpx - INFO - HTTP Request: POST https://generativelanguage.googleapis.com/v1beta/models/gemini-2.5-flash:generateContent "HTTP/1.1 200 OK"
2026-01-10 18:06:21,322 - httpcore.http11 - DEBUG - receive_response_body.started request=<Request [b'POST']>
2026-01-10 18:06:21,324 - httpcore.http11 - DEBUG - receive_response_body.complete
2026-01-10 18:06:21,324 - httpcore.http11 - DEBUG - response_closed.started
2026-01-10 18:06:21,324 - httpcore.http11 - DEBUG - response_closed.complete
2026-01-10 18:06:21,333 - httpcore.http11 - DEBUG - send_request_headers.started request=<Request [b'POST']>
2026-01-10 18:06:21,334 - httpcore.http11 - DEBUG - send_request_headers.complete
2026-01-10 18:06:21,334 - httpcore.http11 - DEBUG - send_request_body.started request=<Request [b'POST']>
2026-01-10 18:06:21,334 - httpcore.http11 - DEBUG - send_request_body.complete
2026-01-10 18:06:21,334 - httpcore.http11 - DEBUG - receive_response_headers.started request=<Request [b'POST']>
2026-01-10 18:06:23,061 - httpcore.http11 - DEBUG - receive_response_headers.complete return_value=(b'HTTP/1.1', 200, b'OK', [(b'Content-Type', b'application/json; charset=UTF-8'), (b'Vary', b'Origin'), (b'Vary', b'X-Origin'), (b'Vary', b'Referer'), (b'Content-Encoding', b'gzip'), (b'Date', b'Sat, 10 Jan 2026 16:06:23 GMT'), (b'Server', b'scaffolding on HTTPServer2'), (b'X-XSS-Protection', b'0'), (b'X-Frame-Options', b'SAMEORIGIN'), (b'X-Content-Type-Options', b'nosniff'), (b'Server-Timing', b'gfet4t7; dur=1611'), (b'Alt-Svc', b'h3=":443"; ma=2592000,h3-29=":443"; ma=2592000'), (b'Transfer-Encoding', b'chunked')])
2026-01-10 18:06:23,062 - httpx - INFO - HTTP Request: POST https://generativelanguage.googleapis.com/v1beta/models/gemini-2.5-flash:generateContent "HTTP/1.1 200 OK"
2026-01-10 18:06:23,062 - httpcore.http11 - DEBUG - receive_response_body.started request=<Request [b'POST']>
2026-01-10 18:06:23,063 - httpcore.http11 - DEBUG - receive_response_body.complete
2026-01-10 18:06:23,063 - httpcore.http11 - DEBUG - response_closed.started
2026-01-10 18:06:23,063 - httpcore.http11 - DEBUG - response_closed.complete
2026-01-10 18:06:23,067 - pymongo.serverSelection - DEBUG - {"message": "Server selection started", "selector": "<function writable_server_selector at 0x1056418a0>", "operation": "insert", "topologyDescription": "<TopologyDescription id: 6962785d3127086e3f0188e5, topology_type: Single, servers: [<ServerDescription ('localhost', 27017) server_type: Standalone, rtt: 0.0010000778563320637>]>", "clientId": {"$oid": "6962785d3127086e3f0188e5"}}
2026-01-10 18:06:23,067 - pymongo.serverSelection - DEBUG - {"message": "Server selection succeeded", "selector": "<function writable_server_selector at 0x1056418a0>", "operation": "insert", "topologyDescription": "<TopologyDescription id: 6962785d3127086e3f0188e5, topology_type: Single, servers: [<ServerDescription ('localhost', 27017) server_type: Standalone, rtt: 0.0010000778563320637>]>", "clientId": {"$oid": "6962785d3127086e3f0188e5"}, "serverHost": "localhost", "serverPort": 27017}
2026-01-10 18:06:23,067 - pymongo.connection - DEBUG - {"message": "Connection checkout started", "clientId": {"$oid": "6962785d3127086e3f0188e5"}, "serverHost": "localhost", "serverPort": 27017}
2026-01-10 18:06:23,068 - pymongo.connection - DEBUG - {"message": "Connection checked out", "clientId": {"$oid": "6962785d3127086e3f0188e5"}, "serverHost": "localhost", "serverPort": 27017, "driverConnectionId": 1, "durationMS": 0.00017245812341570854}
2026-01-10 18:06:23,068 - pymongo.command - DEBUG - {"message": "Command started", "clientId": {"$oid": "6962785d3127086e3f0188e5"}, "command": "{\"insert\": \"messages\", \"ordered\": true, \"lsid\": {\"id\": {\"$binary\": {\"base64\": \"LdgkyGwRQQSyWrdfSzU/Gg==\", \"subType\": \"04\"}}}, \"$db\": \"gym_ai\", \"documents\": [{\"_id\": \"c9b4449c-d932-4d76-8b5b-1aadb318ddf6\", \"conversation_id\": \"daafb0ae-67ab-4dea-bad4-0f9793970f88\", \"direction\": \"outbound\", \"content\": \"\\u05de\\u05e2\\u05d5\\u05dc\\u05d4! \\u05d4\\u05e2\\u05d1\\u05e8\\u05ea\\u05d9 \\u05d0\\u05ea \\u05d4\\u05d1\\u05e7\\u05e9\\u05d4 \\u05e9\\u05dc\\u05da \\u05dc\\u05e0\\u05e6\\u05d9\\u05d2 \\u05e9\\u05dc\\u05e0\\u05d5, \\u05d5\\u05d4\\u05d5\\u05d0 \\u05d9\\u05d9\\u05e6\\u05d5\\u05e8 \\u05d0\\u05d9\\u05ea\\u05da \\u05e7\\u05e9\\u05e8 \\u05d1\\u05d4\\u05e7\\u05d3\\u05dd \\u05db\\u05d3\\u05d9 \\u05dc\\u05ea\\u05d0\\u05dd \\u05d0\\u05d9\\u05de\\u05d5\\u05df \\u05d0\\u05d9\\u05e9\\u05d9.\", \"intent\": \"wants_human\", \"agent_type\": \"orchestrator\", \"created_at\": {\"$date\": \"2026-01-10T18:06:23.067Z\"}}]}", "commandName": "insert", "databaseName": "gym_ai", "requestId": 130060903, "operationId": 130060903, "driverConnectionId": 1, "serverConnectionId": 223, "serverHost": "localhost", "serverPort": 27017}
2026-01-10 18:06:23,069 - pymongo.command - DEBUG - {"message": "Command succeeded", "clientId": {"$oid": "6962785d3127086e3f0188e5"}, "durationMS": 1.693, "reply": "{\"n\": 1, \"ok\": 1.0}", "commandName": "insert", "databaseName": "gym_ai", "requestId": 130060903, "operationId": 130060903, "driverConnectionId": 1, "serverConnectionId": 223, "serverHost": "localhost", "serverPort": 27017}
2026-01-10 18:06:23,070 - pymongo.connection - DEBUG - {"message": "Connection checked in", "clientId": {"$oid": "6962785d3127086e3f0188e5"}, "serverHost": "localhost", "serverPort": 27017, "driverConnectionId": 1}
2026-01-10 18:06:23,070 - pymongo.serverSelection - DEBUG - {"message": "Server selection started", "selector": "<function writable_server_selector at 0x1056418a0>", "operation": "update", "topologyDescription": "<TopologyDescription id: 6962785d3127086e3f0188e5, topology_type: Single, servers: [<ServerDescription ('localhost', 27017) server_type: Standalone, rtt: 0.0010000778563320637>]>", "clientId": {"$oid": "6962785d3127086e3f0188e5"}}
2026-01-10 18:06:23,070 - pymongo.serverSelection - DEBUG - {"message": "Server selection succeeded", "selector": "<function writable_server_selector at 0x1056418a0>", "operation": "update", "topologyDescription": "<TopologyDescription id: 6962785d3127086e3f0188e5, topology_type: Single, servers: [<ServerDescription ('localhost', 27017) server_type: Standalone, rtt: 0.0010000778563320637>]>", "clientId": {"$oid": "6962785d3127086e3f0188e5"}, "serverHost": "localhost", "serverPort": 27017}
2026-01-10 18:06:23,070 - pymongo.connection - DEBUG - {"message": "Connection checkout started", "clientId": {"$oid": "6962785d3127086e3f0188e5"}, "serverHost": "localhost", "serverPort": 27017}
2026-01-10 18:06:23,071 - pymongo.connection - DEBUG - {"message": "Connection checked out", "clientId": {"$oid": "6962785d3127086e3f0188e5"}, "serverHost": "localhost", "serverPort": 27017, "driverConnectionId": 1, "durationMS": 0.00015304237604141235}
2026-01-10 18:06:23,071 - pymongo.command - DEBUG - {"message": "Command started", "clientId": {"$oid": "6962785d3127086e3f0188e5"}, "command": "{\"update\": \"conversations\", \"ordered\": true, \"lsid\": {\"id\": {\"$binary\": {\"base64\": \"LdgkyGwRQQSyWrdfSzU/Gg==\", \"subType\": \"04\"}}}, \"$db\": \"gym_ai\", \"updates\": [{\"q\": {\"_id\": \"daafb0ae-67ab-4dea-bad4-0f9793970f88\"}, \"u\": {\"$set\": {\"last_message_at\": {\"$date\": \"2026-01-10T18:06:23.067Z\"}}, \"$inc\": {\"unanswered_count\": 1}}}]}", "commandName": "update", "databaseName": "gym_ai", "requestId": 1942727722, "operationId": 1942727722, "driverConnectionId": 1, "serverConnectionId": 223, "serverHost": "localhost", "serverPort": 27017}
2026-01-10 18:06:23,072 - pymongo.command - DEBUG - {"message": "Command succeeded", "clientId": {"$oid": "6962785d3127086e3f0188e5"}, "durationMS": 0.953, "reply": "{\"n\": 1, \"nModified\": 1, \"ok\": 1.0}", "commandName": "update", "databaseName": "gym_ai", "requestId": 1942727722, "operationId": 1942727722, "driverConnectionId": 1, "serverConnectionId": 223, "serverHost": "localhost", "serverPort": 27017}
2026-01-10 18:06:23,072 - pymongo.connection - DEBUG - {"message": "Connection checked in", "clientId": {"$oid": "6962785d3127086e3f0188e5"}, "serverHost": "localhost", "serverPort": 27017, "driverConnectionId": 1}
2026-01-10 18:06:23,072 - pymongo.serverSelection - DEBUG - {"message": "Server selection started", "selector": "<function writable_server_selector at 0x1056418a0>", "operation": "insert", "topologyDescription": "<TopologyDescription id: 6962785d3127086e3f0188e5, topology_type: Single, servers: [<ServerDescription ('localhost', 27017) server_type: Standalone, rtt: 0.0010000778563320637>]>", "clientId": {"$oid": "6962785d3127086e3f0188e5"}}
2026-01-10 18:06:23,072 - pymongo.serverSelection - DEBUG - {"message": "Server selection succeeded", "selector": "<function writable_server_selector at 0x1056418a0>", "operation": "insert", "topologyDescription": "<TopologyDescription id: 6962785d3127086e3f0188e5, topology_type: Single, servers: [<ServerDescription ('localhost', 27017) server_type: Standalone, rtt: 0.0010000778563320637>]>", "clientId": {"$oid": "6962785d3127086e3f0188e5"}, "serverHost": "localhost", "serverPort": 27017}
2026-01-10 18:06:23,072 - pymongo.connection - DEBUG - {"message": "Connection checkout started", "clientId": {"$oid": "6962785d3127086e3f0188e5"}, "serverHost": "localhost", "serverPort": 27017}
2026-01-10 18:06:23,072 - pymongo.connection - DEBUG - {"message": "Connection checked out", "clientId": {"$oid": "6962785d3127086e3f0188e5"}, "serverHost": "localhost", "serverPort": 27017, "driverConnectionId": 1, "durationMS": 5.508307367563248e-05}
2026-01-10 18:06:23,073 - pymongo.command - DEBUG - {"message": "Command started", "clientId": {"$oid": "6962785d3127086e3f0188e5"}, "command": "{\"insert\": \"analytics_events\", \"ordered\": true, \"lsid\": {\"id\": {\"$binary\": {\"base64\": \"LdgkyGwRQQSyWrdfSzU/Gg==\", \"subType\": \"04\"}}}, \"$db\": \"gym_ai\", \"documents\": [{\"_id\": \"abc412b5-a18f-4948-ae5e-5758afefc0e9\", \"event_type\": \"conversation.message_received\", \"customer_id\": \"eab9a009-aeea-4285-bffd-5754e7f38a29\", \"conversation_id\": \"daafb0ae-67ab-4dea-bad4-0f9793970f88\", \"properties\": {\"intent\": \"wants_human\", \"escalated\": true}, \"created_at\": {\"$date\": \"2026-01-10T18:06:23.072Z\"}}]}", "commandName": "insert", "databaseName": "gym_ai", "requestId": 1083454666, "operationId": 1083454666, "driverConnectionId": 1, "serverConnectionId": 223, "serverHost": "localhost", "serverPort": 27017}
2026-01-10 18:06:23,073 - pymongo.command - DEBUG - {"message": "Command succeeded", "clientId": {"$oid": "6962785d3127086e3f0188e5"}, "durationMS": 0.532, "reply": "{\"n\": 1, \"ok\": 1.0}", "commandName": "insert", "databaseName": "gym_ai", "requestId": 1083454666, "operationId": 1083454666, "driverConnectionId": 1, "serverConnectionId": 223, "serverHost": "localhost", "serverPort": 27017}
2026-01-10 18:06:23,073 - pymongo.connection - DEBUG - {"message": "Connection checked in", "clientId": {"$oid": "6962785d3127086e3f0188e5"}, "serverHost": "localhost", "serverPort": 27017, "driverConnectionId": 1}
2026-01-10 18:06:23,073 - pymongo.serverSelection - DEBUG - {"message": "Server selection started", "selector": "<function writable_server_selector at 0x1056418a0>", "operation": "insert", "topologyDescription": "<TopologyDescription id: 6962785d3127086e3f0188e5, topology_type: Single, servers: [<ServerDescription ('localhost', 27017) server_type: Standalone, rtt: 0.0010000778563320637>]>", "clientId": {"$oid": "6962785d3127086e3f0188e5"}}
2026-01-10 18:06:23,073 - pymongo.serverSelection - DEBUG - {"message": "Server selection succeeded", "selector": "<function writable_server_selector at 0x1056418a0>", "operation": "insert", "topologyDescription": "<TopologyDescription id: 6962785d3127086e3f0188e5, topology_type: Single, servers: [<ServerDescription ('localhost', 27017) server_type: Standalone, rtt: 0.0010000778563320637>]>", "clientId": {"$oid": "6962785d3127086e3f0188e5"}, "serverHost": "localhost", "serverPort": 27017}
2026-01-10 18:06:23,074 - pymongo.connection - DEBUG - {"message": "Connection checkout started", "clientId": {"$oid": "6962785d3127086e3f0188e5"}, "serverHost": "localhost", "serverPort": 27017}
2026-01-10 18:06:23,074 - pymongo.connection - DEBUG - {"message": "Connection checked out", "clientId": {"$oid": "6962785d3127086e3f0188e5"}, "serverHost": "localhost", "serverPort": 27017, "driverConnectionId": 1, "durationMS": 5.1666051149368286e-05}
2026-01-10 18:06:23,074 - pymongo.command - DEBUG - {"message": "Command started", "clientId": {"$oid": "6962785d3127086e3f0188e5"}, "command": "{\"insert\": \"escalations\", \"ordered\": true, \"lsid\": {\"id\": {\"$binary\": {\"base64\": \"LdgkyGwRQQSyWrdfSzU/Gg==\", \"subType\": \"04\"}}}, \"$db\": \"gym_ai\", \"documents\": [{\"_id\": \"c9fd3050-820d-40fa-9ffa-3c2690adfd0f\", \"conversation_id\": \"daafb0ae-67ab-4dea-bad4-0f9793970f88\", \"reason\": \"customer wants to schedule a personal training session\", \"priority\": \"normal\", \"status\": \"pending\", \"created_at\": {\"$date\": \"2026-01-10T18:06:23.073Z\"}}]}", "commandName": "insert", "databaseName": "gym_ai", "requestId": 1108728549, "operationId": 1108728549, "driverConnectionId": 1, "serverConnectionId": 223, "serverHost": "localhost", "serverPort": 27017}
2026-01-10 18:06:23,074 - pymongo.command - DEBUG - {"message": "Command succeeded", "clientId": {"$oid": "6962785d3127086e3f0188e5"}, "durationMS": 0.425, "reply": "{\"n\": 1, \"ok\": 1.0}", "commandName": "insert", "databaseName": "gym_ai", "requestId": 1108728549, "operationId": 1108728549, "driverConnectionId": 1, "serverConnectionId": 223, "serverHost": "localhost", "serverPort": 27017}
2026-01-10 18:06:23,074 - pymongo.connection - DEBUG - {"message": "Connection checked in", "clientId": {"$oid": "6962785d3127086e3f0188e5"}, "serverHost": "localhost", "serverPort": 27017, "driverConnectionId": 1}
2026-01-10 18:06:23,074 - pymongo.serverSelection - DEBUG - {"message": "Server selection started", "selector": "<function writable_server_selector at 0x1056418a0>", "operation": "update", "topologyDescription": "<TopologyDescription id: 6962785d3127086e3f0188e5, topology_type: Single, servers: [<ServerDescription ('localhost', 27017) server_type: Standalone, rtt: 0.0010000778563320637>]>", "clientId": {"$oid": "6962785d3127086e3f0188e5"}}
2026-01-10 18:06:23,074 - pymongo.serverSelection - DEBUG - {"message": "Server selection succeeded", "selector": "<function writable_server_selector at 0x1056418a0>", "operation": "update", "topologyDescription": "<TopologyDescription id: 6962785d3127086e3f0188e5, topology_type: Single, servers: [<ServerDescription ('localhost', 27017) server_type: Standalone, rtt: 0.0010000778563320637>]>", "clientId": {"$oid": "6962785d3127086e3f0188e5"}, "serverHost": "localhost", "serverPort": 27017}
2026-01-10 18:06:23,075 - pymongo.connection - DEBUG - {"message": "Connection checkout started", "clientId": {"$oid": "6962785d3127086e3f0188e5"}, "serverHost": "localhost", "serverPort": 27017}
2026-01-10 18:06:23,075 - pymongo.connection - DEBUG - {"message": "Connection checked out", "clientId": {"$oid": "6962785d3127086e3f0188e5"}, "serverHost": "localhost", "serverPort": 27017, "driverConnectionId": 1, "durationMS": 4.495866596698761e-05}
2026-01-10 18:06:23,075 - pymongo.command - DEBUG - {"message": "Command started", "clientId": {"$oid": "6962785d3127086e3f0188e5"}, "command": "{\"update\": \"conversations\", \"ordered\": true, \"lsid\": {\"id\": {\"$binary\": {\"base64\": \"LdgkyGwRQQSyWrdfSzU/Gg==\", \"subType\": \"04\"}}}, \"$db\": \"gym_ai\", \"updates\": [{\"q\": {\"_id\": \"daafb0ae-67ab-4dea-bad4-0f9793970f88\"}, \"u\": {\"$set\": {\"status\": \"escalated\"}}}]}", "commandName": "update", "databaseName": "gym_ai", "requestId": 685118024, "operationId": 685118024, "driverConnectionId": 1, "serverConnectionId": 223, "serverHost": "localhost", "serverPort": 27017}
2026-01-10 18:06:23,075 - pymongo.command - DEBUG - {"message": "Command succeeded", "clientId": {"$oid": "6962785d3127086e3f0188e5"}, "durationMS": 0.366, "reply": "{\"n\": 1, \"nModified\": 1, \"ok\": 1.0}", "commandName": "update", "databaseName": "gym_ai", "requestId": 685118024, "operationId": 685118024, "driverConnectionId": 1, "serverConnectionId": 223, "serverHost": "localhost", "serverPort": 27017}
2026-01-10 18:06:23,075 - pymongo.connection - DEBUG - {"message": "Connection checked in", "clientId": {"$oid": "6962785d3127086e3f0188e5"}, "serverHost": "localhost", "serverPort": 27017, "driverConnectionId": 1}
2026-01-10 18:06:23,075 - __main__ - INFO - Response - Intent: Intent.WANTS_HUMAN, Escalate: True
2026-01-10 18:06:23,075 - telegram.ext.ExtBot - DEBUG - Calling Bot API endpoint `sendMessage` with parameters `{'chat_id': 1082780340, 'text': 'מעולה! העברתי את הבקשה שלך לנציג שלנו, והוא ייצור איתך קשר בהקדם כדי לתאם אימון אישי.'}`
2026-01-10 18:06:23,076 - httpcore.http11 - DEBUG - send_request_headers.started request=<Request [b'POST']>
2026-01-10 18:06:23,076 - httpcore.http11 - DEBUG - send_request_headers.complete
2026-01-10 18:06:23,076 - httpcore.http11 - DEBUG - send_request_body.started request=<Request [b'POST']>
2026-01-10 18:06:23,076 - httpcore.http11 - DEBUG - send_request_body.complete
2026-01-10 18:06:23,076 - httpcore.http11 - DEBUG - receive_response_headers.started request=<Request [b'POST']>
2026-01-10 18:06:23,181 - httpcore.http11 - DEBUG - receive_response_headers.complete return_value=(b'HTTP/1.1', 200, b'OK', [(b'Server', b'nginx/1.18.0'), (b'Date', b'Sat, 10 Jan 2026 16:06:23 GMT'), (b'Content-Type', b'application/json'), (b'Content-Length', b'660'), (b'Connection', b'keep-alive'), (b'Strict-Transport-Security', b'max-age=31536000; includeSubDomains; preload'), (b'Access-Control-Allow-Origin', b'*'), (b'Access-Control-Allow-Methods', b'GET, POST, OPTIONS'), (b'Access-Control-Expose-Headers', b'Content-Length,Content-Type,Date,Server,Connection')])
2026-01-10 18:06:23,183 - httpx - INFO - HTTP Request: POST https://api.telegram.org/bot8490932438:AAFVy70Urq5Cj0h7gUKJbECBv3z9-apYZtM/sendMessage "HTTP/1.1 200 OK"
2026-01-10 18:06:23,183 - httpcore.http11 - DEBUG - receive_response_body.started request=<Request [b'POST']>
2026-01-10 18:06:23,183 - httpcore.http11 - DEBUG - receive_response_body.complete
2026-01-10 18:06:23,183 - httpcore.http11 - DEBUG - response_closed.started
2026-01-10 18:06:23,184 - httpcore.http11 - DEBUG - response_closed.complete
2026-01-10 18:06:23,184 - telegram.ext.ExtBot - DEBUG - Call to Bot API endpoint `sendMessage` finished with return value `{'message_id': 213, 'from': {'id': 8490932438, 'is_bot': True, 'first_name': 'ne', 'username': 'pulluptestbot'}, 'chat': {'id': 1082780340, 'first_name': 'yaron', 'username': 'yaronfeldboy', 'type': 'private'}, 'date': 1768061183, 'text': 'מעולה! העברתי את הבקשה שלך לנציג שלנו, והוא ייצור איתך קשר בהקדם כדי לתאם אימון אישי.'}`
2026-01-10 18:06:23,185 - telegram.ext.ExtBot - DEBUG - Calling Bot API endpoint `sendMessage` with parameters `{'chat_id': 1082780340, 'text': '👨\u200d💼 העברתי את הפרטים למנהל, הוא יחזור אליך בהקדם.'}`
2026-01-10 18:06:23,186 - httpcore.http11 - DEBUG - send_request_headers.started request=<Request [b'POST']>
2026-01-10 18:06:23,186 - httpcore.http11 - DEBUG - send_request_headers.complete
2026-01-10 18:06:23,186 - httpcore.http11 - DEBUG - send_request_body.started request=<Request [b'POST']>
2026-01-10 18:06:23,187 - httpcore.http11 - DEBUG - send_request_body.complete
2026-01-10 18:06:23,187 - httpcore.http11 - DEBUG - receive_response_headers.started request=<Request [b'POST']>
2026-01-10 18:06:23,295 - httpcore.http11 - DEBUG - receive_response_headers.complete return_value=(b'HTTP/1.1', 200, b'OK', [(b'Server', b'nginx/1.18.0'), (b'Date', b'Sat, 10 Jan 2026 16:06:23 GMT'), (b'Content-Type', b'application/json'), (b'Content-Length', b'496'), (b'Connection', b'keep-alive'), (b'Strict-Transport-Security', b'max-age=31536000; includeSubDomains; preload'), (b'Access-Control-Allow-Origin', b'*'), (b'Access-Control-Allow-Methods', b'GET, POST, OPTIONS'), (b'Access-Control-Expose-Headers', b'Content-Length,Content-Type,Date,Server,Connection')])
2026-01-10 18:06:23,296 - httpx - INFO - HTTP Request: POST https://api.telegram.org/bot8490932438:AAFVy70Urq5Cj0h7gUKJbECBv3z9-apYZtM/sendMessage "HTTP/1.1 200 OK"
2026-01-10 18:06:23,296 - httpcore.http11 - DEBUG - receive_response_body.started request=<Request [b'POST']>
2026-01-10 18:06:23,296 - httpcore.http11 - DEBUG - receive_response_body.complete
2026-01-10 18:06:23,297 - httpcore.http11 - DEBUG - response_closed.started
2026-01-10 18:06:23,297 - httpcore.http11 - DEBUG - response_closed.complete
2026-01-10 18:06:23,297 - telegram.ext.ExtBot - DEBUG - Call to Bot API endpoint `sendMessage` finished with return value `{'message_id': 214, 'from': {'id': 8490932438, 'is_bot': True, 'first_name': 'ne', 'username': 'pulluptestbot'}, 'chat': {'id': 1082780340, 'first_name': 'yaron', 'username': 'yaronfeldboy', 'type': 'private'}, 'date': 1768061183, 'text': '👨\u200d💼 העברתי את הפרטים למנהל, הוא יחזור אליך בהקדם.'}`
2026-01-10 18:06:23,298 - telegram.ext.ExtBot - DEBUG - Calling Bot API endpoint `sendMessage` with parameters `{'chat_id': 1082780340, 'text': '🚨 <b>ESCALATION REQUIRED</b>\nUser: yaron (ID: <code>1082780340</code>)\nReason: customer wants to schedule a personal training session\n\n<i>Last Message:</i>\nאישי\n\n<i>Reply to this message to answer the customer directly.</i>', 'parse_mode': 'HTML'}`
2026-01-10 18:06:23,300 - httpcore.http11 - DEBUG - send_request_headers.started request=<Request [b'POST']>
2026-01-10 18:06:23,301 - httpcore.http11 - DEBUG - send_request_headers.complete
2026-01-10 18:06:23,301 - httpcore.http11 - DEBUG - send_request_body.started request=<Request [b'POST']>
2026-01-10 18:06:23,301 - httpcore.http11 - DEBUG - send_request_body.complete
2026-01-10 18:06:23,302 - httpcore.http11 - DEBUG - receive_response_headers.started request=<Request [b'POST']>
2026-01-10 18:06:23,411 - httpcore.http11 - DEBUG - receive_response_headers.complete return_value=(b'HTTP/1.1', 200, b'OK', [(b'Server', b'nginx/1.18.0'), (b'Date', b'Sat, 10 Jan 2026 16:06:23 GMT'), (b'Content-Type', b'application/json'), (b'Content-Length', b'645'), (b'Connection', b'keep-alive'), (b'Strict-Transport-Security', b'max-age=31536000; includeSubDomains; preload'), (b'Access-Control-Allow-Origin', b'*'), (b'Access-Control-Allow-Methods', b'GET, POST, OPTIONS'), (b'Access-Control-Expose-Headers', b'Content-Length,Content-Type,Date,Server,Connection')])
2026-01-10 18:06:23,411 - httpx - INFO - HTTP Request: POST https://api.telegram.org/bot8490932438:AAFVy70Urq5Cj0h7gUKJbECBv3z9-apYZtM/sendMessage "HTTP/1.1 200 OK"
2026-01-10 18:06:23,412 - httpcore.http11 - DEBUG - receive_response_body.started request=<Request [b'POST']>
2026-01-10 18:06:23,412 - httpcore.http11 - DEBUG - receive_response_body.complete
2026-01-10 18:06:23,412 - httpcore.http11 - DEBUG - response_closed.started
2026-01-10 18:06:23,412 - httpcore.http11 - DEBUG - response_closed.complete
2026-01-10 18:06:23,413 - telegram.ext.ExtBot - DEBUG - Call to Bot API endpoint `sendMessage` finished with return value `{'message_id': 215, 'from': {'id': 8490932438, 'is_bot': True, 'first_name': 'ne', 'username': 'pulluptestbot'}, 'chat': {'id': 1082780340, 'first_name': 'yaron', 'username': 'yaronfeldboy', 'type': 'private'}, 'date': 1768061183, 'text': '🚨 ESCALATION REQUIRED\nUser: yaron (ID: 1082780340)\nReason: customer wants to schedule a personal training session\n\nLast Message:\nאישי\n\nReply to this message to answer the customer directly.', 'entities': [{'offset': 3, 'length': 19, 'type': 'bold'}, {'offset': 40, 'length': 10, 'type': 'code'}, {'offset': 116, 'length': 13, 'type': 'italic'}, {'offset': 136, 'length': 54, 'type': 'italic'}]}`
2026-01-10 18:06:23,945 - pymongo.topology - DEBUG - {"message": "Server heartbeat succeeded", "topologyId": {"$oid": "6962785d3127086e3f0188e5"}, "driverConnectionId": 1, "serverConnectionId": 221, "serverHost": "localhost", "serverPort": 27017, "awaited": true, "durationMS": 10032.367333304137, "reply": "{\"isWritablePrimary\": true, \"topologyVersion\": {\"processId\": {\"$oid\": \"695c03b553e27f5a444409fe\"}}, \"maxBsonObjectSize\": 16777216, \"maxMessageSizeBytes\": 48000000, \"maxWriteBatchSize\": 100000, \"localTime\": {\"$date\": \"2026-01-10T16:06:23.944Z\"}, \"logicalSessionTimeoutMinutes\": 30, \"connectionId\": 221, \"maxWireVersion\": 27, \"ok\": 1.0}"}
2026-01-10 18:06:23,945 - pymongo.topology - DEBUG - {"message": "Server heartbeat started", "topologyId": {"$oid": "6962785d3127086e3f0188e5"}, "driverConnectionId": 1, "serverConnectionId": 221, "serverHost": "localhost", "serverPort": 27017, "awaited": true}
2026-01-10 18:06:29,961 - httpcore.http11 - DEBUG - receive_response_headers.complete return_value=(b'HTTP/1.1', 200, b'OK', [(b'Server', b'nginx/1.18.0'), (b'Date', b'Sat, 10 Jan 2026 16:06:30 GMT'), (b'Content-Type', b'application/json'), (b'Content-Length', b'23'), (b'Connection', b'keep-alive'), (b'Strict-Transport-Security', b'max-age=31536000; includeSubDomains; preload'), (b'Access-Control-Allow-Origin', b'*'), (b'Access-Control-Allow-Methods', b'GET, POST, OPTIONS'), (b'Access-Control-Expose-Headers', b'Content-Length,Content-Type,Date,Server,Connection')])
2026-01-10 18:06:29,962 - httpx - INFO - HTTP Request: POST https://api.telegram.org/bot8490932438:AAFVy70Urq5Cj0h7gUKJbECBv3z9-apYZtM/getUpdates "HTTP/1.1 200 OK"
2026-01-10 18:06:29,962 - httpcore.http11 - DEBUG - receive_response_body.started request=<Request [b'POST']>
2026-01-10 18:06:29,962 - httpcore.http11 - DEBUG - receive_response_body.complete
2026-01-10 18:06:29,962 - httpcore.http11 - DEBUG - response_closed.started
2026-01-10 18:06:29,962 - httpcore.http11 - DEBUG - response_closed.complete
2026-01-10 18:06:29,963 - telegram.ext.ExtBot - DEBUG - Call to Bot API endpoint `getUpdates` finished with return value `[]`
2026-01-10 18:06:29,963 - telegram.ext.ExtBot - DEBUG - No new updates found.
2026-01-10 18:06:29,963 - telegram.ext.ExtBot - DEBUG - Calling Bot API endpoint `getUpdates` with parameters `{'timeout': datetime.timedelta(seconds=10), 'offset': 328648465, 'allowed_updates': [<UpdateType.MESSAGE>, <UpdateType.EDITED_MESSAGE>, <UpdateType.CHANNEL_POST>, <UpdateType.EDITED_CHANNEL_POST>, <UpdateType.INLINE_QUERY>, <UpdateType.CHOSEN_INLINE_RESULT>, <UpdateType.CALLBACK_QUERY>, <UpdateType.SHIPPING_QUERY>, <UpdateType.PRE_CHECKOUT_QUERY>, <UpdateType.POLL>, <UpdateType.POLL_ANSWER>, <UpdateType.MY_CHAT_MEMBER>, <UpdateType.CHAT_MEMBER>, <UpdateType.CHAT_JOIN_REQUEST>, <UpdateType.CHAT_BOOST>, <UpdateType.REMOVED_CHAT_BOOST>, <UpdateType.MESSAGE_REACTION>, <UpdateType.MESSAGE_REACTION_COUNT>, <UpdateType.BUSINESS_CONNECTION>, <UpdateType.BUSINESS_MESSAGE>, <UpdateType.EDITED_BUSINESS_MESSAGE>, <UpdateType.DELETED_BUSINESS_MESSAGES>, <UpdateType.PURCHASED_PAID_MEDIA>]}`
2026-01-10 18:06:29,964 - httpcore.http11 - DEBUG - send_request_headers.started request=<Request [b'POST']>
2026-01-10 18:06:29,964 - httpcore.http11 - DEBUG - send_request_headers.complete
2026-01-10 18:06:29,964 - httpcore.http11 - DEBUG - send_request_body.started request=<Request [b'POST']>
2026-01-10 18:06:29,964 - httpcore.http11 - DEBUG - send_request_body.complete
2026-01-10 18:06:29,964 - httpcore.http11 - DEBUG - receive_response_headers.started request=<Request [b'POST']>
2026-01-10 18:06:33,339 - httpcore.http11 - DEBUG - receive_response_headers.complete return_value=(b'HTTP/1.1', 200, b'OK', [(b'Server', b'nginx/1.18.0'), (b'Date', b'Sat, 10 Jan 2026 16:06:33 GMT'), (b'Content-Type', b'application/json'), (b'Content-Length', b'369'), (b'Connection', b'keep-alive'), (b'Strict-Transport-Security', b'max-age=31536000; includeSubDomains; preload'), (b'Access-Control-Allow-Origin', b'*'), (b'Access-Control-Allow-Methods', b'GET, POST, OPTIONS'), (b'Access-Control-Expose-Headers', b'Content-Length,Content-Type,Date,Server,Connection')])
2026-01-10 18:06:33,339 - httpx - INFO - HTTP Request: POST https://api.telegram.org/bot8490932438:AAFVy70Urq5Cj0h7gUKJbECBv3z9-apYZtM/getUpdates "HTTP/1.1 200 OK"
2026-01-10 18:06:33,340 - httpcore.http11 - DEBUG - receive_response_body.started request=<Request [b'POST']>
2026-01-10 18:06:33,340 - httpcore.http11 - DEBUG - receive_response_body.complete
2026-01-10 18:06:33,340 - httpcore.http11 - DEBUG - response_closed.started
2026-01-10 18:06:33,340 - httpcore.http11 - DEBUG - response_closed.complete
2026-01-10 18:06:33,341 - telegram.ext.ExtBot - DEBUG - Call to Bot API endpoint `getUpdates` finished with return value `[{'update_id': 328648465, 'message_reaction': {'chat': {'id': 1082780340, 'first_name': 'yaron', 'username': 'yaronfeldboy', 'type': 'private'}, 'message_id': 215, 'user': {'id': 1082780340, 'is_bot': False, 'first_name': 'yaron', 'username': 'yaronfeldboy', 'language_code': 'en'}, 'date': 1768061193, 'old_reaction': [], 'new_reaction': [{'type': 'emoji', 'emoji': '❤'}]}}]`
2026-01-10 18:06:33,341 - telegram.ext.ExtBot - DEBUG - Getting updates: [328648465]
2026-01-10 18:06:33,342 - telegram.ext.Application - DEBUG - Processing update Update(message_reaction=MessageReactionUpdated(chat=Chat(first_name='yaron', id=1082780340, type=<ChatType.PRIVATE>, username='yaronfeldboy'), date=datetime.datetime(2026, 1, 10, 16, 6, 33, tzinfo=datetime.timezone.utc), message_id=215, new_reaction=(ReactionTypeEmoji(emoji='❤', type=<ReactionType.EMOJI>),), user=User(first_name='yaron', id=1082780340, is_bot=False, language_code='en', username='yaronfeldboy')), update_id=328648465)
2026-01-10 18:06:33,343 - telegram.ext.ExtBot - DEBUG - Calling Bot API endpoint `getUpdates` with parameters `{'timeout': datetime.timedelta(seconds=10), 'offset': 328648466, 'allowed_updates': [<UpdateType.MESSAGE>, <UpdateType.EDITED_MESSAGE>, <UpdateType.CHANNEL_POST>, <UpdateType.EDITED_CHANNEL_POST>, <UpdateType.INLINE_QUERY>, <UpdateType.CHOSEN_INLINE_RESULT>, <UpdateType.CALLBACK_QUERY>, <UpdateType.SHIPPING_QUERY>, <UpdateType.PRE_CHECKOUT_QUERY>, <UpdateType.POLL>, <UpdateType.POLL_ANSWER>, <UpdateType.MY_CHAT_MEMBER>, <UpdateType.CHAT_MEMBER>, <UpdateType.CHAT_JOIN_REQUEST>, <UpdateType.CHAT_BOOST>, <UpdateType.REMOVED_CHAT_BOOST>, <UpdateType.MESSAGE_REACTION>, <UpdateType.MESSAGE_REACTION_COUNT>, <UpdateType.BUSINESS_CONNECTION>, <UpdateType.BUSINESS_MESSAGE>, <UpdateType.EDITED_BUSINESS_MESSAGE>, <UpdateType.DELETED_BUSINESS_MESSAGES>, <UpdateType.PURCHASED_PAID_MEDIA>]}`
2026-01-10 18:06:33,344 - httpcore.http11 - DEBUG - send_request_headers.started request=<Request [b'POST']>
2026-01-10 18:06:33,344 - httpcore.http11 - DEBUG - send_request_headers.complete
2026-01-10 18:06:33,345 - httpcore.http11 - DEBUG - send_request_body.started request=<Request [b'POST']>
2026-01-10 18:06:33,345 - httpcore.http11 - DEBUG - send_request_body.complete
2026-01-10 18:06:33,345 - httpcore.http11 - DEBUG - receive_response_headers.started request=<Request [b'POST']>
2026-01-10 18:06:34,018 - pymongo.topology - DEBUG - {"message": "Server heartbeat succeeded", "topologyId": {"$oid": "6962785d3127086e3f0188e5"}, "driverConnectionId": 1, "serverConnectionId": 221, "serverHost": "localhost", "serverPort": 27017, "awaited": true, "durationMS": 10072.337707970291, "reply": "{\"isWritablePrimary\": true, \"topologyVersion\": {\"processId\": {\"$oid\": \"695c03b553e27f5a444409fe\"}}, \"maxBsonObjectSize\": 16777216, \"maxMessageSizeBytes\": 48000000, \"maxWriteBatchSize\": 100000, \"localTime\": {\"$date\": \"2026-01-10T16:06:34.018Z\"}, \"logicalSessionTimeoutMinutes\": 30, \"connectionId\": 221, \"maxWireVersion\": 27, \"ok\": 1.0}"}
2026-01-10 18:06:34,019 - pymongo.topology - DEBUG - {"message": "Server heartbeat started", "topologyId": {"$oid": "6962785d3127086e3f0188e5"}, "driverConnectionId": 1, "serverConnectionId": 221, "serverHost": "localhost", "serverPort": 27017, "awaited": true}
2026-01-10 18:06:43,539 - httpcore.http11 - DEBUG - receive_response_headers.complete return_value=(b'HTTP/1.1', 200, b'OK', [(b'Server', b'nginx/1.18.0'), (b'Date', b'Sat, 10 Jan 2026 16:06:43 GMT'), (b'Content-Type', b'application/json'), (b'Content-Length', b'23'), (b'Connection', b'keep-alive'), (b'Strict-Transport-Security', b'max-age=31536000; includeSubDomains; preload'), (b'Access-Control-Allow-Origin', b'*'), (b'Access-Control-Allow-Methods', b'GET, POST, OPTIONS'), (b'Access-Control-Expose-Headers', b'Content-Length,Content-Type,Date,Server,Connection')])
2026-01-10 18:06:43,540 - httpx - INFO - HTTP Request: POST https://api.telegram.org/bot8490932438:AAFVy70Urq5Cj0h7gUKJbECBv3z9-apYZtM/getUpdates "HTTP/1.1 200 OK"
2026-01-10 18:06:43,540 - httpcore.http11 - DEBUG - receive_response_body.started request=<Request [b'POST']>
2026-01-10 18:06:43,540 - httpcore.http11 - DEBUG - receive_response_body.complete
2026-01-10 18:06:43,540 - httpcore.http11 - DEBUG - response_closed.started
2026-01-10 18:06:43,540 - httpcore.http11 - DEBUG - response_closed.complete
2026-01-10 18:06:43,540 - telegram.ext.ExtBot - DEBUG - Call to Bot API endpoint `getUpdates` finished with return value `[]`
2026-01-10 18:06:43,541 - telegram.ext.ExtBot - DEBUG - No new updates found.
2026-01-10 18:06:43,541 - telegram.ext.ExtBot - DEBUG - Calling Bot API endpoint `getUpdates` with parameters `{'timeout': datetime.timedelta(seconds=10), 'offset': 328648466, 'allowed_updates': [<UpdateType.MESSAGE>, <UpdateType.EDITED_MESSAGE>, <UpdateType.CHANNEL_POST>, <UpdateType.EDITED_CHANNEL_POST>, <UpdateType.INLINE_QUERY>, <UpdateType.CHOSEN_INLINE_RESULT>, <UpdateType.CALLBACK_QUERY>, <UpdateType.SHIPPING_QUERY>, <UpdateType.PRE_CHECKOUT_QUERY>, <UpdateType.POLL>, <UpdateType.POLL_ANSWER>, <UpdateType.MY_CHAT_MEMBER>, <UpdateType.CHAT_MEMBER>, <UpdateType.CHAT_JOIN_REQUEST>, <UpdateType.CHAT_BOOST>, <UpdateType.REMOVED_CHAT_BOOST>, <UpdateType.MESSAGE_REACTION>, <UpdateType.MESSAGE_REACTION_COUNT>, <UpdateType.BUSINESS_CONNECTION>, <UpdateType.BUSINESS_MESSAGE>, <UpdateType.EDITED_BUSINESS_MESSAGE>, <UpdateType.DELETED_BUSINESS_MESSAGES>, <UpdateType.PURCHASED_PAID_MEDIA>]}`
2026-01-10 18:06:43,542 - httpcore.http11 - DEBUG - send_request_headers.started request=<Request [b'POST']>
2026-01-10 18:06:43,542 - httpcore.http11 - DEBUG - send_request_headers.complete
2026-01-10 18:06:43,542 - httpcore.http11 - DEBUG - send_request_body.started request=<Request [b'POST']>
2026-01-10 18:06:43,542 - httpcore.http11 - DEBUG - send_request_body.complete
2026-01-10 18:06:43,543 - httpcore.http11 - DEBUG - receive_response_headers.started request=<Request [b'POST']>
2026-01-10 18:06:44,090 - pymongo.topology - DEBUG - {"message": "Server heartbeat succeeded", "topologyId": {"$oid": "6962785d3127086e3f0188e5"}, "driverConnectionId": 1, "serverConnectionId": 221, "serverHost": "localhost", "serverPort": 27017, "awaited": true, "durationMS": 10070.288749877363, "reply": "{\"isWritablePrimary\": true, \"topologyVersion\": {\"processId\": {\"$oid\": \"695c03b553e27f5a444409fe\"}}, \"maxBsonObjectSize\": 16777216, \"maxMessageSizeBytes\": 48000000, \"maxWriteBatchSize\": 100000, \"localTime\": {\"$date\": \"2026-01-10T16:06:44.089Z\"}, \"logicalSessionTimeoutMinutes\": 30, \"connectionId\": 221, \"maxWireVersion\": 27, \"ok\": 1.0}"}
2026-01-10 18:06:44,091 - pymongo.topology - DEBUG - {"message": "Server heartbeat started", "topologyId": {"$oid": "6962785d3127086e3f0188e5"}, "driverConnectionId": 1, "serverConnectionId": 221, "serverHost": "localhost", "serverPort": 27017, "awaited": true}
2026-01-10 18:06:53,678 - httpcore.http11 - DEBUG - receive_response_headers.complete return_value=(b'HTTP/1.1', 200, b'OK', [(b'Server', b'nginx/1.18.0'), (b'Date', b'Sat, 10 Jan 2026 16:06:53 GMT'), (b'Content-Type', b'application/json'), (b'Content-Length', b'23'), (b'Connection', b'keep-alive'), (b'Strict-Transport-Security', b'max-age=31536000; includeSubDomains; preload'), (b'Access-Control-Allow-Origin', b'*'), (b'Access-Control-Allow-Methods', b'GET, POST, OPTIONS'), (b'Access-Control-Expose-Headers', b'Content-Length,Content-Type,Date,Server,Connection')])
2026-01-10 18:06:53,678 - httpx - INFO - HTTP Request: POST https://api.telegram.org/bot8490932438:AAFVy70Urq5Cj0h7gUKJbECBv3z9-apYZtM/getUpdates "HTTP/1.1 200 OK"
2026-01-10 18:06:53,679 - httpcore.http11 - DEBUG - receive_response_body.started request=<Request [b'POST']>
2026-01-10 18:06:53,679 - httpcore.http11 - DEBUG - receive_response_body.complete
2026-01-10 18:06:53,679 - httpcore.http11 - DEBUG - response_closed.started
2026-01-10 18:06:53,679 - httpcore.http11 - DEBUG - response_closed.complete
2026-01-10 18:06:53,680 - telegram.ext.ExtBot - DEBUG - Call to Bot API endpoint `getUpdates` finished with return value `[]`
2026-01-10 18:06:53,680 - telegram.ext.ExtBot - DEBUG - No new updates found.
2026-01-10 18:06:53,680 - telegram.ext.ExtBot - DEBUG - Calling Bot API endpoint `getUpdates` with parameters `{'timeout': datetime.timedelta(seconds=10), 'offset': 328648466, 'allowed_updates': [<UpdateType.MESSAGE>, <UpdateType.EDITED_MESSAGE>, <UpdateType.CHANNEL_POST>, <UpdateType.EDITED_CHANNEL_POST>, <UpdateType.INLINE_QUERY>, <UpdateType.CHOSEN_INLINE_RESULT>, <UpdateType.CALLBACK_QUERY>, <UpdateType.SHIPPING_QUERY>, <UpdateType.PRE_CHECKOUT_QUERY>, <UpdateType.POLL>, <UpdateType.POLL_ANSWER>, <UpdateType.MY_CHAT_MEMBER>, <UpdateType.CHAT_MEMBER>, <UpdateType.CHAT_JOIN_REQUEST>, <UpdateType.CHAT_BOOST>, <UpdateType.REMOVED_CHAT_BOOST>, <UpdateType.MESSAGE_REACTION>, <UpdateType.MESSAGE_REACTION_COUNT>, <UpdateType.BUSINESS_CONNECTION>, <UpdateType.BUSINESS_MESSAGE>, <UpdateType.EDITED_BUSINESS_MESSAGE>, <UpdateType.DELETED_BUSINESS_MESSAGES>, <UpdateType.PURCHASED_PAID_MEDIA>]}`
2026-01-10 18:06:53,681 - httpcore.http11 - DEBUG - send_request_headers.started request=<Request [b'POST']>
2026-01-10 18:06:53,681 - httpcore.http11 - DEBUG - send_request_headers.complete
2026-01-10 18:06:53,682 - httpcore.http11 - DEBUG - send_request_body.started request=<Request [b'POST']>
2026-01-10 18:06:53,682 - httpcore.http11 - DEBUG - send_request_body.complete
2026-01-10 18:06:53,682 - httpcore.http11 - DEBUG - receive_response_headers.started request=<Request [b'POST']>
2026-01-10 18:06:54,153 - pymongo.topology - DEBUG - {"message": "Server heartbeat succeeded", "topologyId": {"$oid": "6962785d3127086e3f0188e5"}, "driverConnectionId": 1, "serverConnectionId": 221, "serverHost": "localhost", "serverPort": 27017, "awaited": true, "durationMS": 10061.850166879594, "reply": "{\"isWritablePrimary\": true, \"topologyVersion\": {\"processId\": {\"$oid\": \"695c03b553e27f5a444409fe\"}}, \"maxBsonObjectSize\": 16777216, \"maxMessageSizeBytes\": 48000000, \"maxWriteBatchSize\": 100000, \"localTime\": {\"$date\": \"2026-01-10T16:06:54.152Z\"}, \"logicalSessionTimeoutMinutes\": 30, \"connectionId\": 221, \"maxWireVersion\": 27, \"ok\": 1.0}"}
2026-01-10 18:06:54,154 - pymongo.topology - DEBUG - {"message": "Server heartbeat started", "topologyId": {"$oid": "6962785d3127086e3f0188e5"}, "driverConnectionId": 1, "serverConnectionId": 221, "serverHost": "localhost", "serverPort": 27017, "awaited": true}
2026-01-10 18:07:03,761 - httpcore.http11 - DEBUG - receive_response_headers.complete return_value=(b'HTTP/1.1', 200, b'OK', [(b'Server', b'nginx/1.18.0'), (b'Date', b'Sat, 10 Jan 2026 16:07:03 GMT'), (b'Content-Type', b'application/json'), (b'Content-Length', b'23'), (b'Connection', b'keep-alive'), (b'Strict-Transport-Security', b'max-age=31536000; includeSubDomains; preload'), (b'Access-Control-Allow-Origin', b'*'), (b'Access-Control-Allow-Methods', b'GET, POST, OPTIONS'), (b'Access-Control-Expose-Headers', b'Content-Length,Content-Type,Date,Server,Connection')])
2026-01-10 18:07:03,761 - httpx - INFO - HTTP Request: POST https://api.telegram.org/bot8490932438:AAFVy70Urq5Cj0h7gUKJbECBv3z9-apYZtM/getUpdates "HTTP/1.1 200 OK"
2026-01-10 18:07:03,761 - httpcore.http11 - DEBUG - receive_response_body.started request=<Request [b'POST']>
2026-01-10 18:07:03,761 - httpcore.http11 - DEBUG - receive_response_body.complete
2026-01-10 18:07:03,761 - httpcore.http11 - DEBUG - response_closed.started
2026-01-10 18:07:03,761 - httpcore.http11 - DEBUG - response_closed.complete
2026-01-10 18:07:03,761 - telegram.ext.ExtBot - DEBUG - Call to Bot API endpoint `getUpdates` finished with return value `[]`
2026-01-10 18:07:03,761 - telegram.ext.ExtBot - DEBUG - No new updates found.
2026-01-10 18:07:03,762 - telegram.ext.ExtBot - DEBUG - Calling Bot API endpoint `getUpdates` with parameters `{'timeout': datetime.timedelta(seconds=10), 'offset': 328648466, 'allowed_updates': [<UpdateType.MESSAGE>, <UpdateType.EDITED_MESSAGE>, <UpdateType.CHANNEL_POST>, <UpdateType.EDITED_CHANNEL_POST>, <UpdateType.INLINE_QUERY>, <UpdateType.CHOSEN_INLINE_RESULT>, <UpdateType.CALLBACK_QUERY>, <UpdateType.SHIPPING_QUERY>, <UpdateType.PRE_CHECKOUT_QUERY>, <UpdateType.POLL>, <UpdateType.POLL_ANSWER>, <UpdateType.MY_CHAT_MEMBER>, <UpdateType.CHAT_MEMBER>, <UpdateType.CHAT_JOIN_REQUEST>, <UpdateType.CHAT_BOOST>, <UpdateType.REMOVED_CHAT_BOOST>, <UpdateType.MESSAGE_REACTION>, <UpdateType.MESSAGE_REACTION_COUNT>, <UpdateType.BUSINESS_CONNECTION>, <UpdateType.BUSINESS_MESSAGE>, <UpdateType.EDITED_BUSINESS_MESSAGE>, <UpdateType.DELETED_BUSINESS_MESSAGES>, <UpdateType.PURCHASED_PAID_MEDIA>]}`
2026-01-10 18:07:03,762 - httpcore.http11 - DEBUG - send_request_headers.started request=<Request [b'POST']>
2026-01-10 18:07:03,762 - httpcore.http11 - DEBUG - send_request_headers.complete
2026-01-10 18:07:03,762 - httpcore.http11 - DEBUG - send_request_body.started request=<Request [b'POST']>
2026-01-10 18:07:03,763 - httpcore.http11 - DEBUG - send_request_body.complete
2026-01-10 18:07:03,763 - httpcore.http11 - DEBUG - receive_response_headers.started request=<Request [b'POST']>
2026-01-10 18:07:04,224 - pymongo.topology - DEBUG - {"message": "Server heartbeat succeeded", "topologyId": {"$oid": "6962785d3127086e3f0188e5"}, "driverConnectionId": 1, "serverConnectionId": 221, "serverHost": "localhost", "serverPort": 27017, "awaited": true, "durationMS": 10069.887458812445, "reply": "{\"isWritablePrimary\": true, \"topologyVersion\": {\"processId\": {\"$oid\": \"695c03b553e27f5a444409fe\"}}, \"maxBsonObjectSize\": 16777216, \"maxMessageSizeBytes\": 48000000, \"maxWriteBatchSize\": 100000, \"localTime\": {\"$date\": \"2026-01-10T16:07:04.223Z\"}, \"logicalSessionTimeoutMinutes\": 30, \"connectionId\": 221, \"maxWireVersion\": 27, \"ok\": 1.0}"}
2026-01-10 18:07:04,225 - pymongo.topology - DEBUG - {"message": "Server heartbeat started", "topologyId": {"$oid": "6962785d3127086e3f0188e5"}, "driverConnectionId": 1, "serverConnectionId": 221, "serverHost": "localhost", "serverPort": 27017, "awaited": true}
2026-01-10 18:07:13,952 - httpcore.http11 - DEBUG - receive_response_headers.complete return_value=(b'HTTP/1.1', 200, b'OK', [(b'Server', b'nginx/1.18.0'), (b'Date', b'Sat, 10 Jan 2026 16:07:13 GMT'), (b'Content-Type', b'application/json'), (b'Content-Length', b'23'), (b'Connection', b'keep-alive'), (b'Strict-Transport-Security', b'max-age=31536000; includeSubDomains; preload'), (b'Access-Control-Allow-Origin', b'*'), (b'Access-Control-Allow-Methods', b'GET, POST, OPTIONS'), (b'Access-Control-Expose-Headers', b'Content-Length,Content-Type,Date,Server,Connection')])
2026-01-10 18:07:13,953 - httpx - INFO - HTTP Request: POST https://api.telegram.org/bot8490932438:AAFVy70Urq5Cj0h7gUKJbECBv3z9-apYZtM/getUpdates "HTTP/1.1 200 OK"
2026-01-10 18:07:13,953 - httpcore.http11 - DEBUG - receive_response_body.started request=<Request [b'POST']>
2026-01-10 18:07:13,953 - httpcore.http11 - DEBUG - receive_response_body.complete
2026-01-10 18:07:13,954 - httpcore.http11 - DEBUG - response_closed.started
2026-01-10 18:07:13,954 - httpcore.http11 - DEBUG - response_closed.complete
2026-01-10 18:07:13,954 - telegram.ext.ExtBot - DEBUG - Call to Bot API endpoint `getUpdates` finished with return value `[]`
2026-01-10 18:07:13,954 - telegram.ext.ExtBot - DEBUG - No new updates found.
2026-01-10 18:07:13,955 - telegram.ext.ExtBot - DEBUG - Calling Bot API endpoint `getUpdates` with parameters `{'timeout': datetime.timedelta(seconds=10), 'offset': 328648466, 'allowed_updates': [<UpdateType.MESSAGE>, <UpdateType.EDITED_MESSAGE>, <UpdateType.CHANNEL_POST>, <UpdateType.EDITED_CHANNEL_POST>, <UpdateType.INLINE_QUERY>, <UpdateType.CHOSEN_INLINE_RESULT>, <UpdateType.CALLBACK_QUERY>, <UpdateType.SHIPPING_QUERY>, <UpdateType.PRE_CHECKOUT_QUERY>, <UpdateType.POLL>, <UpdateType.POLL_ANSWER>, <UpdateType.MY_CHAT_MEMBER>, <UpdateType.CHAT_MEMBER>, <UpdateType.CHAT_JOIN_REQUEST>, <UpdateType.CHAT_BOOST>, <UpdateType.REMOVED_CHAT_BOOST>, <UpdateType.MESSAGE_REACTION>, <UpdateType.MESSAGE_REACTION_COUNT>, <UpdateType.BUSINESS_CONNECTION>, <UpdateType.BUSINESS_MESSAGE>, <UpdateType.EDITED_BUSINESS_MESSAGE>, <UpdateType.DELETED_BUSINESS_MESSAGES>, <UpdateType.PURCHASED_PAID_MEDIA>]}`
2026-01-10 18:07:13,955 - httpcore.http11 - DEBUG - send_request_headers.started request=<Request [b'POST']>
2026-01-10 18:07:13,956 - httpcore.http11 - DEBUG - send_request_headers.complete
2026-01-10 18:07:13,956 - httpcore.http11 - DEBUG - send_request_body.started request=<Request [b'POST']>
2026-01-10 18:07:13,956 - httpcore.http11 - DEBUG - send_request_body.complete
2026-01-10 18:07:13,956 - httpcore.http11 - DEBUG - receive_response_headers.started request=<Request [b'POST']>
2026-01-10 18:07:14,286 - pymongo.topology - DEBUG - {"message": "Server heartbeat succeeded", "topologyId": {"$oid": "6962785d3127086e3f0188e5"}, "driverConnectionId": 1, "serverConnectionId": 221, "serverHost": "localhost", "serverPort": 27017, "awaited": true, "durationMS": 10060.830208007246, "reply": "{\"isWritablePrimary\": true, \"topologyVersion\": {\"processId\": {\"$oid\": \"695c03b553e27f5a444409fe\"}}, \"maxBsonObjectSize\": 16777216, \"maxMessageSizeBytes\": 48000000, \"maxWriteBatchSize\": 100000, \"localTime\": {\"$date\": \"2026-01-10T16:07:14.285Z\"}, \"logicalSessionTimeoutMinutes\": 30, \"connectionId\": 221, \"maxWireVersion\": 27, \"ok\": 1.0}"}
2026-01-10 18:07:14,287 - pymongo.topology - DEBUG - {"message": "Server heartbeat started", "topologyId": {"$oid": "6962785d3127086e3f0188e5"}, "driverConnectionId": 1, "serverConnectionId": 221, "serverHost": "localhost", "serverPort": 27017, "awaited": true}
2026-01-10 18:07:24,090 - httpcore.http11 - DEBUG - receive_response_headers.complete return_value=(b'HTTP/1.1', 200, b'OK', [(b'Server', b'nginx/1.18.0'), (b'Date', b'Sat, 10 Jan 2026 16:07:24 GMT'), (b'Content-Type', b'application/json'), (b'Content-Length', b'23'), (b'Connection', b'keep-alive'), (b'Strict-Transport-Security', b'max-age=31536000; includeSubDomains; preload'), (b'Access-Control-Allow-Origin', b'*'), (b'Access-Control-Allow-Methods', b'GET, POST, OPTIONS'), (b'Access-Control-Expose-Headers', b'Content-Length,Content-Type,Date,Server,Connection')])
2026-01-10 18:07:24,091 - httpx - INFO - HTTP Request: POST https://api.telegram.org/bot8490932438:AAFVy70Urq5Cj0h7gUKJbECBv3z9-apYZtM/getUpdates "HTTP/1.1 200 OK"
2026-01-10 18:07:24,091 - httpcore.http11 - DEBUG - receive_response_body.started request=<Request [b'POST']>
2026-01-10 18:07:24,091 - httpcore.http11 - DEBUG - receive_response_body.complete
2026-01-10 18:07:24,092 - httpcore.http11 - DEBUG - response_closed.started
2026-01-10 18:07:24,092 - httpcore.http11 - DEBUG - response_closed.complete
2026-01-10 18:07:24,092 - telegram.ext.ExtBot - DEBUG - Call to Bot API endpoint `getUpdates` finished with return value `[]`
2026-01-10 18:07:24,092 - telegram.ext.ExtBot - DEBUG - No new updates found.
2026-01-10 18:07:24,093 - telegram.ext.ExtBot - DEBUG - Calling Bot API endpoint `getUpdates` with parameters `{'timeout': datetime.timedelta(seconds=10), 'offset': 328648466, 'allowed_updates': [<UpdateType.MESSAGE>, <UpdateType.EDITED_MESSAGE>, <UpdateType.CHANNEL_POST>, <UpdateType.EDITED_CHANNEL_POST>, <UpdateType.INLINE_QUERY>, <UpdateType.CHOSEN_INLINE_RESULT>, <UpdateType.CALLBACK_QUERY>, <UpdateType.SHIPPING_QUERY>, <UpdateType.PRE_CHECKOUT_QUERY>, <UpdateType.POLL>, <UpdateType.POLL_ANSWER>, <UpdateType.MY_CHAT_MEMBER>, <UpdateType.CHAT_MEMBER>, <UpdateType.CHAT_JOIN_REQUEST>, <UpdateType.CHAT_BOOST>, <UpdateType.REMOVED_CHAT_BOOST>, <UpdateType.MESSAGE_REACTION>, <UpdateType.MESSAGE_REACTION_COUNT>, <UpdateType.BUSINESS_CONNECTION>, <UpdateType.BUSINESS_MESSAGE>, <UpdateType.EDITED_BUSINESS_MESSAGE>, <UpdateType.DELETED_BUSINESS_MESSAGES>, <UpdateType.PURCHASED_PAID_MEDIA>]}`
2026-01-10 18:07:24,094 - httpcore.http11 - DEBUG - send_request_headers.started request=<Request [b'POST']>
2026-01-10 18:07:24,094 - httpcore.http11 - DEBUG - send_request_headers.complete
2026-01-10 18:07:24,094 - httpcore.http11 - DEBUG - send_request_body.started request=<Request [b'POST']>
2026-01-10 18:07:24,095 - httpcore.http11 - DEBUG - send_request_body.complete
2026-01-10 18:07:24,095 - httpcore.http11 - DEBUG - receive_response_headers.started request=<Request [b'POST']>
2026-01-10 18:07:24,350 - pymongo.topology - DEBUG - {"message": "Server heartbeat succeeded", "topologyId": {"$oid": "6962785d3127086e3f0188e5"}, "driverConnectionId": 1, "serverConnectionId": 221, "serverHost": "localhost", "serverPort": 27017, "awaited": true, "durationMS": 10063.165958039463, "reply": "{\"isWritablePrimary\": true, \"topologyVersion\": {\"processId\": {\"$oid\": \"695c03b553e27f5a444409fe\"}}, \"maxBsonObjectSize\": 16777216, \"maxMessageSizeBytes\": 48000000, \"maxWriteBatchSize\": 100000, \"localTime\": {\"$date\": \"2026-01-10T16:07:24.350Z\"}, \"logicalSessionTimeoutMinutes\": 30, \"connectionId\": 221, \"maxWireVersion\": 27, \"ok\": 1.0}"}
2026-01-10 18:07:24,351 - pymongo.topology - DEBUG - {"message": "Server heartbeat started", "topologyId": {"$oid": "6962785d3127086e3f0188e5"}, "driverConnectionId": 1, "serverConnectionId": 221, "serverHost": "localhost", "serverPort": 27017, "awaited": true}
2026-01-10 18:07:34,175 - httpcore.http11 - DEBUG - receive_response_headers.complete return_value=(b'HTTP/1.1', 200, b'OK', [(b'Server', b'nginx/1.18.0'), (b'Date', b'Sat, 10 Jan 2026 16:07:34 GMT'), (b'Content-Type', b'application/json'), (b'Content-Length', b'23'), (b'Connection', b'keep-alive'), (b'Strict-Transport-Security', b'max-age=31536000; includeSubDomains; preload'), (b'Access-Control-Allow-Origin', b'*'), (b'Access-Control-Allow-Methods', b'GET, POST, OPTIONS'), (b'Access-Control-Expose-Headers', b'Content-Length,Content-Type,Date,Server,Connection')])
2026-01-10 18:07:34,176 - httpx - INFO - HTTP Request: POST https://api.telegram.org/bot8490932438:AAFVy70Urq5Cj0h7gUKJbECBv3z9-apYZtM/getUpdates "HTTP/1.1 200 OK"
2026-01-10 18:07:34,176 - httpcore.http11 - DEBUG - receive_response_body.started request=<Request [b'POST']>
2026-01-10 18:07:34,177 - httpcore.http11 - DEBUG - receive_response_body.complete
2026-01-10 18:07:34,177 - httpcore.http11 - DEBUG - response_closed.started
2026-01-10 18:07:34,177 - httpcore.http11 - DEBUG - response_closed.complete
2026-01-10 18:07:34,178 - telegram.ext.ExtBot - DEBUG - Call to Bot API endpoint `getUpdates` finished with return value `[]`
2026-01-10 18:07:34,178 - telegram.ext.ExtBot - DEBUG - No new updates found.
2026-01-10 18:07:34,178 - telegram.ext.ExtBot - DEBUG - Calling Bot API endpoint `getUpdates` with parameters `{'timeout': datetime.timedelta(seconds=10), 'offset': 328648466, 'allowed_updates': [<UpdateType.MESSAGE>, <UpdateType.EDITED_MESSAGE>, <UpdateType.CHANNEL_POST>, <UpdateType.EDITED_CHANNEL_POST>, <UpdateType.INLINE_QUERY>, <UpdateType.CHOSEN_INLINE_RESULT>, <UpdateType.CALLBACK_QUERY>, <UpdateType.SHIPPING_QUERY>, <UpdateType.PRE_CHECKOUT_QUERY>, <UpdateType.POLL>, <UpdateType.POLL_ANSWER>, <UpdateType.MY_CHAT_MEMBER>, <UpdateType.CHAT_MEMBER>, <UpdateType.CHAT_JOIN_REQUEST>, <UpdateType.CHAT_BOOST>, <UpdateType.REMOVED_CHAT_BOOST>, <UpdateType.MESSAGE_REACTION>, <UpdateType.MESSAGE_REACTION_COUNT>, <UpdateType.BUSINESS_CONNECTION>, <UpdateType.BUSINESS_MESSAGE>, <UpdateType.EDITED_BUSINESS_MESSAGE>, <UpdateType.DELETED_BUSINESS_MESSAGES>, <UpdateType.PURCHASED_PAID_MEDIA>]}`
2026-01-10 18:07:34,179 - httpcore.http11 - DEBUG - send_request_headers.started request=<Request [b'POST']>
2026-01-10 18:07:34,180 - httpcore.http11 - DEBUG - send_request_headers.complete
2026-01-10 18:07:34,180 - httpcore.http11 - DEBUG - send_request_body.started request=<Request [b'POST']>
2026-01-10 18:07:34,180 - httpcore.http11 - DEBUG - send_request_body.complete
2026-01-10 18:07:34,180 - httpcore.http11 - DEBUG - receive_response_headers.started request=<Request [b'POST']>
2026-01-10 18:07:34,410 - pymongo.topology - DEBUG - {"message": "Server heartbeat succeeded", "topologyId": {"$oid": "6962785d3127086e3f0188e5"}, "driverConnectionId": 1, "serverConnectionId": 221, "serverHost": "localhost", "serverPort": 27017, "awaited": true, "durationMS": 10058.969125151634, "reply": "{\"isWritablePrimary\": true, \"topologyVersion\": {\"processId\": {\"$oid\": \"695c03b553e27f5a444409fe\"}}, \"maxBsonObjectSize\": 16777216, \"maxMessageSizeBytes\": 48000000, \"maxWriteBatchSize\": 100000, \"localTime\": {\"$date\": \"2026-01-10T16:07:34.410Z\"}, \"logicalSessionTimeoutMinutes\": 30, \"connectionId\": 221, \"maxWireVersion\": 27, \"ok\": 1.0}"}
2026-01-10 18:07:34,411 - pymongo.topology - DEBUG - {"message": "Server heartbeat started", "topologyId": {"$oid": "6962785d3127086e3f0188e5"}, "driverConnectionId": 1, "serverConnectionId": 221, "serverHost": "localhost", "serverPort": 27017, "awaited": true}
2026-01-10 18:07:44,366 - httpcore.http11 - DEBUG - receive_response_headers.complete return_value=(b'HTTP/1.1', 200, b'OK', [(b'Server', b'nginx/1.18.0'), (b'Date', b'Sat, 10 Jan 2026 16:07:44 GMT'), (b'Content-Type', b'application/json'), (b'Content-Length', b'23'), (b'Connection', b'keep-alive'), (b'Strict-Transport-Security', b'max-age=31536000; includeSubDomains; preload'), (b'Access-Control-Allow-Origin', b'*'), (b'Access-Control-Allow-Methods', b'GET, POST, OPTIONS'), (b'Access-Control-Expose-Headers', b'Content-Length,Content-Type,Date,Server,Connection')])
2026-01-10 18:07:44,367 - httpx - INFO - HTTP Request: POST https://api.telegram.org/bot8490932438:AAFVy70Urq5Cj0h7gUKJbECBv3z9-apYZtM/getUpdates "HTTP/1.1 200 OK"
2026-01-10 18:07:44,367 - httpcore.http11 - DEBUG - receive_response_body.started request=<Request [b'POST']>
2026-01-10 18:07:44,367 - httpcore.http11 - DEBUG - receive_response_body.complete
2026-01-10 18:07:44,367 - httpcore.http11 - DEBUG - response_closed.started
2026-01-10 18:07:44,368 - httpcore.http11 - DEBUG - response_closed.complete
2026-01-10 18:07:44,368 - telegram.ext.ExtBot - DEBUG - Call to Bot API endpoint `getUpdates` finished with return value `[]`
2026-01-10 18:07:44,368 - telegram.ext.ExtBot - DEBUG - No new updates found.
2026-01-10 18:07:44,368 - telegram.ext.ExtBot - DEBUG - Calling Bot API endpoint `getUpdates` with parameters `{'timeout': datetime.timedelta(seconds=10), 'offset': 328648466, 'allowed_updates': [<UpdateType.MESSAGE>, <UpdateType.EDITED_MESSAGE>, <UpdateType.CHANNEL_POST>, <UpdateType.EDITED_CHANNEL_POST>, <UpdateType.INLINE_QUERY>, <UpdateType.CHOSEN_INLINE_RESULT>, <UpdateType.CALLBACK_QUERY>, <UpdateType.SHIPPING_QUERY>, <UpdateType.PRE_CHECKOUT_QUERY>, <UpdateType.POLL>, <UpdateType.POLL_ANSWER>, <UpdateType.MY_CHAT_MEMBER>, <UpdateType.CHAT_MEMBER>, <UpdateType.CHAT_JOIN_REQUEST>, <UpdateType.CHAT_BOOST>, <UpdateType.REMOVED_CHAT_BOOST>, <UpdateType.MESSAGE_REACTION>, <UpdateType.MESSAGE_REACTION_COUNT>, <UpdateType.BUSINESS_CONNECTION>, <UpdateType.BUSINESS_MESSAGE>, <UpdateType.EDITED_BUSINESS_MESSAGE>, <UpdateType.DELETED_BUSINESS_MESSAGES>, <UpdateType.PURCHASED_PAID_MEDIA>]}`
2026-01-10 18:07:44,369 - httpcore.http11 - DEBUG - send_request_headers.started request=<Request [b'POST']>
2026-01-10 18:07:44,370 - httpcore.http11 - DEBUG - send_request_headers.complete
2026-01-10 18:07:44,370 - httpcore.http11 - DEBUG - send_request_body.started request=<Request [b'POST']>
2026-01-10 18:07:44,370 - httpcore.http11 - DEBUG - send_request_body.complete
2026-01-10 18:07:44,370 - httpcore.http11 - DEBUG - receive_response_headers.started request=<Request [b'POST']>
2026-01-10 18:07:44,485 - pymongo.topology - DEBUG - {"message": "Server heartbeat succeeded", "topologyId": {"$oid": "6962785d3127086e3f0188e5"}, "driverConnectionId": 1, "serverConnectionId": 221, "serverHost": "localhost", "serverPort": 27017, "awaited": true, "durationMS": 10073.263749945909, "reply": "{\"isWritablePrimary\": true, \"topologyVersion\": {\"processId\": {\"$oid\": \"695c03b553e27f5a444409fe\"}}, \"maxBsonObjectSize\": 16777216, \"maxMessageSizeBytes\": 48000000, \"maxWriteBatchSize\": 100000, \"localTime\": {\"$date\": \"2026-01-10T16:07:44.484Z\"}, \"logicalSessionTimeoutMinutes\": 30, \"connectionId\": 221, \"maxWireVersion\": 27, \"ok\": 1.0}"}
2026-01-10 18:07:44,486 - pymongo.topology - DEBUG - {"message": "Server heartbeat started", "topologyId": {"$oid": "6962785d3127086e3f0188e5"}, "driverConnectionId": 1, "serverConnectionId": 221, "serverHost": "localhost", "serverPort": 27017, "awaited": true}
2026-01-10 18:07:54,504 - httpcore.http11 - DEBUG - receive_response_headers.complete return_value=(b'HTTP/1.1', 200, b'OK', [(b'Server', b'nginx/1.18.0'), (b'Date', b'Sat, 10 Jan 2026 16:07:54 GMT'), (b'Content-Type', b'application/json'), (b'Content-Length', b'23'), (b'Connection', b'keep-alive'), (b'Strict-Transport-Security', b'max-age=31536000; includeSubDomains; preload'), (b'Access-Control-Allow-Origin', b'*'), (b'Access-Control-Allow-Methods', b'GET, POST, OPTIONS'), (b'Access-Control-Expose-Headers', b'Content-Length,Content-Type,Date,Server,Connection')])
2026-01-10 18:07:54,504 - httpx - INFO - HTTP Request: POST https://api.telegram.org/bot8490932438:AAFVy70Urq5Cj0h7gUKJbECBv3z9-apYZtM/getUpdates "HTTP/1.1 200 OK"
2026-01-10 18:07:54,505 - httpcore.http11 - DEBUG - receive_response_body.started request=<Request [b'POST']>
2026-01-10 18:07:54,505 - httpcore.http11 - DEBUG - receive_response_body.complete
2026-01-10 18:07:54,505 - httpcore.http11 - DEBUG - response_closed.started
2026-01-10 18:07:54,505 - httpcore.http11 - DEBUG - response_closed.complete
2026-01-10 18:07:54,506 - telegram.ext.ExtBot - DEBUG - Call to Bot API endpoint `getUpdates` finished with return value `[]`
2026-01-10 18:07:54,506 - telegram.ext.ExtBot - DEBUG - No new updates found.
2026-01-10 18:07:54,506 - telegram.ext.ExtBot - DEBUG - Calling Bot API endpoint `getUpdates` with parameters `{'timeout': datetime.timedelta(seconds=10), 'offset': 328648466, 'allowed_updates': [<UpdateType.MESSAGE>, <UpdateType.EDITED_MESSAGE>, <UpdateType.CHANNEL_POST>, <UpdateType.EDITED_CHANNEL_POST>, <UpdateType.INLINE_QUERY>, <UpdateType.CHOSEN_INLINE_RESULT>, <UpdateType.CALLBACK_QUERY>, <UpdateType.SHIPPING_QUERY>, <UpdateType.PRE_CHECKOUT_QUERY>, <UpdateType.POLL>, <UpdateType.POLL_ANSWER>, <UpdateType.MY_CHAT_MEMBER>, <UpdateType.CHAT_MEMBER>, <UpdateType.CHAT_JOIN_REQUEST>, <UpdateType.CHAT_BOOST>, <UpdateType.REMOVED_CHAT_BOOST>, <UpdateType.MESSAGE_REACTION>, <UpdateType.MESSAGE_REACTION_COUNT>, <UpdateType.BUSINESS_CONNECTION>, <UpdateType.BUSINESS_MESSAGE>, <UpdateType.EDITED_BUSINESS_MESSAGE>, <UpdateType.DELETED_BUSINESS_MESSAGES>, <UpdateType.PURCHASED_PAID_MEDIA>]}`
2026-01-10 18:07:54,507 - httpcore.http11 - DEBUG - send_request_headers.started request=<Request [b'POST']>
2026-01-10 18:07:54,508 - httpcore.http11 - DEBUG - send_request_headers.complete
2026-01-10 18:07:54,508 - httpcore.http11 - DEBUG - send_request_body.started request=<Request [b'POST']>
2026-01-10 18:07:54,508 - httpcore.http11 - DEBUG - send_request_body.complete
2026-01-10 18:07:54,508 - httpcore.http11 - DEBUG - receive_response_headers.started request=<Request [b'POST']>
2026-01-10 18:07:54,559 - pymongo.topology - DEBUG - {"message": "Server heartbeat succeeded", "topologyId": {"$oid": "6962785d3127086e3f0188e5"}, "driverConnectionId": 1, "serverConnectionId": 221, "serverHost": "localhost", "serverPort": 27017, "awaited": true, "durationMS": 10072.47258303687, "reply": "{\"isWritablePrimary\": true, \"topologyVersion\": {\"processId\": {\"$oid\": \"695c03b553e27f5a444409fe\"}}, \"maxBsonObjectSize\": 16777216, \"maxMessageSizeBytes\": 48000000, \"maxWriteBatchSize\": 100000, \"localTime\": {\"$date\": \"2026-01-10T16:07:54.558Z\"}, \"logicalSessionTimeoutMinutes\": 30, \"connectionId\": 221, \"maxWireVersion\": 27, \"ok\": 1.0}"}
2026-01-10 18:07:54,560 - pymongo.topology - DEBUG - {"message": "Server heartbeat started", "topologyId": {"$oid": "6962785d3127086e3f0188e5"}, "driverConnectionId": 1, "serverConnectionId": 221, "serverHost": "localhost", "serverPort": 27017, "awaited": true}
2026-01-10 18:08:04,586 - httpcore.http11 - DEBUG - receive_response_headers.complete return_value=(b'HTTP/1.1', 200, b'OK', [(b'Server', b'nginx/1.18.0'), (b'Date', b'Sat, 10 Jan 2026 16:08:04 GMT'), (b'Content-Type', b'application/json'), (b'Content-Length', b'23'), (b'Connection', b'keep-alive'), (b'Strict-Transport-Security', b'max-age=31536000; includeSubDomains; preload'), (b'Access-Control-Allow-Origin', b'*'), (b'Access-Control-Allow-Methods', b'GET, POST, OPTIONS'), (b'Access-Control-Expose-Headers', b'Content-Length,Content-Type,Date,Server,Connection')])
2026-01-10 18:08:04,587 - httpx - INFO - HTTP Request: POST https://api.telegram.org/bot8490932438:AAFVy70Urq5Cj0h7gUKJbECBv3z9-apYZtM/getUpdates "HTTP/1.1 200 OK"
2026-01-10 18:08:04,587 - httpcore.http11 - DEBUG - receive_response_body.started request=<Request [b'POST']>
2026-01-10 18:08:04,587 - httpcore.http11 - DEBUG - receive_response_body.complete
2026-01-10 18:08:04,587 - httpcore.http11 - DEBUG - response_closed.started
2026-01-10 18:08:04,593 - httpcore.http11 - DEBUG - response_closed.complete
2026-01-10 18:08:04,593 - telegram.ext.ExtBot - DEBUG - Call to Bot API endpoint `getUpdates` finished with return value `[]`
2026-01-10 18:08:04,593 - telegram.ext.ExtBot - DEBUG - No new updates found.
2026-01-10 18:08:04,594 - telegram.ext.ExtBot - DEBUG - Calling Bot API endpoint `getUpdates` with parameters `{'timeout': datetime.timedelta(seconds=10), 'offset': 328648466, 'allowed_updates': [<UpdateType.MESSAGE>, <UpdateType.EDITED_MESSAGE>, <UpdateType.CHANNEL_POST>, <UpdateType.EDITED_CHANNEL_POST>, <UpdateType.INLINE_QUERY>, <UpdateType.CHOSEN_INLINE_RESULT>, <UpdateType.CALLBACK_QUERY>, <UpdateType.SHIPPING_QUERY>, <UpdateType.PRE_CHECKOUT_QUERY>, <UpdateType.POLL>, <UpdateType.POLL_ANSWER>, <UpdateType.MY_CHAT_MEMBER>, <UpdateType.CHAT_MEMBER>, <UpdateType.CHAT_JOIN_REQUEST>, <UpdateType.CHAT_BOOST>, <UpdateType.REMOVED_CHAT_BOOST>, <UpdateType.MESSAGE_REACTION>, <UpdateType.MESSAGE_REACTION_COUNT>, <UpdateType.BUSINESS_CONNECTION>, <UpdateType.BUSINESS_MESSAGE>, <UpdateType.EDITED_BUSINESS_MESSAGE>, <UpdateType.DELETED_BUSINESS_MESSAGES>, <UpdateType.PURCHASED_PAID_MEDIA>]}`
2026-01-10 18:08:04,601 - httpcore.http11 - DEBUG - send_request_headers.started request=<Request [b'POST']>
2026-01-10 18:08:04,602 - httpcore.http11 - DEBUG - send_request_headers.complete
2026-01-10 18:08:04,602 - httpcore.http11 - DEBUG - send_request_body.started request=<Request [b'POST']>
2026-01-10 18:08:04,606 - httpcore.http11 - DEBUG - send_request_body.complete
2026-01-10 18:08:04,606 - httpcore.http11 - DEBUG - receive_response_headers.started request=<Request [b'POST']>
2026-01-10 18:08:04,631 - pymongo.topology - DEBUG - {"message": "Server heartbeat succeeded", "topologyId": {"$oid": "6962785d3127086e3f0188e5"}, "driverConnectionId": 1, "serverConnectionId": 221, "serverHost": "localhost", "serverPort": 27017, "awaited": true, "durationMS": 10079.577791970223, "reply": "{\"isWritablePrimary\": true, \"topologyVersion\": {\"processId\": {\"$oid\": \"695c03b553e27f5a444409fe\"}}, \"maxBsonObjectSize\": 16777216, \"maxMessageSizeBytes\": 48000000, \"maxWriteBatchSize\": 100000, \"localTime\": {\"$date\": \"2026-01-10T16:08:04.631Z\"}, \"logicalSessionTimeoutMinutes\": 30, \"connectionId\": 221, \"maxWireVersion\": 27, \"ok\": 1.0}"}
2026-01-10 18:08:04,632 - pymongo.topology - DEBUG - {"message": "Server heartbeat started", "topologyId": {"$oid": "6962785d3127086e3f0188e5"}, "driverConnectionId": 1, "serverConnectionId": 221, "serverHost": "localhost", "serverPort": 27017, "awaited": true}
2026-01-10 18:08:14,668 - pymongo.topology - DEBUG - {"message": "Server heartbeat succeeded", "topologyId": {"$oid": "6962785d3127086e3f0188e5"}, "driverConnectionId": 1, "serverConnectionId": 221, "serverHost": "localhost", "serverPort": 27017, "awaited": true, "durationMS": 10046.614417340606, "reply": "{\"isWritablePrimary\": true, \"topologyVersion\": {\"processId\": {\"$oid\": \"695c03b553e27f5a444409fe\"}}, \"maxBsonObjectSize\": 16777216, \"maxMessageSizeBytes\": 48000000, \"maxWriteBatchSize\": 100000, \"localTime\": {\"$date\": \"2026-01-10T16:08:14.667Z\"}, \"logicalSessionTimeoutMinutes\": 30, \"connectionId\": 221, \"maxWireVersion\": 27, \"ok\": 1.0}"}
2026-01-10 18:08:14,668 - pymongo.topology - DEBUG - {"message": "Server heartbeat started", "topologyId": {"$oid": "6962785d3127086e3f0188e5"}, "driverConnectionId": 1, "serverConnectionId": 221, "serverHost": "localhost", "serverPort": 27017, "awaited": true}
2026-01-10 18:08:14,760 - httpcore.http11 - DEBUG - receive_response_headers.complete return_value=(b'HTTP/1.1', 200, b'OK', [(b'Server', b'nginx/1.18.0'), (b'Date', b'Sat, 10 Jan 2026 16:08:14 GMT'), (b'Content-Type', b'application/json'), (b'Content-Length', b'23'), (b'Connection', b'keep-alive'), (b'Strict-Transport-Security', b'max-age=31536000; includeSubDomains; preload'), (b'Access-Control-Allow-Origin', b'*'), (b'Access-Control-Allow-Methods', b'GET, POST, OPTIONS'), (b'Access-Control-Expose-Headers', b'Content-Length,Content-Type,Date,Server,Connection')])
2026-01-10 18:08:14,761 - httpx - INFO - HTTP Request: POST https://api.telegram.org/bot8490932438:AAFVy70Urq5Cj0h7gUKJbECBv3z9-apYZtM/getUpdates "HTTP/1.1 200 OK"
2026-01-10 18:08:14,761 - httpcore.http11 - DEBUG - receive_response_body.started request=<Request [b'POST']>
2026-01-10 18:08:14,761 - httpcore.http11 - DEBUG - receive_response_body.complete
2026-01-10 18:08:14,761 - httpcore.http11 - DEBUG - response_closed.started
2026-01-10 18:08:14,761 - httpcore.http11 - DEBUG - response_closed.complete
2026-01-10 18:08:14,762 - telegram.ext.ExtBot - DEBUG - Call to Bot API endpoint `getUpdates` finished with return value `[]`
2026-01-10 18:08:14,762 - telegram.ext.ExtBot - DEBUG - No new updates found.
2026-01-10 18:08:14,762 - telegram.ext.ExtBot - DEBUG - Calling Bot API endpoint `getUpdates` with parameters `{'timeout': datetime.timedelta(seconds=10), 'offset': 328648466, 'allowed_updates': [<UpdateType.MESSAGE>, <UpdateType.EDITED_MESSAGE>, <UpdateType.CHANNEL_POST>, <UpdateType.EDITED_CHANNEL_POST>, <UpdateType.INLINE_QUERY>, <UpdateType.CHOSEN_INLINE_RESULT>, <UpdateType.CALLBACK_QUERY>, <UpdateType.SHIPPING_QUERY>, <UpdateType.PRE_CHECKOUT_QUERY>, <UpdateType.POLL>, <UpdateType.POLL_ANSWER>, <UpdateType.MY_CHAT_MEMBER>, <UpdateType.CHAT_MEMBER>, <UpdateType.CHAT_JOIN_REQUEST>, <UpdateType.CHAT_BOOST>, <UpdateType.REMOVED_CHAT_BOOST>, <UpdateType.MESSAGE_REACTION>, <UpdateType.MESSAGE_REACTION_COUNT>, <UpdateType.BUSINESS_CONNECTION>, <UpdateType.BUSINESS_MESSAGE>, <UpdateType.EDITED_BUSINESS_MESSAGE>, <UpdateType.DELETED_BUSINESS_MESSAGES>, <UpdateType.PURCHASED_PAID_MEDIA>]}`
2026-01-10 18:08:14,763 - httpcore.http11 - DEBUG - send_request_headers.started request=<Request [b'POST']>
2026-01-10 18:08:14,764 - httpcore.http11 - DEBUG - send_request_headers.complete
2026-01-10 18:08:14,764 - httpcore.http11 - DEBUG - send_request_body.started request=<Request [b'POST']>
2026-01-10 18:08:14,765 - httpcore.http11 - DEBUG - send_request_body.complete
2026-01-10 18:08:14,765 - httpcore.http11 - DEBUG - receive_response_headers.started request=<Request [b'POST']>
2026-01-10 18:08:24,730 - pymongo.topology - DEBUG - {"message": "Server heartbeat succeeded", "topologyId": {"$oid": "6962785d3127086e3f0188e5"}, "driverConnectionId": 1, "serverConnectionId": 221, "serverHost": "localhost", "serverPort": 27017, "awaited": true, "durationMS": 10067.06462521106, "reply": "{\"isWritablePrimary\": true, \"topologyVersion\": {\"processId\": {\"$oid\": \"695c03b553e27f5a444409fe\"}}, \"maxBsonObjectSize\": 16777216, \"maxMessageSizeBytes\": 48000000, \"maxWriteBatchSize\": 100000, \"localTime\": {\"$date\": \"2026-01-10T16:08:24.730Z\"}, \"logicalSessionTimeoutMinutes\": 30, \"connectionId\": 221, \"maxWireVersion\": 27, \"ok\": 1.0}"}
2026-01-10 18:08:24,731 - pymongo.topology - DEBUG - {"message": "Server heartbeat started", "topologyId": {"$oid": "6962785d3127086e3f0188e5"}, "driverConnectionId": 1, "serverConnectionId": 221, "serverHost": "localhost", "serverPort": 27017, "awaited": true}
2026-01-10 18:08:24,839 - httpcore.http11 - DEBUG - receive_response_headers.complete return_value=(b'HTTP/1.1', 200, b'OK', [(b'Server', b'nginx/1.18.0'), (b'Date', b'Sat, 10 Jan 2026 16:08:24 GMT'), (b'Content-Type', b'application/json'), (b'Content-Length', b'23'), (b'Connection', b'keep-alive'), (b'Strict-Transport-Security', b'max-age=31536000; includeSubDomains; preload'), (b'Access-Control-Allow-Origin', b'*'), (b'Access-Control-Allow-Methods', b'GET, POST, OPTIONS'), (b'Access-Control-Expose-Headers', b'Content-Length,Content-Type,Date,Server,Connection')])
2026-01-10 18:08:24,840 - httpx - INFO - HTTP Request: POST https://api.telegram.org/bot8490932438:AAFVy70Urq5Cj0h7gUKJbECBv3z9-apYZtM/getUpdates "HTTP/1.1 200 OK"
2026-01-10 18:08:24,840 - httpcore.http11 - DEBUG - receive_response_body.started request=<Request [b'POST']>
2026-01-10 18:08:24,840 - httpcore.http11 - DEBUG - receive_response_body.complete
2026-01-10 18:08:24,841 - httpcore.http11 - DEBUG - response_closed.started
2026-01-10 18:08:24,841 - httpcore.http11 - DEBUG - response_closed.complete
2026-01-10 18:08:24,841 - telegram.ext.ExtBot - DEBUG - Call to Bot API endpoint `getUpdates` finished with return value `[]`
2026-01-10 18:08:24,841 - telegram.ext.ExtBot - DEBUG - No new updates found.
2026-01-10 18:08:24,842 - telegram.ext.ExtBot - DEBUG - Calling Bot API endpoint `getUpdates` with parameters `{'timeout': datetime.timedelta(seconds=10), 'offset': 328648466, 'allowed_updates': [<UpdateType.MESSAGE>, <UpdateType.EDITED_MESSAGE>, <UpdateType.CHANNEL_POST>, <UpdateType.EDITED_CHANNEL_POST>, <UpdateType.INLINE_QUERY>, <UpdateType.CHOSEN_INLINE_RESULT>, <UpdateType.CALLBACK_QUERY>, <UpdateType.SHIPPING_QUERY>, <UpdateType.PRE_CHECKOUT_QUERY>, <UpdateType.POLL>, <UpdateType.POLL_ANSWER>, <UpdateType.MY_CHAT_MEMBER>, <UpdateType.CHAT_MEMBER>, <UpdateType.CHAT_JOIN_REQUEST>, <UpdateType.CHAT_BOOST>, <UpdateType.REMOVED_CHAT_BOOST>, <UpdateType.MESSAGE_REACTION>, <UpdateType.MESSAGE_REACTION_COUNT>, <UpdateType.BUSINESS_CONNECTION>, <UpdateType.BUSINESS_MESSAGE>, <UpdateType.EDITED_BUSINESS_MESSAGE>, <UpdateType.DELETED_BUSINESS_MESSAGES>, <UpdateType.PURCHASED_PAID_MEDIA>]}`
2026-01-10 18:08:24,843 - httpcore.http11 - DEBUG - send_request_headers.started request=<Request [b'POST']>
2026-01-10 18:08:24,844 - httpcore.http11 - DEBUG - send_request_headers.complete
2026-01-10 18:08:24,844 - httpcore.http11 - DEBUG - send_request_body.started request=<Request [b'POST']>
2026-01-10 18:08:24,844 - httpcore.http11 - DEBUG - send_request_body.complete
2026-01-10 18:08:24,844 - httpcore.http11 - DEBUG - receive_response_headers.started request=<Request [b'POST']>
2026-01-10 18:08:34,730 - pymongo.topology - DEBUG - {"message": "Server heartbeat succeeded", "topologyId": {"$oid": "6962785d3127086e3f0188e5"}, "driverConnectionId": 1, "serverConnectionId": 221, "serverHost": "localhost", "serverPort": 27017, "awaited": true, "durationMS": 10001.852333080024, "reply": "{\"isWritablePrimary\": true, \"topologyVersion\": {\"processId\": {\"$oid\": \"695c03b553e27f5a444409fe\"}}, \"maxBsonObjectSize\": 16777216, \"maxMessageSizeBytes\": 48000000, \"maxWriteBatchSize\": 100000, \"localTime\": {\"$date\": \"2026-01-10T16:08:34.730Z\"}, \"logicalSessionTimeoutMinutes\": 30, \"connectionId\": 221, \"maxWireVersion\": 27, \"ok\": 1.0}"}
2026-01-10 18:08:34,731 - pymongo.topology - DEBUG - {"message": "Server heartbeat started", "topologyId": {"$oid": "6962785d3127086e3f0188e5"}, "driverConnectionId": 1, "serverConnectionId": 221, "serverHost": "localhost", "serverPort": 27017, "awaited": true}
2026-01-10 18:08:34,926 - httpcore.http11 - DEBUG - receive_response_headers.complete return_value=(b'HTTP/1.1', 200, b'OK', [(b'Server', b'nginx/1.18.0'), (b'Date', b'Sat, 10 Jan 2026 16:08:35 GMT'), (b'Content-Type', b'application/json'), (b'Content-Length', b'23'), (b'Connection', b'keep-alive'), (b'Strict-Transport-Security', b'max-age=31536000; includeSubDomains; preload'), (b'Access-Control-Allow-Origin', b'*'), (b'Access-Control-Allow-Methods', b'GET, POST, OPTIONS'), (b'Access-Control-Expose-Headers', b'Content-Length,Content-Type,Date,Server,Connection')])
2026-01-10 18:08:34,927 - httpx - INFO - HTTP Request: POST https://api.telegram.org/bot8490932438:AAFVy70Urq5Cj0h7gUKJbECBv3z9-apYZtM/getUpdates "HTTP/1.1 200 OK"
2026-01-10 18:08:34,927 - httpcore.http11 - DEBUG - receive_response_body.started request=<Request [b'POST']>
2026-01-10 18:08:34,927 - httpcore.http11 - DEBUG - receive_response_body.complete
2026-01-10 18:08:34,927 - httpcore.http11 - DEBUG - response_closed.started
2026-01-10 18:08:34,928 - httpcore.http11 - DEBUG - response_closed.complete
2026-01-10 18:08:34,928 - telegram.ext.ExtBot - DEBUG - Call to Bot API endpoint `getUpdates` finished with return value `[]`
2026-01-10 18:08:34,928 - telegram.ext.ExtBot - DEBUG - No new updates found.
2026-01-10 18:08:34,928 - telegram.ext.ExtBot - DEBUG - Calling Bot API endpoint `getUpdates` with parameters `{'timeout': datetime.timedelta(seconds=10), 'offset': 328648466, 'allowed_updates': [<UpdateType.MESSAGE>, <UpdateType.EDITED_MESSAGE>, <UpdateType.CHANNEL_POST>, <UpdateType.EDITED_CHANNEL_POST>, <UpdateType.INLINE_QUERY>, <UpdateType.CHOSEN_INLINE_RESULT>, <UpdateType.CALLBACK_QUERY>, <UpdateType.SHIPPING_QUERY>, <UpdateType.PRE_CHECKOUT_QUERY>, <UpdateType.POLL>, <UpdateType.POLL_ANSWER>, <UpdateType.MY_CHAT_MEMBER>, <UpdateType.CHAT_MEMBER>, <UpdateType.CHAT_JOIN_REQUEST>, <UpdateType.CHAT_BOOST>, <UpdateType.REMOVED_CHAT_BOOST>, <UpdateType.MESSAGE_REACTION>, <UpdateType.MESSAGE_REACTION_COUNT>, <UpdateType.BUSINESS_CONNECTION>, <UpdateType.BUSINESS_MESSAGE>, <UpdateType.EDITED_BUSINESS_MESSAGE>, <UpdateType.DELETED_BUSINESS_MESSAGES>, <UpdateType.PURCHASED_PAID_MEDIA>]}`
2026-01-10 18:08:34,929 - httpcore.http11 - DEBUG - send_request_headers.started request=<Request [b'POST']>
2026-01-10 18:08:34,930 - httpcore.http11 - DEBUG - send_request_headers.complete
2026-01-10 18:08:34,930 - httpcore.http11 - DEBUG - send_request_body.started request=<Request [b'POST']>
2026-01-10 18:08:34,930 - httpcore.http11 - DEBUG - send_request_body.complete
2026-01-10 18:08:34,930 - httpcore.http11 - DEBUG - receive_response_headers.started request=<Request [b'POST']>
2026-01-10 18:08:44,793 - pymongo.topology - DEBUG - {"message": "Server heartbeat succeeded", "topologyId": {"$oid": "6962785d3127086e3f0188e5"}, "driverConnectionId": 1, "serverConnectionId": 221, "serverHost": "localhost", "serverPort": 27017, "awaited": true, "durationMS": 10063.11845779419, "reply": "{\"isWritablePrimary\": true, \"topologyVersion\": {\"processId\": {\"$oid\": \"695c03b553e27f5a444409fe\"}}, \"maxBsonObjectSize\": 16777216, \"maxMessageSizeBytes\": 48000000, \"maxWriteBatchSize\": 100000, \"localTime\": {\"$date\": \"2026-01-10T16:08:44.792Z\"}, \"logicalSessionTimeoutMinutes\": 30, \"connectionId\": 221, \"maxWireVersion\": 27, \"ok\": 1.0}"}
2026-01-10 18:08:44,794 - pymongo.topology - DEBUG - {"message": "Server heartbeat started", "topologyId": {"$oid": "6962785d3127086e3f0188e5"}, "driverConnectionId": 1, "serverConnectionId": 221, "serverHost": "localhost", "serverPort": 27017, "awaited": true}
2026-01-10 18:08:45,013 - httpcore.http11 - DEBUG - receive_response_headers.complete return_value=(b'HTTP/1.1', 200, b'OK', [(b'Server', b'nginx/1.18.0'), (b'Date', b'Sat, 10 Jan 2026 16:08:45 GMT'), (b'Content-Type', b'application/json'), (b'Content-Length', b'23'), (b'Connection', b'keep-alive'), (b'Strict-Transport-Security', b'max-age=31536000; includeSubDomains; preload'), (b'Access-Control-Allow-Origin', b'*'), (b'Access-Control-Allow-Methods', b'GET, POST, OPTIONS'), (b'Access-Control-Expose-Headers', b'Content-Length,Content-Type,Date,Server,Connection')])
2026-01-10 18:08:45,014 - httpx - INFO - HTTP Request: POST https://api.telegram.org/bot8490932438:AAFVy70Urq5Cj0h7gUKJbECBv3z9-apYZtM/getUpdates "HTTP/1.1 200 OK"
2026-01-10 18:08:45,014 - httpcore.http11 - DEBUG - receive_response_body.started request=<Request [b'POST']>
2026-01-10 18:08:45,014 - httpcore.http11 - DEBUG - receive_response_body.complete
2026-01-10 18:08:45,015 - httpcore.http11 - DEBUG - response_closed.started
2026-01-10 18:08:45,015 - httpcore.http11 - DEBUG - response_closed.complete
2026-01-10 18:08:45,015 - telegram.ext.ExtBot - DEBUG - Call to Bot API endpoint `getUpdates` finished with return value `[]`
2026-01-10 18:08:45,015 - telegram.ext.ExtBot - DEBUG - No new updates found.
2026-01-10 18:08:45,016 - telegram.ext.ExtBot - DEBUG - Calling Bot API endpoint `getUpdates` with parameters `{'timeout': datetime.timedelta(seconds=10), 'offset': 328648466, 'allowed_updates': [<UpdateType.MESSAGE>, <UpdateType.EDITED_MESSAGE>, <UpdateType.CHANNEL_POST>, <UpdateType.EDITED_CHANNEL_POST>, <UpdateType.INLINE_QUERY>, <UpdateType.CHOSEN_INLINE_RESULT>, <UpdateType.CALLBACK_QUERY>, <UpdateType.SHIPPING_QUERY>, <UpdateType.PRE_CHECKOUT_QUERY>, <UpdateType.POLL>, <UpdateType.POLL_ANSWER>, <UpdateType.MY_CHAT_MEMBER>, <UpdateType.CHAT_MEMBER>, <UpdateType.CHAT_JOIN_REQUEST>, <UpdateType.CHAT_BOOST>, <UpdateType.REMOVED_CHAT_BOOST>, <UpdateType.MESSAGE_REACTION>, <UpdateType.MESSAGE_REACTION_COUNT>, <UpdateType.BUSINESS_CONNECTION>, <UpdateType.BUSINESS_MESSAGE>, <UpdateType.EDITED_BUSINESS_MESSAGE>, <UpdateType.DELETED_BUSINESS_MESSAGES>, <UpdateType.PURCHASED_PAID_MEDIA>]}`
2026-01-10 18:08:45,016 - httpcore.http11 - DEBUG - send_request_headers.started request=<Request [b'POST']>
2026-01-10 18:08:45,017 - httpcore.http11 - DEBUG - send_request_headers.complete
2026-01-10 18:08:45,017 - httpcore.http11 - DEBUG - send_request_body.started request=<Request [b'POST']>
2026-01-10 18:08:45,017 - httpcore.http11 - DEBUG - send_request_body.complete
2026-01-10 18:08:45,017 - httpcore.http11 - DEBUG - receive_response_headers.started request=<Request [b'POST']>
2026-01-10 18:08:54,863 - pymongo.topology - DEBUG - {"message": "Server heartbeat succeeded", "topologyId": {"$oid": "6962785d3127086e3f0188e5"}, "driverConnectionId": 1, "serverConnectionId": 221, "serverHost": "localhost", "serverPort": 27017, "awaited": true, "durationMS": 10069.830458145589, "reply": "{\"isWritablePrimary\": true, \"topologyVersion\": {\"processId\": {\"$oid\": \"695c03b553e27f5a444409fe\"}}, \"maxBsonObjectSize\": 16777216, \"maxMessageSizeBytes\": 48000000, \"maxWriteBatchSize\": 100000, \"localTime\": {\"$date\": \"2026-01-10T16:08:54.862Z\"}, \"logicalSessionTimeoutMinutes\": 30, \"connectionId\": 221, \"maxWireVersion\": 27, \"ok\": 1.0}"}
2026-01-10 18:08:54,864 - pymongo.topology - DEBUG - {"message": "Server heartbeat started", "topologyId": {"$oid": "6962785d3127086e3f0188e5"}, "driverConnectionId": 1, "serverConnectionId": 221, "serverHost": "localhost", "serverPort": 27017, "awaited": true}
2026-01-10 18:08:55,197 - httpcore.http11 - DEBUG - receive_response_headers.complete return_value=(b'HTTP/1.1', 200, b'OK', [(b'Server', b'nginx/1.18.0'), (b'Date', b'Sat, 10 Jan 2026 16:08:55 GMT'), (b'Content-Type', b'application/json'), (b'Content-Length', b'23'), (b'Connection', b'keep-alive'), (b'Strict-Transport-Security', b'max-age=31536000; includeSubDomains; preload'), (b'Access-Control-Allow-Origin', b'*'), (b'Access-Control-Allow-Methods', b'GET, POST, OPTIONS'), (b'Access-Control-Expose-Headers', b'Content-Length,Content-Type,Date,Server,Connection')])
2026-01-10 18:08:55,197 - httpx - INFO - HTTP Request: POST https://api.telegram.org/bot8490932438:AAFVy70Urq5Cj0h7gUKJbECBv3z9-apYZtM/getUpdates "HTTP/1.1 200 OK"
2026-01-10 18:08:55,197 - httpcore.http11 - DEBUG - receive_response_body.started request=<Request [b'POST']>
2026-01-10 18:08:55,197 - httpcore.http11 - DEBUG - receive_response_body.complete
2026-01-10 18:08:55,197 - httpcore.http11 - DEBUG - response_closed.started
2026-01-10 18:08:55,197 - httpcore.http11 - DEBUG - response_closed.complete
2026-01-10 18:08:55,197 - telegram.ext.ExtBot - DEBUG - Call to Bot API endpoint `getUpdates` finished with return value `[]`
2026-01-10 18:08:55,197 - telegram.ext.ExtBot - DEBUG - No new updates found.
2026-01-10 18:08:55,198 - telegram.ext.ExtBot - DEBUG - Calling Bot API endpoint `getUpdates` with parameters `{'timeout': datetime.timedelta(seconds=10), 'offset': 328648466, 'allowed_updates': [<UpdateType.MESSAGE>, <UpdateType.EDITED_MESSAGE>, <UpdateType.CHANNEL_POST>, <UpdateType.EDITED_CHANNEL_POST>, <UpdateType.INLINE_QUERY>, <UpdateType.CHOSEN_INLINE_RESULT>, <UpdateType.CALLBACK_QUERY>, <UpdateType.SHIPPING_QUERY>, <UpdateType.PRE_CHECKOUT_QUERY>, <UpdateType.POLL>, <UpdateType.POLL_ANSWER>, <UpdateType.MY_CHAT_MEMBER>, <UpdateType.CHAT_MEMBER>, <UpdateType.CHAT_JOIN_REQUEST>, <UpdateType.CHAT_BOOST>, <UpdateType.REMOVED_CHAT_BOOST>, <UpdateType.MESSAGE_REACTION>, <UpdateType.MESSAGE_REACTION_COUNT>, <UpdateType.BUSINESS_CONNECTION>, <UpdateType.BUSINESS_MESSAGE>, <UpdateType.EDITED_BUSINESS_MESSAGE>, <UpdateType.DELETED_BUSINESS_MESSAGES>, <UpdateType.PURCHASED_PAID_MEDIA>]}`
2026-01-10 18:08:55,198 - httpcore.http11 - DEBUG - send_request_headers.started request=<Request [b'POST']>
2026-01-10 18:08:55,198 - httpcore.http11 - DEBUG - send_request_headers.complete
2026-01-10 18:08:55,198 - httpcore.http11 - DEBUG - send_request_body.started request=<Request [b'POST']>
2026-01-10 18:08:55,198 - httpcore.http11 - DEBUG - send_request_body.complete
2026-01-10 18:08:55,198 - httpcore.http11 - DEBUG - receive_response_headers.started request=<Request [b'POST']>
2026-01-10 18:09:04,930 - pymongo.topology - DEBUG - {"message": "Server heartbeat succeeded", "topologyId": {"$oid": "6962785d3127086e3f0188e5"}, "driverConnectionId": 1, "serverConnectionId": 221, "serverHost": "localhost", "serverPort": 27017, "awaited": true, "durationMS": 10066.262541804463, "reply": "{\"isWritablePrimary\": true, \"topologyVersion\": {\"processId\": {\"$oid\": \"695c03b553e27f5a444409fe\"}}, \"maxBsonObjectSize\": 16777216, \"maxMessageSizeBytes\": 48000000, \"maxWriteBatchSize\": 100000, \"localTime\": {\"$date\": \"2026-01-10T16:09:04.929Z\"}, \"logicalSessionTimeoutMinutes\": 30, \"connectionId\": 221, \"maxWireVersion\": 27, \"ok\": 1.0}"}
2026-01-10 18:09:04,931 - pymongo.topology - DEBUG - {"message": "Server heartbeat started", "topologyId": {"$oid": "6962785d3127086e3f0188e5"}, "driverConnectionId": 1, "serverConnectionId": 221, "serverHost": "localhost", "serverPort": 27017, "awaited": true}
2026-01-10 18:09:05,312 - httpcore.http11 - DEBUG - receive_response_headers.complete return_value=(b'HTTP/1.1', 200, b'OK', [(b'Server', b'nginx/1.18.0'), (b'Date', b'Sat, 10 Jan 2026 16:09:05 GMT'), (b'Content-Type', b'application/json'), (b'Content-Length', b'23'), (b'Connection', b'keep-alive'), (b'Strict-Transport-Security', b'max-age=31536000; includeSubDomains; preload'), (b'Access-Control-Allow-Origin', b'*'), (b'Access-Control-Allow-Methods', b'GET, POST, OPTIONS'), (b'Access-Control-Expose-Headers', b'Content-Length,Content-Type,Date,Server,Connection')])
2026-01-10 18:09:05,312 - httpx - INFO - HTTP Request: POST https://api.telegram.org/bot8490932438:AAFVy70Urq5Cj0h7gUKJbECBv3z9-apYZtM/getUpdates "HTTP/1.1 200 OK"
2026-01-10 18:09:05,312 - httpcore.http11 - DEBUG - receive_response_body.started request=<Request [b'POST']>
2026-01-10 18:09:05,312 - httpcore.http11 - DEBUG - receive_response_body.complete
2026-01-10 18:09:05,312 - httpcore.http11 - DEBUG - response_closed.started
2026-01-10 18:09:05,313 - httpcore.http11 - DEBUG - response_closed.complete
2026-01-10 18:09:05,313 - telegram.ext.ExtBot - DEBUG - Call to Bot API endpoint `getUpdates` finished with return value `[]`
2026-01-10 18:09:05,313 - telegram.ext.ExtBot - DEBUG - No new updates found.
2026-01-10 18:09:05,313 - telegram.ext.ExtBot - DEBUG - Calling Bot API endpoint `getUpdates` with parameters `{'timeout': datetime.timedelta(seconds=10), 'offset': 328648466, 'allowed_updates': [<UpdateType.MESSAGE>, <UpdateType.EDITED_MESSAGE>, <UpdateType.CHANNEL_POST>, <UpdateType.EDITED_CHANNEL_POST>, <UpdateType.INLINE_QUERY>, <UpdateType.CHOSEN_INLINE_RESULT>, <UpdateType.CALLBACK_QUERY>, <UpdateType.SHIPPING_QUERY>, <UpdateType.PRE_CHECKOUT_QUERY>, <UpdateType.POLL>, <UpdateType.POLL_ANSWER>, <UpdateType.MY_CHAT_MEMBER>, <UpdateType.CHAT_MEMBER>, <UpdateType.CHAT_JOIN_REQUEST>, <UpdateType.CHAT_BOOST>, <UpdateType.REMOVED_CHAT_BOOST>, <UpdateType.MESSAGE_REACTION>, <UpdateType.MESSAGE_REACTION_COUNT>, <UpdateType.BUSINESS_CONNECTION>, <UpdateType.BUSINESS_MESSAGE>, <UpdateType.EDITED_BUSINESS_MESSAGE>, <UpdateType.DELETED_BUSINESS_MESSAGES>, <UpdateType.PURCHASED_PAID_MEDIA>]}`
2026-01-10 18:09:05,314 - httpcore.http11 - DEBUG - send_request_headers.started request=<Request [b'POST']>
2026-01-10 18:09:05,315 - httpcore.http11 - DEBUG - send_request_headers.complete
2026-01-10 18:09:05,315 - httpcore.http11 - DEBUG - send_request_body.started request=<Request [b'POST']>
2026-01-10 18:09:05,315 - httpcore.http11 - DEBUG - send_request_body.complete
2026-01-10 18:09:05,315 - httpcore.http11 - DEBUG - receive_response_headers.started request=<Request [b'POST']>
2026-01-10 18:09:14,997 - pymongo.topology - DEBUG - {"message": "Server heartbeat succeeded", "topologyId": {"$oid": "6962785d3127086e3f0188e5"}, "driverConnectionId": 1, "serverConnectionId": 221, "serverHost": "localhost", "serverPort": 27017, "awaited": true, "durationMS": 10065.802958328277, "reply": "{\"isWritablePrimary\": true, \"topologyVersion\": {\"processId\": {\"$oid\": \"695c03b553e27f5a444409fe\"}}, \"maxBsonObjectSize\": 16777216, \"maxMessageSizeBytes\": 48000000, \"maxWriteBatchSize\": 100000, \"localTime\": {\"$date\": \"2026-01-10T16:09:14.997Z\"}, \"logicalSessionTimeoutMinutes\": 30, \"connectionId\": 221, \"maxWireVersion\": 27, \"ok\": 1.0}"}
2026-01-10 18:09:14,999 - pymongo.topology - DEBUG - {"message": "Server heartbeat started", "topologyId": {"$oid": "6962785d3127086e3f0188e5"}, "driverConnectionId": 1, "serverConnectionId": 221, "serverHost": "localhost", "serverPort": 27017, "awaited": true}
2026-01-10 18:09:15,471 - httpcore.http11 - DEBUG - receive_response_headers.complete return_value=(b'HTTP/1.1', 200, b'OK', [(b'Server', b'nginx/1.18.0'), (b'Date', b'Sat, 10 Jan 2026 16:09:15 GMT'), (b'Content-Type', b'application/json'), (b'Content-Length', b'23'), (b'Connection', b'keep-alive'), (b'Strict-Transport-Security', b'max-age=31536000; includeSubDomains; preload'), (b'Access-Control-Allow-Origin', b'*'), (b'Access-Control-Allow-Methods', b'GET, POST, OPTIONS'), (b'Access-Control-Expose-Headers', b'Content-Length,Content-Type,Date,Server,Connection')])
2026-01-10 18:09:15,471 - httpx - INFO - HTTP Request: POST https://api.telegram.org/bot8490932438:AAFVy70Urq5Cj0h7gUKJbECBv3z9-apYZtM/getUpdates "HTTP/1.1 200 OK"
2026-01-10 18:09:15,472 - httpcore.http11 - DEBUG - receive_response_body.started request=<Request [b'POST']>
2026-01-10 18:09:15,472 - httpcore.http11 - DEBUG - receive_response_body.complete
2026-01-10 18:09:15,472 - httpcore.http11 - DEBUG - response_closed.started
2026-01-10 18:09:15,472 - httpcore.http11 - DEBUG - response_closed.complete
2026-01-10 18:09:15,473 - telegram.ext.ExtBot - DEBUG - Call to Bot API endpoint `getUpdates` finished with return value `[]`
2026-01-10 18:09:15,473 - telegram.ext.ExtBot - DEBUG - No new updates found.
2026-01-10 18:09:15,473 - telegram.ext.ExtBot - DEBUG - Calling Bot API endpoint `getUpdates` with parameters `{'timeout': datetime.timedelta(seconds=10), 'offset': 328648466, 'allowed_updates': [<UpdateType.MESSAGE>, <UpdateType.EDITED_MESSAGE>, <UpdateType.CHANNEL_POST>, <UpdateType.EDITED_CHANNEL_POST>, <UpdateType.INLINE_QUERY>, <UpdateType.CHOSEN_INLINE_RESULT>, <UpdateType.CALLBACK_QUERY>, <UpdateType.SHIPPING_QUERY>, <UpdateType.PRE_CHECKOUT_QUERY>, <UpdateType.POLL>, <UpdateType.POLL_ANSWER>, <UpdateType.MY_CHAT_MEMBER>, <UpdateType.CHAT_MEMBER>, <UpdateType.CHAT_JOIN_REQUEST>, <UpdateType.CHAT_BOOST>, <UpdateType.REMOVED_CHAT_BOOST>, <UpdateType.MESSAGE_REACTION>, <UpdateType.MESSAGE_REACTION_COUNT>, <UpdateType.BUSINESS_CONNECTION>, <UpdateType.BUSINESS_MESSAGE>, <UpdateType.EDITED_BUSINESS_MESSAGE>, <UpdateType.DELETED_BUSINESS_MESSAGES>, <UpdateType.PURCHASED_PAID_MEDIA>]}`
2026-01-10 18:09:15,474 - httpcore.http11 - DEBUG - send_request_headers.started request=<Request [b'POST']>
2026-01-10 18:09:15,474 - httpcore.http11 - DEBUG - send_request_headers.complete
2026-01-10 18:09:15,474 - httpcore.http11 - DEBUG - send_request_body.started request=<Request [b'POST']>
2026-01-10 18:09:15,475 - httpcore.http11 - DEBUG - send_request_body.complete
2026-01-10 18:09:15,475 - httpcore.http11 - DEBUG - receive_response_headers.started request=<Request [b'POST']>
2026-01-10 18:09:25,062 - pymongo.topology - DEBUG - {"message": "Server heartbeat succeeded", "topologyId": {"$oid": "6962785d3127086e3f0188e5"}, "driverConnectionId": 1, "serverConnectionId": 221, "serverHost": "localhost", "serverPort": 27017, "awaited": true, "durationMS": 10063.114915974438, "reply": "{\"isWritablePrimary\": true, \"topologyVersion\": {\"processId\": {\"$oid\": \"695c03b553e27f5a444409fe\"}}, \"maxBsonObjectSize\": 16777216, \"maxMessageSizeBytes\": 48000000, \"maxWriteBatchSize\": 100000, \"localTime\": {\"$date\": \"2026-01-10T16:09:25.062Z\"}, \"logicalSessionTimeoutMinutes\": 30, \"connectionId\": 221, \"maxWireVersion\": 27, \"ok\": 1.0}"}
2026-01-10 18:09:25,064 - pymongo.topology - DEBUG - {"message": "Server heartbeat started", "topologyId": {"$oid": "6962785d3127086e3f0188e5"}, "driverConnectionId": 1, "serverConnectionId": 221, "serverHost": "localhost", "serverPort": 27017, "awaited": true}
2026-01-10 18:09:25,610 - httpcore.http11 - DEBUG - receive_response_headers.complete return_value=(b'HTTP/1.1', 200, b'OK', [(b'Server', b'nginx/1.18.0'), (b'Date', b'Sat, 10 Jan 2026 16:09:25 GMT'), (b'Content-Type', b'application/json'), (b'Content-Length', b'23'), (b'Connection', b'keep-alive'), (b'Strict-Transport-Security', b'max-age=31536000; includeSubDomains; preload'), (b'Access-Control-Allow-Origin', b'*'), (b'Access-Control-Allow-Methods', b'GET, POST, OPTIONS'), (b'Access-Control-Expose-Headers', b'Content-Length,Content-Type,Date,Server,Connection')])
2026-01-10 18:09:25,610 - httpx - INFO - HTTP Request: POST https://api.telegram.org/bot8490932438:AAFVy70Urq5Cj0h7gUKJbECBv3z9-apYZtM/getUpdates "HTTP/1.1 200 OK"
2026-01-10 18:09:25,611 - httpcore.http11 - DEBUG - receive_response_body.started request=<Request [b'POST']>
2026-01-10 18:09:25,611 - httpcore.http11 - DEBUG - receive_response_body.complete
2026-01-10 18:09:25,611 - httpcore.http11 - DEBUG - response_closed.started
2026-01-10 18:09:25,611 - httpcore.http11 - DEBUG - response_closed.complete
2026-01-10 18:09:25,612 - telegram.ext.ExtBot - DEBUG - Call to Bot API endpoint `getUpdates` finished with return value `[]`
2026-01-10 18:09:25,612 - telegram.ext.ExtBot - DEBUG - No new updates found.
2026-01-10 18:09:25,613 - telegram.ext.ExtBot - DEBUG - Calling Bot API endpoint `getUpdates` with parameters `{'timeout': datetime.timedelta(seconds=10), 'offset': 328648466, 'allowed_updates': [<UpdateType.MESSAGE>, <UpdateType.EDITED_MESSAGE>, <UpdateType.CHANNEL_POST>, <UpdateType.EDITED_CHANNEL_POST>, <UpdateType.INLINE_QUERY>, <UpdateType.CHOSEN_INLINE_RESULT>, <UpdateType.CALLBACK_QUERY>, <UpdateType.SHIPPING_QUERY>, <UpdateType.PRE_CHECKOUT_QUERY>, <UpdateType.POLL>, <UpdateType.POLL_ANSWER>, <UpdateType.MY_CHAT_MEMBER>, <UpdateType.CHAT_MEMBER>, <UpdateType.CHAT_JOIN_REQUEST>, <UpdateType.CHAT_BOOST>, <UpdateType.REMOVED_CHAT_BOOST>, <UpdateType.MESSAGE_REACTION>, <UpdateType.MESSAGE_REACTION_COUNT>, <UpdateType.BUSINESS_CONNECTION>, <UpdateType.BUSINESS_MESSAGE>, <UpdateType.EDITED_BUSINESS_MESSAGE>, <UpdateType.DELETED_BUSINESS_MESSAGES>, <UpdateType.PURCHASED_PAID_MEDIA>]}`
2026-01-10 18:09:25,614 - httpcore.http11 - DEBUG - send_request_headers.started request=<Request [b'POST']>
2026-01-10 18:09:25,614 - httpcore.http11 - DEBUG - send_request_headers.complete
2026-01-10 18:09:25,614 - httpcore.http11 - DEBUG - send_request_body.started request=<Request [b'POST']>
2026-01-10 18:09:25,615 - httpcore.http11 - DEBUG - send_request_body.complete
2026-01-10 18:09:25,615 - httpcore.http11 - DEBUG - receive_response_headers.started request=<Request [b'POST']>
2026-01-10 18:09:35,132 - pymongo.topology - DEBUG - {"message": "Server heartbeat succeeded", "topologyId": {"$oid": "6962785d3127086e3f0188e5"}, "driverConnectionId": 1, "serverConnectionId": 221, "serverHost": "localhost", "serverPort": 27017, "awaited": true, "durationMS": 10067.388457711786, "reply": "{\"isWritablePrimary\": true, \"topologyVersion\": {\"processId\": {\"$oid\": \"695c03b553e27f5a444409fe\"}}, \"maxBsonObjectSize\": 16777216, \"maxMessageSizeBytes\": 48000000, \"maxWriteBatchSize\": 100000, \"localTime\": {\"$date\": \"2026-01-10T16:09:35.131Z\"}, \"logicalSessionTimeoutMinutes\": 30, \"connectionId\": 221, \"maxWireVersion\": 27, \"ok\": 1.0}"}
2026-01-10 18:09:35,132 - pymongo.topology - DEBUG - {"message": "Server heartbeat started", "topologyId": {"$oid": "6962785d3127086e3f0188e5"}, "driverConnectionId": 1, "serverConnectionId": 221, "serverHost": "localhost", "serverPort": 27017, "awaited": true}
2026-01-10 18:09:35,747 - httpcore.http11 - DEBUG - receive_response_headers.complete return_value=(b'HTTP/1.1', 200, b'OK', [(b'Server', b'nginx/1.18.0'), (b'Date', b'Sat, 10 Jan 2026 16:09:35 GMT'), (b'Content-Type', b'application/json'), (b'Content-Length', b'23'), (b'Connection', b'keep-alive'), (b'Strict-Transport-Security', b'max-age=31536000; includeSubDomains; preload'), (b'Access-Control-Allow-Origin', b'*'), (b'Access-Control-Allow-Methods', b'GET, POST, OPTIONS'), (b'Access-Control-Expose-Headers', b'Content-Length,Content-Type,Date,Server,Connection')])
2026-01-10 18:09:35,748 - httpx - INFO - HTTP Request: POST https://api.telegram.org/bot8490932438:AAFVy70Urq5Cj0h7gUKJbECBv3z9-apYZtM/getUpdates "HTTP/1.1 200 OK"
2026-01-10 18:09:35,748 - httpcore.http11 - DEBUG - receive_response_body.started request=<Request [b'POST']>
2026-01-10 18:09:35,748 - httpcore.http11 - DEBUG - receive_response_body.complete
2026-01-10 18:09:35,748 - httpcore.http11 - DEBUG - response_closed.started
2026-01-10 18:09:35,749 - httpcore.http11 - DEBUG - response_closed.complete
2026-01-10 18:09:35,749 - telegram.ext.ExtBot - DEBUG - Call to Bot API endpoint `getUpdates` finished with return value `[]`
2026-01-10 18:09:35,749 - telegram.ext.ExtBot - DEBUG - No new updates found.
2026-01-10 18:09:35,749 - telegram.ext.ExtBot - DEBUG - Calling Bot API endpoint `getUpdates` with parameters `{'timeout': datetime.timedelta(seconds=10), 'offset': 328648466, 'allowed_updates': [<UpdateType.MESSAGE>, <UpdateType.EDITED_MESSAGE>, <UpdateType.CHANNEL_POST>, <UpdateType.EDITED_CHANNEL_POST>, <UpdateType.INLINE_QUERY>, <UpdateType.CHOSEN_INLINE_RESULT>, <UpdateType.CALLBACK_QUERY>, <UpdateType.SHIPPING_QUERY>, <UpdateType.PRE_CHECKOUT_QUERY>, <UpdateType.POLL>, <UpdateType.POLL_ANSWER>, <UpdateType.MY_CHAT_MEMBER>, <UpdateType.CHAT_MEMBER>, <UpdateType.CHAT_JOIN_REQUEST>, <UpdateType.CHAT_BOOST>, <UpdateType.REMOVED_CHAT_BOOST>, <UpdateType.MESSAGE_REACTION>, <UpdateType.MESSAGE_REACTION_COUNT>, <UpdateType.BUSINESS_CONNECTION>, <UpdateType.BUSINESS_MESSAGE>, <UpdateType.EDITED_BUSINESS_MESSAGE>, <UpdateType.DELETED_BUSINESS_MESSAGES>, <UpdateType.PURCHASED_PAID_MEDIA>]}`
2026-01-10 18:09:35,750 - httpcore.http11 - DEBUG - send_request_headers.started request=<Request [b'POST']>
2026-01-10 18:09:35,751 - httpcore.http11 - DEBUG - send_request_headers.complete
2026-01-10 18:09:35,751 - httpcore.http11 - DEBUG - send_request_body.started request=<Request [b'POST']>
2026-01-10 18:09:35,751 - httpcore.http11 - DEBUG - send_request_body.complete
2026-01-10 18:09:35,751 - httpcore.http11 - DEBUG - receive_response_headers.started request=<Request [b'POST']>
2026-01-10 18:09:45,150 - pymongo.topology - DEBUG - {"message": "Server heartbeat succeeded", "topologyId": {"$oid": "6962785d3127086e3f0188e5"}, "driverConnectionId": 1, "serverConnectionId": 221, "serverHost": "localhost", "serverPort": 27017, "awaited": true, "durationMS": 10017.324124928564, "reply": "{\"isWritablePrimary\": true, \"topologyVersion\": {\"processId\": {\"$oid\": \"695c03b553e27f5a444409fe\"}}, \"maxBsonObjectSize\": 16777216, \"maxMessageSizeBytes\": 48000000, \"maxWriteBatchSize\": 100000, \"localTime\": {\"$date\": \"2026-01-10T16:09:45.149Z\"}, \"logicalSessionTimeoutMinutes\": 30, \"connectionId\": 221, \"maxWireVersion\": 27, \"ok\": 1.0}"}
2026-01-10 18:09:45,151 - pymongo.topology - DEBUG - {"message": "Server heartbeat started", "topologyId": {"$oid": "6962785d3127086e3f0188e5"}, "driverConnectionId": 1, "serverConnectionId": 221, "serverHost": "localhost", "serverPort": 27017, "awaited": true}
2026-01-10 18:09:45,884 - httpcore.http11 - DEBUG - receive_response_headers.complete return_value=(b'HTTP/1.1', 200, b'OK', [(b'Server', b'nginx/1.18.0'), (b'Date', b'Sat, 10 Jan 2026 16:09:45 GMT'), (b'Content-Type', b'application/json'), (b'Content-Length', b'23'), (b'Connection', b'keep-alive'), (b'Strict-Transport-Security', b'max-age=31536000; includeSubDomains; preload'), (b'Access-Control-Allow-Origin', b'*'), (b'Access-Control-Allow-Methods', b'GET, POST, OPTIONS'), (b'Access-Control-Expose-Headers', b'Content-Length,Content-Type,Date,Server,Connection')])
2026-01-10 18:09:45,885 - httpx - INFO - HTTP Request: POST https://api.telegram.org/bot8490932438:AAFVy70Urq5Cj0h7gUKJbECBv3z9-apYZtM/getUpdates "HTTP/1.1 200 OK"
2026-01-10 18:09:45,885 - httpcore.http11 - DEBUG - receive_response_body.started request=<Request [b'POST']>
2026-01-10 18:09:45,885 - httpcore.http11 - DEBUG - receive_response_body.complete
2026-01-10 18:09:45,886 - httpcore.http11 - DEBUG - response_closed.started
2026-01-10 18:09:45,886 - httpcore.http11 - DEBUG - response_closed.complete
2026-01-10 18:09:45,886 - telegram.ext.ExtBot - DEBUG - Call to Bot API endpoint `getUpdates` finished with return value `[]`
2026-01-10 18:09:45,886 - telegram.ext.ExtBot - DEBUG - No new updates found.
2026-01-10 18:09:45,887 - telegram.ext.ExtBot - DEBUG - Calling Bot API endpoint `getUpdates` with parameters `{'timeout': datetime.timedelta(seconds=10), 'offset': 328648466, 'allowed_updates': [<UpdateType.MESSAGE>, <UpdateType.EDITED_MESSAGE>, <UpdateType.CHANNEL_POST>, <UpdateType.EDITED_CHANNEL_POST>, <UpdateType.INLINE_QUERY>, <UpdateType.CHOSEN_INLINE_RESULT>, <UpdateType.CALLBACK_QUERY>, <UpdateType.SHIPPING_QUERY>, <UpdateType.PRE_CHECKOUT_QUERY>, <UpdateType.POLL>, <UpdateType.POLL_ANSWER>, <UpdateType.MY_CHAT_MEMBER>, <UpdateType.CHAT_MEMBER>, <UpdateType.CHAT_JOIN_REQUEST>, <UpdateType.CHAT_BOOST>, <UpdateType.REMOVED_CHAT_BOOST>, <UpdateType.MESSAGE_REACTION>, <UpdateType.MESSAGE_REACTION_COUNT>, <UpdateType.BUSINESS_CONNECTION>, <UpdateType.BUSINESS_MESSAGE>, <UpdateType.EDITED_BUSINESS_MESSAGE>, <UpdateType.DELETED_BUSINESS_MESSAGES>, <UpdateType.PURCHASED_PAID_MEDIA>]}`
2026-01-10 18:09:45,888 - httpcore.http11 - DEBUG - send_request_headers.started request=<Request [b'POST']>
2026-01-10 18:09:45,888 - httpcore.http11 - DEBUG - send_request_headers.complete
2026-01-10 18:09:45,888 - httpcore.http11 - DEBUG - send_request_body.started request=<Request [b'POST']>
2026-01-10 18:09:45,889 - httpcore.http11 - DEBUG - send_request_body.complete
2026-01-10 18:09:45,889 - httpcore.http11 - DEBUG - receive_response_headers.started request=<Request [b'POST']>
2026-01-10 18:09:55,216 - pymongo.topology - DEBUG - {"message": "Server heartbeat succeeded", "topologyId": {"$oid": "6962785d3127086e3f0188e5"}, "driverConnectionId": 1, "serverConnectionId": 221, "serverHost": "localhost", "serverPort": 27017, "awaited": true, "durationMS": 10063.89804231003, "reply": "{\"isWritablePrimary\": true, \"topologyVersion\": {\"processId\": {\"$oid\": \"695c03b553e27f5a444409fe\"}}, \"maxBsonObjectSize\": 16777216, \"maxMessageSizeBytes\": 48000000, \"maxWriteBatchSize\": 100000, \"localTime\": {\"$date\": \"2026-01-10T16:09:55.215Z\"}, \"logicalSessionTimeoutMinutes\": 30, \"connectionId\": 221, \"maxWireVersion\": 27, \"ok\": 1.0}"}
2026-01-10 18:09:55,216 - pymongo.topology - DEBUG - {"message": "Server heartbeat started", "topologyId": {"$oid": "6962785d3127086e3f0188e5"}, "driverConnectionId": 1, "serverConnectionId": 221, "serverHost": "localhost", "serverPort": 27017, "awaited": true}
2026-01-10 18:09:56,022 - httpcore.http11 - DEBUG - receive_response_headers.complete return_value=(b'HTTP/1.1', 200, b'OK', [(b'Server', b'nginx/1.18.0'), (b'Date', b'Sat, 10 Jan 2026 16:09:56 GMT'), (b'Content-Type', b'application/json'), (b'Content-Length', b'23'), (b'Connection', b'keep-alive'), (b'Strict-Transport-Security', b'max-age=31536000; includeSubDomains; preload'), (b'Access-Control-Allow-Origin', b'*'), (b'Access-Control-Allow-Methods', b'GET, POST, OPTIONS'), (b'Access-Control-Expose-Headers', b'Content-Length,Content-Type,Date,Server,Connection')])
2026-01-10 18:09:56,023 - httpx - INFO - HTTP Request: POST https://api.telegram.org/bot8490932438:AAFVy70Urq5Cj0h7gUKJbECBv3z9-apYZtM/getUpdates "HTTP/1.1 200 OK"
2026-01-10 18:09:56,023 - httpcore.http11 - DEBUG - receive_response_body.started request=<Request [b'POST']>
2026-01-10 18:09:56,023 - httpcore.http11 - DEBUG - receive_response_body.complete
2026-01-10 18:09:56,024 - httpcore.http11 - DEBUG - response_closed.started
2026-01-10 18:09:56,024 - httpcore.http11 - DEBUG - response_closed.complete
2026-01-10 18:09:56,024 - telegram.ext.ExtBot - DEBUG - Call to Bot API endpoint `getUpdates` finished with return value `[]`
2026-01-10 18:09:56,024 - telegram.ext.ExtBot - DEBUG - No new updates found.
2026-01-10 18:09:56,025 - telegram.ext.ExtBot - DEBUG - Calling Bot API endpoint `getUpdates` with parameters `{'timeout': datetime.timedelta(seconds=10), 'offset': 328648466, 'allowed_updates': [<UpdateType.MESSAGE>, <UpdateType.EDITED_MESSAGE>, <UpdateType.CHANNEL_POST>, <UpdateType.EDITED_CHANNEL_POST>, <UpdateType.INLINE_QUERY>, <UpdateType.CHOSEN_INLINE_RESULT>, <UpdateType.CALLBACK_QUERY>, <UpdateType.SHIPPING_QUERY>, <UpdateType.PRE_CHECKOUT_QUERY>, <UpdateType.POLL>, <UpdateType.POLL_ANSWER>, <UpdateType.MY_CHAT_MEMBER>, <UpdateType.CHAT_MEMBER>, <UpdateType.CHAT_JOIN_REQUEST>, <UpdateType.CHAT_BOOST>, <UpdateType.REMOVED_CHAT_BOOST>, <UpdateType.MESSAGE_REACTION>, <UpdateType.MESSAGE_REACTION_COUNT>, <UpdateType.BUSINESS_CONNECTION>, <UpdateType.BUSINESS_MESSAGE>, <UpdateType.EDITED_BUSINESS_MESSAGE>, <UpdateType.DELETED_BUSINESS_MESSAGES>, <UpdateType.PURCHASED_PAID_MEDIA>]}`
2026-01-10 18:09:56,026 - httpcore.http11 - DEBUG - send_request_headers.started request=<Request [b'POST']>
2026-01-10 18:09:56,026 - httpcore.http11 - DEBUG - send_request_headers.complete
2026-01-10 18:09:56,027 - httpcore.http11 - DEBUG - send_request_body.started request=<Request [b'POST']>
2026-01-10 18:09:56,027 - httpcore.http11 - DEBUG - send_request_body.complete
2026-01-10 18:09:56,027 - httpcore.http11 - DEBUG - receive_response_headers.started request=<Request [b'POST']>
2026-01-10 18:10:05,287 - pymongo.topology - DEBUG - {"message": "Server heartbeat succeeded", "topologyId": {"$oid": "6962785d3127086e3f0188e5"}, "driverConnectionId": 1, "serverConnectionId": 221, "serverHost": "localhost", "serverPort": 27017, "awaited": true, "durationMS": 10069.9671250768, "reply": "{\"isWritablePrimary\": true, \"topologyVersion\": {\"processId\": {\"$oid\": \"695c03b553e27f5a444409fe\"}}, \"maxBsonObjectSize\": 16777216, \"maxMessageSizeBytes\": 48000000, \"maxWriteBatchSize\": 100000, \"localTime\": {\"$date\": \"2026-01-10T16:10:05.286Z\"}, \"logicalSessionTimeoutMinutes\": 30, \"connectionId\": 221, \"maxWireVersion\": 27, \"ok\": 1.0}"}
2026-01-10 18:10:05,288 - pymongo.topology - DEBUG - {"message": "Server heartbeat started", "topologyId": {"$oid": "6962785d3127086e3f0188e5"}, "driverConnectionId": 1, "serverConnectionId": 221, "serverHost": "localhost", "serverPort": 27017, "awaited": true}
2026-01-10 18:10:06,109 - httpcore.http11 - DEBUG - receive_response_headers.complete return_value=(b'HTTP/1.1', 200, b'OK', [(b'Server', b'nginx/1.18.0'), (b'Date', b'Sat, 10 Jan 2026 16:10:06 GMT'), (b'Content-Type', b'application/json'), (b'Content-Length', b'23'), (b'Connection', b'keep-alive'), (b'Strict-Transport-Security', b'max-age=31536000; includeSubDomains; preload'), (b'Access-Control-Allow-Origin', b'*'), (b'Access-Control-Allow-Methods', b'GET, POST, OPTIONS'), (b'Access-Control-Expose-Headers', b'Content-Length,Content-Type,Date,Server,Connection')])
2026-01-10 18:10:06,110 - httpx - INFO - HTTP Request: POST https://api.telegram.org/bot8490932438:AAFVy70Urq5Cj0h7gUKJbECBv3z9-apYZtM/getUpdates "HTTP/1.1 200 OK"
2026-01-10 18:10:06,110 - httpcore.http11 - DEBUG - receive_response_body.started request=<Request [b'POST']>
2026-01-10 18:10:06,110 - httpcore.http11 - DEBUG - receive_response_body.complete
2026-01-10 18:10:06,110 - httpcore.http11 - DEBUG - response_closed.started
2026-01-10 18:10:06,111 - httpcore.http11 - DEBUG - response_closed.complete
2026-01-10 18:10:06,111 - telegram.ext.ExtBot - DEBUG - Call to Bot API endpoint `getUpdates` finished with return value `[]`
2026-01-10 18:10:06,111 - telegram.ext.ExtBot - DEBUG - No new updates found.
2026-01-10 18:10:06,112 - telegram.ext.ExtBot - DEBUG - Calling Bot API endpoint `getUpdates` with parameters `{'timeout': datetime.timedelta(seconds=10), 'offset': 328648466, 'allowed_updates': [<UpdateType.MESSAGE>, <UpdateType.EDITED_MESSAGE>, <UpdateType.CHANNEL_POST>, <UpdateType.EDITED_CHANNEL_POST>, <UpdateType.INLINE_QUERY>, <UpdateType.CHOSEN_INLINE_RESULT>, <UpdateType.CALLBACK_QUERY>, <UpdateType.SHIPPING_QUERY>, <UpdateType.PRE_CHECKOUT_QUERY>, <UpdateType.POLL>, <UpdateType.POLL_ANSWER>, <UpdateType.MY_CHAT_MEMBER>, <UpdateType.CHAT_MEMBER>, <UpdateType.CHAT_JOIN_REQUEST>, <UpdateType.CHAT_BOOST>, <UpdateType.REMOVED_CHAT_BOOST>, <UpdateType.MESSAGE_REACTION>, <UpdateType.MESSAGE_REACTION_COUNT>, <UpdateType.BUSINESS_CONNECTION>, <UpdateType.BUSINESS_MESSAGE>, <UpdateType.EDITED_BUSINESS_MESSAGE>, <UpdateType.DELETED_BUSINESS_MESSAGES>, <UpdateType.PURCHASED_PAID_MEDIA>]}`
2026-01-10 18:10:06,113 - httpcore.http11 - DEBUG - send_request_headers.started request=<Request [b'POST']>
2026-01-10 18:10:06,113 - httpcore.http11 - DEBUG - send_request_headers.complete
2026-01-10 18:10:06,113 - httpcore.http11 - DEBUG - send_request_body.started request=<Request [b'POST']>
2026-01-10 18:10:06,113 - httpcore.http11 - DEBUG - send_request_body.complete
2026-01-10 18:10:06,114 - httpcore.http11 - DEBUG - receive_response_headers.started request=<Request [b'POST']>
2026-01-10 18:10:15,334 - pymongo.topology - DEBUG - {"message": "Server heartbeat succeeded", "topologyId": {"$oid": "6962785d3127086e3f0188e5"}, "driverConnectionId": 1, "serverConnectionId": 221, "serverHost": "localhost", "serverPort": 27017, "awaited": true, "durationMS": 10044.97924959287, "reply": "{\"isWritablePrimary\": true, \"topologyVersion\": {\"processId\": {\"$oid\": \"695c03b553e27f5a444409fe\"}}, \"maxBsonObjectSize\": 16777216, \"maxMessageSizeBytes\": 48000000, \"maxWriteBatchSize\": 100000, \"localTime\": {\"$date\": \"2026-01-10T16:10:15.333Z\"}, \"logicalSessionTimeoutMinutes\": 30, \"connectionId\": 221, \"maxWireVersion\": 27, \"ok\": 1.0}"}
2026-01-10 18:10:15,335 - pymongo.topology - DEBUG - {"message": "Server heartbeat started", "topologyId": {"$oid": "6962785d3127086e3f0188e5"}, "driverConnectionId": 1, "serverConnectionId": 221, "serverHost": "localhost", "serverPort": 27017, "awaited": true}
2026-01-10 18:10:16,199 - httpcore.http11 - DEBUG - receive_response_headers.complete return_value=(b'HTTP/1.1', 200, b'OK', [(b'Server', b'nginx/1.18.0'), (b'Date', b'Sat, 10 Jan 2026 16:10:16 GMT'), (b'Content-Type', b'application/json'), (b'Content-Length', b'23'), (b'Connection', b'keep-alive'), (b'Strict-Transport-Security', b'max-age=31536000; includeSubDomains; preload'), (b'Access-Control-Allow-Origin', b'*'), (b'Access-Control-Allow-Methods', b'GET, POST, OPTIONS'), (b'Access-Control-Expose-Headers', b'Content-Length,Content-Type,Date,Server,Connection')])
2026-01-10 18:10:16,200 - httpx - INFO - HTTP Request: POST https://api.telegram.org/bot8490932438:AAFVy70Urq5Cj0h7gUKJbECBv3z9-apYZtM/getUpdates "HTTP/1.1 200 OK"
2026-01-10 18:10:16,200 - httpcore.http11 - DEBUG - receive_response_body.started request=<Request [b'POST']>
2026-01-10 18:10:16,200 - httpcore.http11 - DEBUG - receive_response_body.complete
2026-01-10 18:10:16,201 - httpcore.http11 - DEBUG - response_closed.started
2026-01-10 18:10:16,201 - httpcore.http11 - DEBUG - response_closed.complete
2026-01-10 18:10:16,201 - telegram.ext.ExtBot - DEBUG - Call to Bot API endpoint `getUpdates` finished with return value `[]`
2026-01-10 18:10:16,201 - telegram.ext.ExtBot - DEBUG - No new updates found.
2026-01-10 18:10:16,202 - telegram.ext.ExtBot - DEBUG - Calling Bot API endpoint `getUpdates` with parameters `{'timeout': datetime.timedelta(seconds=10), 'offset': 328648466, 'allowed_updates': [<UpdateType.MESSAGE>, <UpdateType.EDITED_MESSAGE>, <UpdateType.CHANNEL_POST>, <UpdateType.EDITED_CHANNEL_POST>, <UpdateType.INLINE_QUERY>, <UpdateType.CHOSEN_INLINE_RESULT>, <UpdateType.CALLBACK_QUERY>, <UpdateType.SHIPPING_QUERY>, <UpdateType.PRE_CHECKOUT_QUERY>, <UpdateType.POLL>, <UpdateType.POLL_ANSWER>, <UpdateType.MY_CHAT_MEMBER>, <UpdateType.CHAT_MEMBER>, <UpdateType.CHAT_JOIN_REQUEST>, <UpdateType.CHAT_BOOST>, <UpdateType.REMOVED_CHAT_BOOST>, <UpdateType.MESSAGE_REACTION>, <UpdateType.MESSAGE_REACTION_COUNT>, <UpdateType.BUSINESS_CONNECTION>, <UpdateType.BUSINESS_MESSAGE>, <UpdateType.EDITED_BUSINESS_MESSAGE>, <UpdateType.DELETED_BUSINESS_MESSAGES>, <UpdateType.PURCHASED_PAID_MEDIA>]}`
2026-01-10 18:10:16,202 - httpcore.http11 - DEBUG - send_request_headers.started request=<Request [b'POST']>
2026-01-10 18:10:16,203 - httpcore.http11 - DEBUG - send_request_headers.complete
2026-01-10 18:10:16,203 - httpcore.http11 - DEBUG - send_request_body.started request=<Request [b'POST']>
2026-01-10 18:10:16,204 - httpcore.http11 - DEBUG - send_request_body.complete
2026-01-10 18:10:16,204 - httpcore.http11 - DEBUG - receive_response_headers.started request=<Request [b'POST']>
2026-01-10 18:10:25,408 - pymongo.topology - DEBUG - {"message": "Server heartbeat succeeded", "topologyId": {"$oid": "6962785d3127086e3f0188e5"}, "driverConnectionId": 1, "serverConnectionId": 221, "serverHost": "localhost", "serverPort": 27017, "awaited": true, "durationMS": 10073.46266694367, "reply": "{\"isWritablePrimary\": true, \"topologyVersion\": {\"processId\": {\"$oid\": \"695c03b553e27f5a444409fe\"}}, \"maxBsonObjectSize\": 16777216, \"maxMessageSizeBytes\": 48000000, \"maxWriteBatchSize\": 100000, \"localTime\": {\"$date\": \"2026-01-10T16:10:25.408Z\"}, \"logicalSessionTimeoutMinutes\": 30, \"connectionId\": 221, \"maxWireVersion\": 27, \"ok\": 1.0}"}
2026-01-10 18:10:25,409 - pymongo.topology - DEBUG - {"message": "Server heartbeat started", "topologyId": {"$oid": "6962785d3127086e3f0188e5"}, "driverConnectionId": 1, "serverConnectionId": 221, "serverHost": "localhost", "serverPort": 27017, "awaited": true}
2026-01-10 18:10:26,335 - httpcore.http11 - DEBUG - receive_response_headers.complete return_value=(b'HTTP/1.1', 200, b'OK', [(b'Server', b'nginx/1.18.0'), (b'Date', b'Sat, 10 Jan 2026 16:10:26 GMT'), (b'Content-Type', b'application/json'), (b'Content-Length', b'23'), (b'Connection', b'keep-alive'), (b'Strict-Transport-Security', b'max-age=31536000; includeSubDomains; preload'), (b'Access-Control-Allow-Origin', b'*'), (b'Access-Control-Allow-Methods', b'GET, POST, OPTIONS'), (b'Access-Control-Expose-Headers', b'Content-Length,Content-Type,Date,Server,Connection')])
2026-01-10 18:10:26,335 - httpx - INFO - HTTP Request: POST https://api.telegram.org/bot8490932438:AAFVy70Urq5Cj0h7gUKJbECBv3z9-apYZtM/getUpdates "HTTP/1.1 200 OK"
2026-01-10 18:10:26,336 - httpcore.http11 - DEBUG - receive_response_body.started request=<Request [b'POST']>
2026-01-10 18:10:26,336 - httpcore.http11 - DEBUG - receive_response_body.complete
2026-01-10 18:10:26,336 - httpcore.http11 - DEBUG - response_closed.started
2026-01-10 18:10:26,336 - httpcore.http11 - DEBUG - response_closed.complete
2026-01-10 18:10:26,337 - telegram.ext.ExtBot - DEBUG - Call to Bot API endpoint `getUpdates` finished with return value `[]`
2026-01-10 18:10:26,337 - telegram.ext.ExtBot - DEBUG - No new updates found.
2026-01-10 18:10:26,338 - telegram.ext.ExtBot - DEBUG - Calling Bot API endpoint `getUpdates` with parameters `{'timeout': datetime.timedelta(seconds=10), 'offset': 328648466, 'allowed_updates': [<UpdateType.MESSAGE>, <UpdateType.EDITED_MESSAGE>, <UpdateType.CHANNEL_POST>, <UpdateType.EDITED_CHANNEL_POST>, <UpdateType.INLINE_QUERY>, <UpdateType.CHOSEN_INLINE_RESULT>, <UpdateType.CALLBACK_QUERY>, <UpdateType.SHIPPING_QUERY>, <UpdateType.PRE_CHECKOUT_QUERY>, <UpdateType.POLL>, <UpdateType.POLL_ANSWER>, <UpdateType.MY_CHAT_MEMBER>, <UpdateType.CHAT_MEMBER>, <UpdateType.CHAT_JOIN_REQUEST>, <UpdateType.CHAT_BOOST>, <UpdateType.REMOVED_CHAT_BOOST>, <UpdateType.MESSAGE_REACTION>, <UpdateType.MESSAGE_REACTION_COUNT>, <UpdateType.BUSINESS_CONNECTION>, <UpdateType.BUSINESS_MESSAGE>, <UpdateType.EDITED_BUSINESS_MESSAGE>, <UpdateType.DELETED_BUSINESS_MESSAGES>, <UpdateType.PURCHASED_PAID_MEDIA>]}`
2026-01-10 18:10:26,339 - httpcore.http11 - DEBUG - send_request_headers.started request=<Request [b'POST']>
2026-01-10 18:10:26,339 - httpcore.http11 - DEBUG - send_request_headers.complete
2026-01-10 18:10:26,339 - httpcore.http11 - DEBUG - send_request_body.started request=<Request [b'POST']>
2026-01-10 18:10:26,339 - httpcore.http11 - DEBUG - send_request_body.complete
2026-01-10 18:10:26,339 - httpcore.http11 - DEBUG - receive_response_headers.started request=<Request [b'POST']>
2026-01-10 18:10:35,476 - pymongo.topology - DEBUG - {"message": "Server heartbeat succeeded", "topologyId": {"$oid": "6962785d3127086e3f0188e5"}, "driverConnectionId": 1, "serverConnectionId": 221, "serverHost": "localhost", "serverPort": 27017, "awaited": true, "durationMS": 10066.781791858375, "reply": "{\"isWritablePrimary\": true, \"topologyVersion\": {\"processId\": {\"$oid\": \"695c03b553e27f5a444409fe\"}}, \"maxBsonObjectSize\": 16777216, \"maxMessageSizeBytes\": 48000000, \"maxWriteBatchSize\": 100000, \"localTime\": {\"$date\": \"2026-01-10T16:10:35.476Z\"}, \"logicalSessionTimeoutMinutes\": 30, \"connectionId\": 221, \"maxWireVersion\": 27, \"ok\": 1.0}"}
2026-01-10 18:10:35,478 - pymongo.topology - DEBUG - {"message": "Server heartbeat started", "topologyId": {"$oid": "6962785d3127086e3f0188e5"}, "driverConnectionId": 1, "serverConnectionId": 221, "serverHost": "localhost", "serverPort": 27017, "awaited": true}
2026-01-10 18:10:36,470 - httpcore.http11 - DEBUG - receive_response_headers.complete return_value=(b'HTTP/1.1', 200, b'OK', [(b'Server', b'nginx/1.18.0'), (b'Date', b'Sat, 10 Jan 2026 16:10:36 GMT'), (b'Content-Type', b'application/json'), (b'Content-Length', b'23'), (b'Connection', b'keep-alive'), (b'Strict-Transport-Security', b'max-age=31536000; includeSubDomains; preload'), (b'Access-Control-Allow-Origin', b'*'), (b'Access-Control-Allow-Methods', b'GET, POST, OPTIONS'), (b'Access-Control-Expose-Headers', b'Content-Length,Content-Type,Date,Server,Connection')])
2026-01-10 18:10:36,470 - httpx - INFO - HTTP Request: POST https://api.telegram.org/bot8490932438:AAFVy70Urq5Cj0h7gUKJbECBv3z9-apYZtM/getUpdates "HTTP/1.1 200 OK"
2026-01-10 18:10:36,471 - httpcore.http11 - DEBUG - receive_response_body.started request=<Request [b'POST']>
2026-01-10 18:10:36,471 - httpcore.http11 - DEBUG - receive_response_body.complete
2026-01-10 18:10:36,471 - httpcore.http11 - DEBUG - response_closed.started
2026-01-10 18:10:36,471 - httpcore.http11 - DEBUG - response_closed.complete
2026-01-10 18:10:36,472 - telegram.ext.ExtBot - DEBUG - Call to Bot API endpoint `getUpdates` finished with return value `[]`
2026-01-10 18:10:36,472 - telegram.ext.ExtBot - DEBUG - No new updates found.
2026-01-10 18:10:36,472 - telegram.ext.ExtBot - DEBUG - Calling Bot API endpoint `getUpdates` with parameters `{'timeout': datetime.timedelta(seconds=10), 'offset': 328648466, 'allowed_updates': [<UpdateType.MESSAGE>, <UpdateType.EDITED_MESSAGE>, <UpdateType.CHANNEL_POST>, <UpdateType.EDITED_CHANNEL_POST>, <UpdateType.INLINE_QUERY>, <UpdateType.CHOSEN_INLINE_RESULT>, <UpdateType.CALLBACK_QUERY>, <UpdateType.SHIPPING_QUERY>, <UpdateType.PRE_CHECKOUT_QUERY>, <UpdateType.POLL>, <UpdateType.POLL_ANSWER>, <UpdateType.MY_CHAT_MEMBER>, <UpdateType.CHAT_MEMBER>, <UpdateType.CHAT_JOIN_REQUEST>, <UpdateType.CHAT_BOOST>, <UpdateType.REMOVED_CHAT_BOOST>, <UpdateType.MESSAGE_REACTION>, <UpdateType.MESSAGE_REACTION_COUNT>, <UpdateType.BUSINESS_CONNECTION>, <UpdateType.BUSINESS_MESSAGE>, <UpdateType.EDITED_BUSINESS_MESSAGE>, <UpdateType.DELETED_BUSINESS_MESSAGES>, <UpdateType.PURCHASED_PAID_MEDIA>]}`
2026-01-10 18:10:36,473 - httpcore.http11 - DEBUG - send_request_headers.started request=<Request [b'POST']>
2026-01-10 18:10:36,474 - httpcore.http11 - DEBUG - send_request_headers.complete
2026-01-10 18:10:36,474 - httpcore.http11 - DEBUG - send_request_body.started request=<Request [b'POST']>
2026-01-10 18:10:36,474 - httpcore.http11 - DEBUG - send_request_body.complete
2026-01-10 18:10:36,474 - httpcore.http11 - DEBUG - receive_response_headers.started request=<Request [b'POST']>
2026-01-10 18:10:45,622 - pymongo.topology - DEBUG - {"message": "Server heartbeat succeeded", "topologyId": {"$oid": "6962785d3127086e3f0188e5"}, "driverConnectionId": 1, "serverConnectionId": 221, "serverHost": "localhost", "serverPort": 27017, "awaited": true, "durationMS": 10143.6223750934, "reply": "{\"isWritablePrimary\": true, \"topologyVersion\": {\"processId\": {\"$oid\": \"695c03b553e27f5a444409fe\"}}, \"maxBsonObjectSize\": 16777216, \"maxMessageSizeBytes\": 48000000, \"maxWriteBatchSize\": 100000, \"localTime\": {\"$date\": \"2026-01-10T16:10:45.621Z\"}, \"logicalSessionTimeoutMinutes\": 30, \"connectionId\": 221, \"maxWireVersion\": 27, \"ok\": 1.0}"}
2026-01-10 18:10:45,622 - pymongo.topology - DEBUG - {"message": "Server heartbeat started", "topologyId": {"$oid": "6962785d3127086e3f0188e5"}, "driverConnectionId": 1, "serverConnectionId": 221, "serverHost": "localhost", "serverPort": 27017, "awaited": true}
2026-01-10 18:10:46,608 - httpcore.http11 - DEBUG - receive_response_headers.complete return_value=(b'HTTP/1.1', 200, b'OK', [(b'Server', b'nginx/1.18.0'), (b'Date', b'Sat, 10 Jan 2026 16:10:46 GMT'), (b'Content-Type', b'application/json'), (b'Content-Length', b'23'), (b'Connection', b'keep-alive'), (b'Strict-Transport-Security', b'max-age=31536000; includeSubDomains; preload'), (b'Access-Control-Allow-Origin', b'*'), (b'Access-Control-Allow-Methods', b'GET, POST, OPTIONS'), (b'Access-Control-Expose-Headers', b'Content-Length,Content-Type,Date,Server,Connection')])
2026-01-10 18:10:46,608 - httpx - INFO - HTTP Request: POST https://api.telegram.org/bot8490932438:AAFVy70Urq5Cj0h7gUKJbECBv3z9-apYZtM/getUpdates "HTTP/1.1 200 OK"
2026-01-10 18:10:46,609 - httpcore.http11 - DEBUG - receive_response_body.started request=<Request [b'POST']>
2026-01-10 18:10:46,609 - httpcore.http11 - DEBUG - receive_response_body.complete
2026-01-10 18:10:46,609 - httpcore.http11 - DEBUG - response_closed.started
2026-01-10 18:10:46,610 - httpcore.http11 - DEBUG - response_closed.complete
2026-01-10 18:10:46,610 - telegram.ext.ExtBot - DEBUG - Call to Bot API endpoint `getUpdates` finished with return value `[]`
2026-01-10 18:10:46,610 - telegram.ext.ExtBot - DEBUG - No new updates found.
2026-01-10 18:10:46,611 - telegram.ext.ExtBot - DEBUG - Calling Bot API endpoint `getUpdates` with parameters `{'timeout': datetime.timedelta(seconds=10), 'offset': 328648466, 'allowed_updates': [<UpdateType.MESSAGE>, <UpdateType.EDITED_MESSAGE>, <UpdateType.CHANNEL_POST>, <UpdateType.EDITED_CHANNEL_POST>, <UpdateType.INLINE_QUERY>, <UpdateType.CHOSEN_INLINE_RESULT>, <UpdateType.CALLBACK_QUERY>, <UpdateType.SHIPPING_QUERY>, <UpdateType.PRE_CHECKOUT_QUERY>, <UpdateType.POLL>, <UpdateType.POLL_ANSWER>, <UpdateType.MY_CHAT_MEMBER>, <UpdateType.CHAT_MEMBER>, <UpdateType.CHAT_JOIN_REQUEST>, <UpdateType.CHAT_BOOST>, <UpdateType.REMOVED_CHAT_BOOST>, <UpdateType.MESSAGE_REACTION>, <UpdateType.MESSAGE_REACTION_COUNT>, <UpdateType.BUSINESS_CONNECTION>, <UpdateType.BUSINESS_MESSAGE>, <UpdateType.EDITED_BUSINESS_MESSAGE>, <UpdateType.DELETED_BUSINESS_MESSAGES>, <UpdateType.PURCHASED_PAID_MEDIA>]}`
2026-01-10 18:10:46,612 - httpcore.http11 - DEBUG - send_request_headers.started request=<Request [b'POST']>
2026-01-10 18:10:46,612 - httpcore.http11 - DEBUG - send_request_headers.complete
2026-01-10 18:10:46,612 - httpcore.http11 - DEBUG - send_request_body.started request=<Request [b'POST']>
2026-01-10 18:10:46,613 - httpcore.http11 - DEBUG - send_request_body.complete
2026-01-10 18:10:46,613 - httpcore.http11 - DEBUG - receive_response_headers.started request=<Request [b'POST']>
2026-01-10 18:10:55,739 - pymongo.topology - DEBUG - {"message": "Server heartbeat succeeded", "topologyId": {"$oid": "6962785d3127086e3f0188e5"}, "driverConnectionId": 1, "serverConnectionId": 221, "serverHost": "localhost", "serverPort": 27017, "awaited": true, "durationMS": 10116.046375129372, "reply": "{\"isWritablePrimary\": true, \"topologyVersion\": {\"processId\": {\"$oid\": \"695c03b553e27f5a444409fe\"}}, \"maxBsonObjectSize\": 16777216, \"maxMessageSizeBytes\": 48000000, \"maxWriteBatchSize\": 100000, \"localTime\": {\"$date\": \"2026-01-10T16:10:55.738Z\"}, \"logicalSessionTimeoutMinutes\": 30, \"connectionId\": 221, \"maxWireVersion\": 27, \"ok\": 1.0}"}
2026-01-10 18:10:55,741 - pymongo.topology - DEBUG - {"message": "Server heartbeat started", "topologyId": {"$oid": "6962785d3127086e3f0188e5"}, "driverConnectionId": 1, "serverConnectionId": 221, "serverHost": "localhost", "serverPort": 27017, "awaited": true}
2026-01-10 18:10:56,746 - httpcore.http11 - DEBUG - receive_response_headers.complete return_value=(b'HTTP/1.1', 200, b'OK', [(b'Server', b'nginx/1.18.0'), (b'Date', b'Sat, 10 Jan 2026 16:10:56 GMT'), (b'Content-Type', b'application/json'), (b'Content-Length', b'23'), (b'Connection', b'keep-alive'), (b'Strict-Transport-Security', b'max-age=31536000; includeSubDomains; preload'), (b'Access-Control-Allow-Origin', b'*'), (b'Access-Control-Allow-Methods', b'GET, POST, OPTIONS'), (b'Access-Control-Expose-Headers', b'Content-Length,Content-Type,Date,Server,Connection')])
2026-01-10 18:10:56,746 - httpx - INFO - HTTP Request: POST https://api.telegram.org/bot8490932438:AAFVy70Urq5Cj0h7gUKJbECBv3z9-apYZtM/getUpdates "HTTP/1.1 200 OK"
2026-01-10 18:10:56,747 - httpcore.http11 - DEBUG - receive_response_body.started request=<Request [b'POST']>
2026-01-10 18:10:56,747 - httpcore.http11 - DEBUG - receive_response_body.complete
2026-01-10 18:10:56,747 - httpcore.http11 - DEBUG - response_closed.started
2026-01-10 18:10:56,747 - httpcore.http11 - DEBUG - response_closed.complete
2026-01-10 18:10:56,748 - telegram.ext.ExtBot - DEBUG - Call to Bot API endpoint `getUpdates` finished with return value `[]`
2026-01-10 18:10:56,748 - telegram.ext.ExtBot - DEBUG - No new updates found.
2026-01-10 18:10:56,748 - telegram.ext.ExtBot - DEBUG - Calling Bot API endpoint `getUpdates` with parameters `{'timeout': datetime.timedelta(seconds=10), 'offset': 328648466, 'allowed_updates': [<UpdateType.MESSAGE>, <UpdateType.EDITED_MESSAGE>, <UpdateType.CHANNEL_POST>, <UpdateType.EDITED_CHANNEL_POST>, <UpdateType.INLINE_QUERY>, <UpdateType.CHOSEN_INLINE_RESULT>, <UpdateType.CALLBACK_QUERY>, <UpdateType.SHIPPING_QUERY>, <UpdateType.PRE_CHECKOUT_QUERY>, <UpdateType.POLL>, <UpdateType.POLL_ANSWER>, <UpdateType.MY_CHAT_MEMBER>, <UpdateType.CHAT_MEMBER>, <UpdateType.CHAT_JOIN_REQUEST>, <UpdateType.CHAT_BOOST>, <UpdateType.REMOVED_CHAT_BOOST>, <UpdateType.MESSAGE_REACTION>, <UpdateType.MESSAGE_REACTION_COUNT>, <UpdateType.BUSINESS_CONNECTION>, <UpdateType.BUSINESS_MESSAGE>, <UpdateType.EDITED_BUSINESS_MESSAGE>, <UpdateType.DELETED_BUSINESS_MESSAGES>, <UpdateType.PURCHASED_PAID_MEDIA>]}`
2026-01-10 18:10:56,749 - httpcore.http11 - DEBUG - send_request_headers.started request=<Request [b'POST']>
2026-01-10 18:10:56,750 - httpcore.http11 - DEBUG - send_request_headers.complete
2026-01-10 18:10:56,750 - httpcore.http11 - DEBUG - send_request_body.started request=<Request [b'POST']>
2026-01-10 18:10:56,750 - httpcore.http11 - DEBUG - send_request_body.complete
2026-01-10 18:10:56,750 - httpcore.http11 - DEBUG - receive_response_headers.started request=<Request [b'POST']>
2026-01-10 18:11:05,792 - pymongo.topology - DEBUG - {"message": "Server heartbeat succeeded", "topologyId": {"$oid": "6962785d3127086e3f0188e5"}, "driverConnectionId": 1, "serverConnectionId": 221, "serverHost": "localhost", "serverPort": 27017, "awaited": true, "durationMS": 10051.244707778096, "reply": "{\"isWritablePrimary\": true, \"topologyVersion\": {\"processId\": {\"$oid\": \"695c03b553e27f5a444409fe\"}}, \"maxBsonObjectSize\": 16777216, \"maxMessageSizeBytes\": 48000000, \"maxWriteBatchSize\": 100000, \"localTime\": {\"$date\": \"2026-01-10T16:11:05.792Z\"}, \"logicalSessionTimeoutMinutes\": 30, \"connectionId\": 221, \"maxWireVersion\": 27, \"ok\": 1.0}"}
2026-01-10 18:11:05,793 - pymongo.topology - DEBUG - {"message": "Server heartbeat started", "topologyId": {"$oid": "6962785d3127086e3f0188e5"}, "driverConnectionId": 1, "serverConnectionId": 221, "serverHost": "localhost", "serverPort": 27017, "awaited": true}
2026-01-10 18:11:06,832 - httpcore.http11 - DEBUG - receive_response_headers.complete return_value=(b'HTTP/1.1', 200, b'OK', [(b'Server', b'nginx/1.18.0'), (b'Date', b'Sat, 10 Jan 2026 16:11:06 GMT'), (b'Content-Type', b'application/json'), (b'Content-Length', b'23'), (b'Connection', b'keep-alive'), (b'Strict-Transport-Security', b'max-age=31536000; includeSubDomains; preload'), (b'Access-Control-Allow-Origin', b'*'), (b'Access-Control-Allow-Methods', b'GET, POST, OPTIONS'), (b'Access-Control-Expose-Headers', b'Content-Length,Content-Type,Date,Server,Connection')])
2026-01-10 18:11:06,833 - httpx - INFO - HTTP Request: POST https://api.telegram.org/bot8490932438:AAFVy70Urq5Cj0h7gUKJbECBv3z9-apYZtM/getUpdates "HTTP/1.1 200 OK"
2026-01-10 18:11:06,833 - httpcore.http11 - DEBUG - receive_response_body.started request=<Request [b'POST']>
2026-01-10 18:11:06,833 - httpcore.http11 - DEBUG - receive_response_body.complete
2026-01-10 18:11:06,833 - httpcore.http11 - DEBUG - response_closed.started
2026-01-10 18:11:06,833 - httpcore.http11 - DEBUG - response_closed.complete
2026-01-10 18:11:06,833 - telegram.ext.ExtBot - DEBUG - Call to Bot API endpoint `getUpdates` finished with return value `[]`
2026-01-10 18:11:06,833 - telegram.ext.ExtBot - DEBUG - No new updates found.
2026-01-10 18:11:06,834 - telegram.ext.ExtBot - DEBUG - Calling Bot API endpoint `getUpdates` with parameters `{'timeout': datetime.timedelta(seconds=10), 'offset': 328648466, 'allowed_updates': [<UpdateType.MESSAGE>, <UpdateType.EDITED_MESSAGE>, <UpdateType.CHANNEL_POST>, <UpdateType.EDITED_CHANNEL_POST>, <UpdateType.INLINE_QUERY>, <UpdateType.CHOSEN_INLINE_RESULT>, <UpdateType.CALLBACK_QUERY>, <UpdateType.SHIPPING_QUERY>, <UpdateType.PRE_CHECKOUT_QUERY>, <UpdateType.POLL>, <UpdateType.POLL_ANSWER>, <UpdateType.MY_CHAT_MEMBER>, <UpdateType.CHAT_MEMBER>, <UpdateType.CHAT_JOIN_REQUEST>, <UpdateType.CHAT_BOOST>, <UpdateType.REMOVED_CHAT_BOOST>, <UpdateType.MESSAGE_REACTION>, <UpdateType.MESSAGE_REACTION_COUNT>, <UpdateType.BUSINESS_CONNECTION>, <UpdateType.BUSINESS_MESSAGE>, <UpdateType.EDITED_BUSINESS_MESSAGE>, <UpdateType.DELETED_BUSINESS_MESSAGES>, <UpdateType.PURCHASED_PAID_MEDIA>]}`
2026-01-10 18:11:06,834 - httpcore.http11 - DEBUG - send_request_headers.started request=<Request [b'POST']>
2026-01-10 18:11:06,834 - httpcore.http11 - DEBUG - send_request_headers.complete
2026-01-10 18:11:06,834 - httpcore.http11 - DEBUG - send_request_body.started request=<Request [b'POST']>
2026-01-10 18:11:06,835 - httpcore.http11 - DEBUG - send_request_body.complete
2026-01-10 18:11:06,835 - httpcore.http11 - DEBUG - receive_response_headers.started request=<Request [b'POST']>
2026-01-10 18:11:15,794 - pymongo.topology - DEBUG - {"message": "Server heartbeat succeeded", "topologyId": {"$oid": "6962785d3127086e3f0188e5"}, "driverConnectionId": 1, "serverConnectionId": 221, "serverHost": "localhost", "serverPort": 27017, "awaited": true, "durationMS": 10001.059208996594, "reply": "{\"isWritablePrimary\": true, \"topologyVersion\": {\"processId\": {\"$oid\": \"695c03b553e27f5a444409fe\"}}, \"maxBsonObjectSize\": 16777216, \"maxMessageSizeBytes\": 48000000, \"maxWriteBatchSize\": 100000, \"localTime\": {\"$date\": \"2026-01-10T16:11:15.794Z\"}, \"logicalSessionTimeoutMinutes\": 30, \"connectionId\": 221, \"maxWireVersion\": 27, \"ok\": 1.0}"}
2026-01-10 18:11:15,795 - pymongo.topology - DEBUG - {"message": "Server heartbeat started", "topologyId": {"$oid": "6962785d3127086e3f0188e5"}, "driverConnectionId": 1, "serverConnectionId": 221, "serverHost": "localhost", "serverPort": 27017, "awaited": true}
2026-01-10 18:11:17,022 - httpcore.http11 - DEBUG - receive_response_headers.complete return_value=(b'HTTP/1.1', 200, b'OK', [(b'Server', b'nginx/1.18.0'), (b'Date', b'Sat, 10 Jan 2026 16:11:17 GMT'), (b'Content-Type', b'application/json'), (b'Content-Length', b'23'), (b'Connection', b'keep-alive'), (b'Strict-Transport-Security', b'max-age=31536000; includeSubDomains; preload'), (b'Access-Control-Allow-Origin', b'*'), (b'Access-Control-Allow-Methods', b'GET, POST, OPTIONS'), (b'Access-Control-Expose-Headers', b'Content-Length,Content-Type,Date,Server,Connection')])
2026-01-10 18:11:17,023 - httpx - INFO - HTTP Request: POST https://api.telegram.org/bot8490932438:AAFVy70Urq5Cj0h7gUKJbECBv3z9-apYZtM/getUpdates "HTTP/1.1 200 OK"
2026-01-10 18:11:17,023 - httpcore.http11 - DEBUG - receive_response_body.started request=<Request [b'POST']>
2026-01-10 18:11:17,023 - httpcore.http11 - DEBUG - receive_response_body.complete
2026-01-10 18:11:17,023 - httpcore.http11 - DEBUG - response_closed.started
2026-01-10 18:11:17,024 - httpcore.http11 - DEBUG - response_closed.complete
2026-01-10 18:11:17,024 - telegram.ext.ExtBot - DEBUG - Call to Bot API endpoint `getUpdates` finished with return value `[]`
2026-01-10 18:11:17,024 - telegram.ext.ExtBot - DEBUG - No new updates found.
2026-01-10 18:11:17,024 - telegram.ext.ExtBot - DEBUG - Calling Bot API endpoint `getUpdates` with parameters `{'timeout': datetime.timedelta(seconds=10), 'offset': 328648466, 'allowed_updates': [<UpdateType.MESSAGE>, <UpdateType.EDITED_MESSAGE>, <UpdateType.CHANNEL_POST>, <UpdateType.EDITED_CHANNEL_POST>, <UpdateType.INLINE_QUERY>, <UpdateType.CHOSEN_INLINE_RESULT>, <UpdateType.CALLBACK_QUERY>, <UpdateType.SHIPPING_QUERY>, <UpdateType.PRE_CHECKOUT_QUERY>, <UpdateType.POLL>, <UpdateType.POLL_ANSWER>, <UpdateType.MY_CHAT_MEMBER>, <UpdateType.CHAT_MEMBER>, <UpdateType.CHAT_JOIN_REQUEST>, <UpdateType.CHAT_BOOST>, <UpdateType.REMOVED_CHAT_BOOST>, <UpdateType.MESSAGE_REACTION>, <UpdateType.MESSAGE_REACTION_COUNT>, <UpdateType.BUSINESS_CONNECTION>, <UpdateType.BUSINESS_MESSAGE>, <UpdateType.EDITED_BUSINESS_MESSAGE>, <UpdateType.DELETED_BUSINESS_MESSAGES>, <UpdateType.PURCHASED_PAID_MEDIA>]}`
2026-01-10 18:11:17,025 - httpcore.http11 - DEBUG - send_request_headers.started request=<Request [b'POST']>
2026-01-10 18:11:17,026 - httpcore.http11 - DEBUG - send_request_headers.complete
2026-01-10 18:11:17,026 - httpcore.http11 - DEBUG - send_request_body.started request=<Request [b'POST']>
2026-01-10 18:11:17,026 - httpcore.http11 - DEBUG - send_request_body.complete
2026-01-10 18:11:17,026 - httpcore.http11 - DEBUG - receive_response_headers.started request=<Request [b'POST']>
2026-01-10 18:11:25,940 - pymongo.topology - DEBUG - {"message": "Server heartbeat succeeded", "topologyId": {"$oid": "6962785d3127086e3f0188e5"}, "driverConnectionId": 1, "serverConnectionId": 221, "serverHost": "localhost", "serverPort": 27017, "awaited": true, "durationMS": 10144.53583303839, "reply": "{\"isWritablePrimary\": true, \"topologyVersion\": {\"processId\": {\"$oid\": \"695c03b553e27f5a444409fe\"}}, \"maxBsonObjectSize\": 16777216, \"maxMessageSizeBytes\": 48000000, \"maxWriteBatchSize\": 100000, \"localTime\": {\"$date\": \"2026-01-10T16:11:25.940Z\"}, \"logicalSessionTimeoutMinutes\": 30, \"connectionId\": 221, \"maxWireVersion\": 27, \"ok\": 1.0}"}
2026-01-10 18:11:25,941 - pymongo.topology - DEBUG - {"message": "Server heartbeat started", "topologyId": {"$oid": "6962785d3127086e3f0188e5"}, "driverConnectionId": 1, "serverConnectionId": 221, "serverHost": "localhost", "serverPort": 27017, "awaited": true}
2026-01-10 18:11:27,158 - httpcore.http11 - DEBUG - receive_response_headers.complete return_value=(b'HTTP/1.1', 200, b'OK', [(b'Server', b'nginx/1.18.0'), (b'Date', b'Sat, 10 Jan 2026 16:11:27 GMT'), (b'Content-Type', b'application/json'), (b'Content-Length', b'23'), (b'Connection', b'keep-alive'), (b'Strict-Transport-Security', b'max-age=31536000; includeSubDomains; preload'), (b'Access-Control-Allow-Origin', b'*'), (b'Access-Control-Allow-Methods', b'GET, POST, OPTIONS'), (b'Access-Control-Expose-Headers', b'Content-Length,Content-Type,Date,Server,Connection')])
2026-01-10 18:11:27,159 - httpx - INFO - HTTP Request: POST https://api.telegram.org/bot8490932438:AAFVy70Urq5Cj0h7gUKJbECBv3z9-apYZtM/getUpdates "HTTP/1.1 200 OK"
2026-01-10 18:11:27,159 - httpcore.http11 - DEBUG - receive_response_body.started request=<Request [b'POST']>
2026-01-10 18:11:27,160 - httpcore.http11 - DEBUG - receive_response_body.complete
2026-01-10 18:11:27,160 - httpcore.http11 - DEBUG - response_closed.started
2026-01-10 18:11:27,160 - httpcore.http11 - DEBUG - response_closed.complete
2026-01-10 18:11:27,160 - telegram.ext.ExtBot - DEBUG - Call to Bot API endpoint `getUpdates` finished with return value `[]`
2026-01-10 18:11:27,160 - telegram.ext.ExtBot - DEBUG - No new updates found.
2026-01-10 18:11:27,161 - telegram.ext.ExtBot - DEBUG - Calling Bot API endpoint `getUpdates` with parameters `{'timeout': datetime.timedelta(seconds=10), 'offset': 328648466, 'allowed_updates': [<UpdateType.MESSAGE>, <UpdateType.EDITED_MESSAGE>, <UpdateType.CHANNEL_POST>, <UpdateType.EDITED_CHANNEL_POST>, <UpdateType.INLINE_QUERY>, <UpdateType.CHOSEN_INLINE_RESULT>, <UpdateType.CALLBACK_QUERY>, <UpdateType.SHIPPING_QUERY>, <UpdateType.PRE_CHECKOUT_QUERY>, <UpdateType.POLL>, <UpdateType.POLL_ANSWER>, <UpdateType.MY_CHAT_MEMBER>, <UpdateType.CHAT_MEMBER>, <UpdateType.CHAT_JOIN_REQUEST>, <UpdateType.CHAT_BOOST>, <UpdateType.REMOVED_CHAT_BOOST>, <UpdateType.MESSAGE_REACTION>, <UpdateType.MESSAGE_REACTION_COUNT>, <UpdateType.BUSINESS_CONNECTION>, <UpdateType.BUSINESS_MESSAGE>, <UpdateType.EDITED_BUSINESS_MESSAGE>, <UpdateType.DELETED_BUSINESS_MESSAGES>, <UpdateType.PURCHASED_PAID_MEDIA>]}`
2026-01-10 18:11:27,162 - httpcore.http11 - DEBUG - send_request_headers.started request=<Request [b'POST']>
2026-01-10 18:11:27,162 - httpcore.http11 - DEBUG - send_request_headers.complete
2026-01-10 18:11:27,162 - httpcore.http11 - DEBUG - send_request_body.started request=<Request [b'POST']>
2026-01-10 18:11:27,162 - httpcore.http11 - DEBUG - send_request_body.complete
2026-01-10 18:11:27,163 - httpcore.http11 - DEBUG - receive_response_headers.started request=<Request [b'POST']>
2026-01-10 18:11:36,089 - pymongo.topology - DEBUG - {"message": "Server heartbeat succeeded", "topologyId": {"$oid": "6962785d3127086e3f0188e5"}, "driverConnectionId": 1, "serverConnectionId": 221, "serverHost": "localhost", "serverPort": 27017, "awaited": true, "durationMS": 10147.613875102252, "reply": "{\"isWritablePrimary\": true, \"topologyVersion\": {\"processId\": {\"$oid\": \"695c03b553e27f5a444409fe\"}}, \"maxBsonObjectSize\": 16777216, \"maxMessageSizeBytes\": 48000000, \"maxWriteBatchSize\": 100000, \"localTime\": {\"$date\": \"2026-01-10T16:11:36.088Z\"}, \"logicalSessionTimeoutMinutes\": 30, \"connectionId\": 221, \"maxWireVersion\": 27, \"ok\": 1.0}"}
2026-01-10 18:11:36,090 - pymongo.topology - DEBUG - {"message": "Server heartbeat started", "topologyId": {"$oid": "6962785d3127086e3f0188e5"}, "driverConnectionId": 1, "serverConnectionId": 221, "serverHost": "localhost", "serverPort": 27017, "awaited": true}
2026-01-10 18:11:37,299 - httpcore.http11 - DEBUG - receive_response_headers.complete return_value=(b'HTTP/1.1', 200, b'OK', [(b'Server', b'nginx/1.18.0'), (b'Date', b'Sat, 10 Jan 2026 16:11:37 GMT'), (b'Content-Type', b'application/json'), (b'Content-Length', b'23'), (b'Connection', b'keep-alive'), (b'Strict-Transport-Security', b'max-age=31536000; includeSubDomains; preload'), (b'Access-Control-Allow-Origin', b'*'), (b'Access-Control-Allow-Methods', b'GET, POST, OPTIONS'), (b'Access-Control-Expose-Headers', b'Content-Length,Content-Type,Date,Server,Connection')])
2026-01-10 18:11:37,299 - httpx - INFO - HTTP Request: POST https://api.telegram.org/bot8490932438:AAFVy70Urq5Cj0h7gUKJbECBv3z9-apYZtM/getUpdates "HTTP/1.1 200 OK"
2026-01-10 18:11:37,300 - httpcore.http11 - DEBUG - receive_response_body.started request=<Request [b'POST']>
2026-01-10 18:11:37,300 - httpcore.http11 - DEBUG - receive_response_body.complete
2026-01-10 18:11:37,300 - httpcore.http11 - DEBUG - response_closed.started
2026-01-10 18:11:37,300 - httpcore.http11 - DEBUG - response_closed.complete
2026-01-10 18:11:37,301 - telegram.ext.ExtBot - DEBUG - Call to Bot API endpoint `getUpdates` finished with return value `[]`
2026-01-10 18:11:37,301 - telegram.ext.ExtBot - DEBUG - No new updates found.
2026-01-10 18:11:37,301 - telegram.ext.ExtBot - DEBUG - Calling Bot API endpoint `getUpdates` with parameters `{'timeout': datetime.timedelta(seconds=10), 'offset': 328648466, 'allowed_updates': [<UpdateType.MESSAGE>, <UpdateType.EDITED_MESSAGE>, <UpdateType.CHANNEL_POST>, <UpdateType.EDITED_CHANNEL_POST>, <UpdateType.INLINE_QUERY>, <UpdateType.CHOSEN_INLINE_RESULT>, <UpdateType.CALLBACK_QUERY>, <UpdateType.SHIPPING_QUERY>, <UpdateType.PRE_CHECKOUT_QUERY>, <UpdateType.POLL>, <UpdateType.POLL_ANSWER>, <UpdateType.MY_CHAT_MEMBER>, <UpdateType.CHAT_MEMBER>, <UpdateType.CHAT_JOIN_REQUEST>, <UpdateType.CHAT_BOOST>, <UpdateType.REMOVED_CHAT_BOOST>, <UpdateType.MESSAGE_REACTION>, <UpdateType.MESSAGE_REACTION_COUNT>, <UpdateType.BUSINESS_CONNECTION>, <UpdateType.BUSINESS_MESSAGE>, <UpdateType.EDITED_BUSINESS_MESSAGE>, <UpdateType.DELETED_BUSINESS_MESSAGES>, <UpdateType.PURCHASED_PAID_MEDIA>]}`
2026-01-10 18:11:37,302 - httpcore.http11 - DEBUG - send_request_headers.started request=<Request [b'POST']>
2026-01-10 18:11:37,303 - httpcore.http11 - DEBUG - send_request_headers.complete
2026-01-10 18:11:37,303 - httpcore.http11 - DEBUG - send_request_body.started request=<Request [b'POST']>
2026-01-10 18:11:37,303 - httpcore.http11 - DEBUG - send_request_body.complete
2026-01-10 18:11:37,303 - httpcore.http11 - DEBUG - receive_response_headers.started request=<Request [b'POST']>
2026-01-10 18:11:46,153 - pymongo.topology - DEBUG - {"message": "Server heartbeat succeeded", "topologyId": {"$oid": "6962785d3127086e3f0188e5"}, "driverConnectionId": 1, "serverConnectionId": 221, "serverHost": "localhost", "serverPort": 27017, "awaited": true, "durationMS": 10062.837082892656, "reply": "{\"isWritablePrimary\": true, \"topologyVersion\": {\"processId\": {\"$oid\": \"695c03b553e27f5a444409fe\"}}, \"maxBsonObjectSize\": 16777216, \"maxMessageSizeBytes\": 48000000, \"maxWriteBatchSize\": 100000, \"localTime\": {\"$date\": \"2026-01-10T16:11:46.152Z\"}, \"logicalSessionTimeoutMinutes\": 30, \"connectionId\": 221, \"maxWireVersion\": 27, \"ok\": 1.0}"}
2026-01-10 18:11:46,154 - pymongo.topology - DEBUG - {"message": "Server heartbeat started", "topologyId": {"$oid": "6962785d3127086e3f0188e5"}, "driverConnectionId": 1, "serverConnectionId": 221, "serverHost": "localhost", "serverPort": 27017, "awaited": true}
2026-01-10 18:11:47,435 - httpcore.http11 - DEBUG - receive_response_headers.complete return_value=(b'HTTP/1.1', 200, b'OK', [(b'Server', b'nginx/1.18.0'), (b'Date', b'Sat, 10 Jan 2026 16:11:47 GMT'), (b'Content-Type', b'application/json'), (b'Content-Length', b'23'), (b'Connection', b'keep-alive'), (b'Strict-Transport-Security', b'max-age=31536000; includeSubDomains; preload'), (b'Access-Control-Allow-Origin', b'*'), (b'Access-Control-Allow-Methods', b'GET, POST, OPTIONS'), (b'Access-Control-Expose-Headers', b'Content-Length,Content-Type,Date,Server,Connection')])
2026-01-10 18:11:47,436 - httpx - INFO - HTTP Request: POST https://api.telegram.org/bot8490932438:AAFVy70Urq5Cj0h7gUKJbECBv3z9-apYZtM/getUpdates "HTTP/1.1 200 OK"
2026-01-10 18:11:47,436 - httpcore.http11 - DEBUG - receive_response_body.started request=<Request [b'POST']>
2026-01-10 18:11:47,436 - httpcore.http11 - DEBUG - receive_response_body.complete
2026-01-10 18:11:47,437 - httpcore.http11 - DEBUG - response_closed.started
2026-01-10 18:11:47,437 - httpcore.http11 - DEBUG - response_closed.complete
2026-01-10 18:11:47,437 - telegram.ext.ExtBot - DEBUG - Call to Bot API endpoint `getUpdates` finished with return value `[]`
2026-01-10 18:11:47,438 - telegram.ext.ExtBot - DEBUG - No new updates found.
2026-01-10 18:11:47,438 - telegram.ext.ExtBot - DEBUG - Calling Bot API endpoint `getUpdates` with parameters `{'timeout': datetime.timedelta(seconds=10), 'offset': 328648466, 'allowed_updates': [<UpdateType.MESSAGE>, <UpdateType.EDITED_MESSAGE>, <UpdateType.CHANNEL_POST>, <UpdateType.EDITED_CHANNEL_POST>, <UpdateType.INLINE_QUERY>, <UpdateType.CHOSEN_INLINE_RESULT>, <UpdateType.CALLBACK_QUERY>, <UpdateType.SHIPPING_QUERY>, <UpdateType.PRE_CHECKOUT_QUERY>, <UpdateType.POLL>, <UpdateType.POLL_ANSWER>, <UpdateType.MY_CHAT_MEMBER>, <UpdateType.CHAT_MEMBER>, <UpdateType.CHAT_JOIN_REQUEST>, <UpdateType.CHAT_BOOST>, <UpdateType.REMOVED_CHAT_BOOST>, <UpdateType.MESSAGE_REACTION>, <UpdateType.MESSAGE_REACTION_COUNT>, <UpdateType.BUSINESS_CONNECTION>, <UpdateType.BUSINESS_MESSAGE>, <UpdateType.EDITED_BUSINESS_MESSAGE>, <UpdateType.DELETED_BUSINESS_MESSAGES>, <UpdateType.PURCHASED_PAID_MEDIA>]}`
2026-01-10 18:11:47,439 - httpcore.http11 - DEBUG - send_request_headers.started request=<Request [b'POST']>
2026-01-10 18:11:47,440 - httpcore.http11 - DEBUG - send_request_headers.complete
2026-01-10 18:11:47,440 - httpcore.http11 - DEBUG - send_request_body.started request=<Request [b'POST']>
2026-01-10 18:11:47,440 - httpcore.http11 - DEBUG - send_request_body.complete
2026-01-10 18:11:47,440 - httpcore.http11 - DEBUG - receive_response_headers.started request=<Request [b'POST']>
2026-01-10 18:11:56,285 - pymongo.topology - DEBUG - {"message": "Server heartbeat succeeded", "topologyId": {"$oid": "6962785d3127086e3f0188e5"}, "driverConnectionId": 1, "serverConnectionId": 221, "serverHost": "localhost", "serverPort": 27017, "awaited": true, "durationMS": 10131.311041302979, "reply": "{\"isWritablePrimary\": true, \"topologyVersion\": {\"processId\": {\"$oid\": \"695c03b553e27f5a444409fe\"}}, \"maxBsonObjectSize\": 16777216, \"maxMessageSizeBytes\": 48000000, \"maxWriteBatchSize\": 100000, \"localTime\": {\"$date\": \"2026-01-10T16:11:56.285Z\"}, \"logicalSessionTimeoutMinutes\": 30, \"connectionId\": 221, \"maxWireVersion\": 27, \"ok\": 1.0}"}
2026-01-10 18:11:56,286 - pymongo.topology - DEBUG - {"message": "Server heartbeat started", "topologyId": {"$oid": "6962785d3127086e3f0188e5"}, "driverConnectionId": 1, "serverConnectionId": 221, "serverHost": "localhost", "serverPort": 27017, "awaited": true}
2026-01-10 18:11:57,571 - httpcore.http11 - DEBUG - receive_response_headers.complete return_value=(b'HTTP/1.1', 200, b'OK', [(b'Server', b'nginx/1.18.0'), (b'Date', b'Sat, 10 Jan 2026 16:11:57 GMT'), (b'Content-Type', b'application/json'), (b'Content-Length', b'23'), (b'Connection', b'keep-alive'), (b'Strict-Transport-Security', b'max-age=31536000; includeSubDomains; preload'), (b'Access-Control-Allow-Origin', b'*'), (b'Access-Control-Allow-Methods', b'GET, POST, OPTIONS'), (b'Access-Control-Expose-Headers', b'Content-Length,Content-Type,Date,Server,Connection')])
2026-01-10 18:11:57,572 - httpx - INFO - HTTP Request: POST https://api.telegram.org/bot8490932438:AAFVy70Urq5Cj0h7gUKJbECBv3z9-apYZtM/getUpdates "HTTP/1.1 200 OK"
2026-01-10 18:11:57,572 - httpcore.http11 - DEBUG - receive_response_body.started request=<Request [b'POST']>
2026-01-10 18:11:57,572 - httpcore.http11 - DEBUG - receive_response_body.complete
2026-01-10 18:11:57,573 - httpcore.http11 - DEBUG - response_closed.started
2026-01-10 18:11:57,573 - httpcore.http11 - DEBUG - response_closed.complete
2026-01-10 18:11:57,573 - telegram.ext.ExtBot - DEBUG - Call to Bot API endpoint `getUpdates` finished with return value `[]`
2026-01-10 18:11:57,573 - telegram.ext.ExtBot - DEBUG - No new updates found.
2026-01-10 18:11:57,574 - telegram.ext.ExtBot - DEBUG - Calling Bot API endpoint `getUpdates` with parameters `{'timeout': datetime.timedelta(seconds=10), 'offset': 328648466, 'allowed_updates': [<UpdateType.MESSAGE>, <UpdateType.EDITED_MESSAGE>, <UpdateType.CHANNEL_POST>, <UpdateType.EDITED_CHANNEL_POST>, <UpdateType.INLINE_QUERY>, <UpdateType.CHOSEN_INLINE_RESULT>, <UpdateType.CALLBACK_QUERY>, <UpdateType.SHIPPING_QUERY>, <UpdateType.PRE_CHECKOUT_QUERY>, <UpdateType.POLL>, <UpdateType.POLL_ANSWER>, <UpdateType.MY_CHAT_MEMBER>, <UpdateType.CHAT_MEMBER>, <UpdateType.CHAT_JOIN_REQUEST>, <UpdateType.CHAT_BOOST>, <UpdateType.REMOVED_CHAT_BOOST>, <UpdateType.MESSAGE_REACTION>, <UpdateType.MESSAGE_REACTION_COUNT>, <UpdateType.BUSINESS_CONNECTION>, <UpdateType.BUSINESS_MESSAGE>, <UpdateType.EDITED_BUSINESS_MESSAGE>, <UpdateType.DELETED_BUSINESS_MESSAGES>, <UpdateType.PURCHASED_PAID_MEDIA>]}`
2026-01-10 18:11:57,575 - httpcore.http11 - DEBUG - send_request_headers.started request=<Request [b'POST']>
2026-01-10 18:11:57,575 - httpcore.http11 - DEBUG - send_request_headers.complete
2026-01-10 18:11:57,575 - httpcore.http11 - DEBUG - send_request_body.started request=<Request [b'POST']>
2026-01-10 18:11:57,576 - httpcore.http11 - DEBUG - send_request_body.complete
2026-01-10 18:11:57,576 - httpcore.http11 - DEBUG - receive_response_headers.started request=<Request [b'POST']>
2026-01-10 18:12:06,431 - pymongo.topology - DEBUG - {"message": "Server heartbeat succeeded", "topologyId": {"$oid": "6962785d3127086e3f0188e5"}, "driverConnectionId": 1, "serverConnectionId": 221, "serverHost": "localhost", "serverPort": 27017, "awaited": true, "durationMS": 10144.69216670841, "reply": "{\"isWritablePrimary\": true, \"topologyVersion\": {\"processId\": {\"$oid\": \"695c03b553e27f5a444409fe\"}}, \"maxBsonObjectSize\": 16777216, \"maxMessageSizeBytes\": 48000000, \"maxWriteBatchSize\": 100000, \"localTime\": {\"$date\": \"2026-01-10T16:12:06.431Z\"}, \"logicalSessionTimeoutMinutes\": 30, \"connectionId\": 221, \"maxWireVersion\": 27, \"ok\": 1.0}"}
2026-01-10 18:12:06,432 - pymongo.topology - DEBUG - {"message": "Server heartbeat started", "topologyId": {"$oid": "6962785d3127086e3f0188e5"}, "driverConnectionId": 1, "serverConnectionId": 221, "serverHost": "localhost", "serverPort": 27017, "awaited": true}
2026-01-10 18:12:07,709 - httpcore.http11 - DEBUG - receive_response_headers.complete return_value=(b'HTTP/1.1', 200, b'OK', [(b'Server', b'nginx/1.18.0'), (b'Date', b'Sat, 10 Jan 2026 16:12:07 GMT'), (b'Content-Type', b'application/json'), (b'Content-Length', b'23'), (b'Connection', b'keep-alive'), (b'Strict-Transport-Security', b'max-age=31536000; includeSubDomains; preload'), (b'Access-Control-Allow-Origin', b'*'), (b'Access-Control-Allow-Methods', b'GET, POST, OPTIONS'), (b'Access-Control-Expose-Headers', b'Content-Length,Content-Type,Date,Server,Connection')])
2026-01-10 18:12:07,709 - httpx - INFO - HTTP Request: POST https://api.telegram.org/bot8490932438:AAFVy70Urq5Cj0h7gUKJbECBv3z9-apYZtM/getUpdates "HTTP/1.1 200 OK"
2026-01-10 18:12:07,709 - httpcore.http11 - DEBUG - receive_response_body.started request=<Request [b'POST']>
2026-01-10 18:12:07,710 - httpcore.http11 - DEBUG - receive_response_body.complete
2026-01-10 18:12:07,710 - httpcore.http11 - DEBUG - response_closed.started
2026-01-10 18:12:07,710 - httpcore.http11 - DEBUG - response_closed.complete
2026-01-10 18:12:07,710 - telegram.ext.ExtBot - DEBUG - Call to Bot API endpoint `getUpdates` finished with return value `[]`
2026-01-10 18:12:07,710 - telegram.ext.ExtBot - DEBUG - No new updates found.
2026-01-10 18:12:07,711 - telegram.ext.ExtBot - DEBUG - Calling Bot API endpoint `getUpdates` with parameters `{'timeout': datetime.timedelta(seconds=10), 'offset': 328648466, 'allowed_updates': [<UpdateType.MESSAGE>, <UpdateType.EDITED_MESSAGE>, <UpdateType.CHANNEL_POST>, <UpdateType.EDITED_CHANNEL_POST>, <UpdateType.INLINE_QUERY>, <UpdateType.CHOSEN_INLINE_RESULT>, <UpdateType.CALLBACK_QUERY>, <UpdateType.SHIPPING_QUERY>, <UpdateType.PRE_CHECKOUT_QUERY>, <UpdateType.POLL>, <UpdateType.POLL_ANSWER>, <UpdateType.MY_CHAT_MEMBER>, <UpdateType.CHAT_MEMBER>, <UpdateType.CHAT_JOIN_REQUEST>, <UpdateType.CHAT_BOOST>, <UpdateType.REMOVED_CHAT_BOOST>, <UpdateType.MESSAGE_REACTION>, <UpdateType.MESSAGE_REACTION_COUNT>, <UpdateType.BUSINESS_CONNECTION>, <UpdateType.BUSINESS_MESSAGE>, <UpdateType.EDITED_BUSINESS_MESSAGE>, <UpdateType.DELETED_BUSINESS_MESSAGES>, <UpdateType.PURCHASED_PAID_MEDIA>]}`
2026-01-10 18:12:07,712 - httpcore.http11 - DEBUG - send_request_headers.started request=<Request [b'POST']>
2026-01-10 18:12:07,712 - httpcore.http11 - DEBUG - send_request_headers.complete
2026-01-10 18:12:07,712 - httpcore.http11 - DEBUG - send_request_body.started request=<Request [b'POST']>
2026-01-10 18:12:07,712 - httpcore.http11 - DEBUG - send_request_body.complete
2026-01-10 18:12:07,713 - httpcore.http11 - DEBUG - receive_response_headers.started request=<Request [b'POST']>
2026-01-10 18:12:16,573 - pymongo.topology - DEBUG - {"message": "Server heartbeat succeeded", "topologyId": {"$oid": "6962785d3127086e3f0188e5"}, "driverConnectionId": 1, "serverConnectionId": 221, "serverHost": "localhost", "serverPort": 27017, "awaited": true, "durationMS": 10140.804249793291, "reply": "{\"isWritablePrimary\": true, \"topologyVersion\": {\"processId\": {\"$oid\": \"695c03b553e27f5a444409fe\"}}, \"maxBsonObjectSize\": 16777216, \"maxMessageSizeBytes\": 48000000, \"maxWriteBatchSize\": 100000, \"localTime\": {\"$date\": \"2026-01-10T16:12:16.573Z\"}, \"logicalSessionTimeoutMinutes\": 30, \"connectionId\": 221, \"maxWireVersion\": 27, \"ok\": 1.0}"}
2026-01-10 18:12:16,574 - pymongo.topology - DEBUG - {"message": "Server heartbeat started", "topologyId": {"$oid": "6962785d3127086e3f0188e5"}, "driverConnectionId": 1, "serverConnectionId": 221, "serverHost": "localhost", "serverPort": 27017, "awaited": true}
2026-01-10 18:12:17,846 - httpcore.http11 - DEBUG - receive_response_headers.complete return_value=(b'HTTP/1.1', 200, b'OK', [(b'Server', b'nginx/1.18.0'), (b'Date', b'Sat, 10 Jan 2026 16:12:17 GMT'), (b'Content-Type', b'application/json'), (b'Content-Length', b'23'), (b'Connection', b'keep-alive'), (b'Strict-Transport-Security', b'max-age=31536000; includeSubDomains; preload'), (b'Access-Control-Allow-Origin', b'*'), (b'Access-Control-Allow-Methods', b'GET, POST, OPTIONS'), (b'Access-Control-Expose-Headers', b'Content-Length,Content-Type,Date,Server,Connection')])
2026-01-10 18:12:17,846 - httpx - INFO - HTTP Request: POST https://api.telegram.org/bot8490932438:AAFVy70Urq5Cj0h7gUKJbECBv3z9-apYZtM/getUpdates "HTTP/1.1 200 OK"
2026-01-10 18:12:17,846 - httpcore.http11 - DEBUG - receive_response_body.started request=<Request [b'POST']>
2026-01-10 18:12:17,846 - httpcore.http11 - DEBUG - receive_response_body.complete
2026-01-10 18:12:17,846 - httpcore.http11 - DEBUG - response_closed.started
2026-01-10 18:12:17,847 - httpcore.http11 - DEBUG - response_closed.complete
2026-01-10 18:12:17,847 - telegram.ext.ExtBot - DEBUG - Call to Bot API endpoint `getUpdates` finished with return value `[]`
2026-01-10 18:12:17,847 - telegram.ext.ExtBot - DEBUG - No new updates found.
2026-01-10 18:12:17,847 - telegram.ext.ExtBot - DEBUG - Calling Bot API endpoint `getUpdates` with parameters `{'timeout': datetime.timedelta(seconds=10), 'offset': 328648466, 'allowed_updates': [<UpdateType.MESSAGE>, <UpdateType.EDITED_MESSAGE>, <UpdateType.CHANNEL_POST>, <UpdateType.EDITED_CHANNEL_POST>, <UpdateType.INLINE_QUERY>, <UpdateType.CHOSEN_INLINE_RESULT>, <UpdateType.CALLBACK_QUERY>, <UpdateType.SHIPPING_QUERY>, <UpdateType.PRE_CHECKOUT_QUERY>, <UpdateType.POLL>, <UpdateType.POLL_ANSWER>, <UpdateType.MY_CHAT_MEMBER>, <UpdateType.CHAT_MEMBER>, <UpdateType.CHAT_JOIN_REQUEST>, <UpdateType.CHAT_BOOST>, <UpdateType.REMOVED_CHAT_BOOST>, <UpdateType.MESSAGE_REACTION>, <UpdateType.MESSAGE_REACTION_COUNT>, <UpdateType.BUSINESS_CONNECTION>, <UpdateType.BUSINESS_MESSAGE>, <UpdateType.EDITED_BUSINESS_MESSAGE>, <UpdateType.DELETED_BUSINESS_MESSAGES>, <UpdateType.PURCHASED_PAID_MEDIA>]}`
2026-01-10 18:12:17,848 - httpcore.http11 - DEBUG - send_request_headers.started request=<Request [b'POST']>
2026-01-10 18:12:17,848 - httpcore.http11 - DEBUG - send_request_headers.complete
2026-01-10 18:12:17,848 - httpcore.http11 - DEBUG - send_request_body.started request=<Request [b'POST']>
2026-01-10 18:12:17,849 - httpcore.http11 - DEBUG - send_request_body.complete
2026-01-10 18:12:17,849 - httpcore.http11 - DEBUG - receive_response_headers.started request=<Request [b'POST']>
2026-01-10 18:12:26,634 - pymongo.topology - DEBUG - {"message": "Server heartbeat succeeded", "topologyId": {"$oid": "6962785d3127086e3f0188e5"}, "driverConnectionId": 1, "serverConnectionId": 221, "serverHost": "localhost", "serverPort": 27017, "awaited": true, "durationMS": 10059.58770820871, "reply": "{\"isWritablePrimary\": true, \"topologyVersion\": {\"processId\": {\"$oid\": \"695c03b553e27f5a444409fe\"}}, \"maxBsonObjectSize\": 16777216, \"maxMessageSizeBytes\": 48000000, \"maxWriteBatchSize\": 100000, \"localTime\": {\"$date\": \"2026-01-10T16:12:26.633Z\"}, \"logicalSessionTimeoutMinutes\": 30, \"connectionId\": 221, \"maxWireVersion\": 27, \"ok\": 1.0}"}
2026-01-10 18:12:26,635 - pymongo.topology - DEBUG - {"message": "Server heartbeat started", "topologyId": {"$oid": "6962785d3127086e3f0188e5"}, "driverConnectionId": 1, "serverConnectionId": 221, "serverHost": "localhost", "serverPort": 27017, "awaited": true}
2026-01-10 18:12:27,984 - httpcore.http11 - DEBUG - receive_response_headers.complete return_value=(b'HTTP/1.1', 200, b'OK', [(b'Server', b'nginx/1.18.0'), (b'Date', b'Sat, 10 Jan 2026 16:12:28 GMT'), (b'Content-Type', b'application/json'), (b'Content-Length', b'23'), (b'Connection', b'keep-alive'), (b'Strict-Transport-Security', b'max-age=31536000; includeSubDomains; preload'), (b'Access-Control-Allow-Origin', b'*'), (b'Access-Control-Allow-Methods', b'GET, POST, OPTIONS'), (b'Access-Control-Expose-Headers', b'Content-Length,Content-Type,Date,Server,Connection')])
2026-01-10 18:12:27,984 - httpx - INFO - HTTP Request: POST https://api.telegram.org/bot8490932438:AAFVy70Urq5Cj0h7gUKJbECBv3z9-apYZtM/getUpdates "HTTP/1.1 200 OK"
2026-01-10 18:12:27,984 - httpcore.http11 - DEBUG - receive_response_body.started request=<Request [b'POST']>
2026-01-10 18:12:27,985 - httpcore.http11 - DEBUG - receive_response_body.complete
2026-01-10 18:12:27,985 - httpcore.http11 - DEBUG - response_closed.started
2026-01-10 18:12:27,985 - httpcore.http11 - DEBUG - response_closed.complete
2026-01-10 18:12:27,985 - telegram.ext.ExtBot - DEBUG - Call to Bot API endpoint `getUpdates` finished with return value `[]`
2026-01-10 18:12:27,986 - telegram.ext.ExtBot - DEBUG - No new updates found.
2026-01-10 18:12:27,986 - telegram.ext.ExtBot - DEBUG - Calling Bot API endpoint `getUpdates` with parameters `{'timeout': datetime.timedelta(seconds=10), 'offset': 328648466, 'allowed_updates': [<UpdateType.MESSAGE>, <UpdateType.EDITED_MESSAGE>, <UpdateType.CHANNEL_POST>, <UpdateType.EDITED_CHANNEL_POST>, <UpdateType.INLINE_QUERY>, <UpdateType.CHOSEN_INLINE_RESULT>, <UpdateType.CALLBACK_QUERY>, <UpdateType.SHIPPING_QUERY>, <UpdateType.PRE_CHECKOUT_QUERY>, <UpdateType.POLL>, <UpdateType.POLL_ANSWER>, <UpdateType.MY_CHAT_MEMBER>, <UpdateType.CHAT_MEMBER>, <UpdateType.CHAT_JOIN_REQUEST>, <UpdateType.CHAT_BOOST>, <UpdateType.REMOVED_CHAT_BOOST>, <UpdateType.MESSAGE_REACTION>, <UpdateType.MESSAGE_REACTION_COUNT>, <UpdateType.BUSINESS_CONNECTION>, <UpdateType.BUSINESS_MESSAGE>, <UpdateType.EDITED_BUSINESS_MESSAGE>, <UpdateType.DELETED_BUSINESS_MESSAGES>, <UpdateType.PURCHASED_PAID_MEDIA>]}`
2026-01-10 18:12:27,987 - httpcore.http11 - DEBUG - send_request_headers.started request=<Request [b'POST']>
2026-01-10 18:12:27,987 - httpcore.http11 - DEBUG - send_request_headers.complete
2026-01-10 18:12:27,987 - httpcore.http11 - DEBUG - send_request_body.started request=<Request [b'POST']>
2026-01-10 18:12:27,988 - httpcore.http11 - DEBUG - send_request_body.complete
2026-01-10 18:12:27,988 - httpcore.http11 - DEBUG - receive_response_headers.started request=<Request [b'POST']>
2026-01-10 18:12:36,637 - pymongo.topology - DEBUG - {"message": "Server heartbeat succeeded", "topologyId": {"$oid": "6962785d3127086e3f0188e5"}, "driverConnectionId": 1, "serverConnectionId": 221, "serverHost": "localhost", "serverPort": 27017, "awaited": true, "durationMS": 10002.168416976929, "reply": "{\"isWritablePrimary\": true, \"topologyVersion\": {\"processId\": {\"$oid\": \"695c03b553e27f5a444409fe\"}}, \"maxBsonObjectSize\": 16777216, \"maxMessageSizeBytes\": 48000000, \"maxWriteBatchSize\": 100000, \"localTime\": {\"$date\": \"2026-01-10T16:12:36.637Z\"}, \"logicalSessionTimeoutMinutes\": 30, \"connectionId\": 221, \"maxWireVersion\": 27, \"ok\": 1.0}"}
2026-01-10 18:12:36,638 - pymongo.topology - DEBUG - {"message": "Server heartbeat started", "topologyId": {"$oid": "6962785d3127086e3f0188e5"}, "driverConnectionId": 1, "serverConnectionId": 221, "serverHost": "localhost", "serverPort": 27017, "awaited": true}
2026-01-10 18:12:38,122 - httpcore.http11 - DEBUG - receive_response_headers.complete return_value=(b'HTTP/1.1', 200, b'OK', [(b'Server', b'nginx/1.18.0'), (b'Date', b'Sat, 10 Jan 2026 16:12:38 GMT'), (b'Content-Type', b'application/json'), (b'Content-Length', b'23'), (b'Connection', b'keep-alive'), (b'Strict-Transport-Security', b'max-age=31536000; includeSubDomains; preload'), (b'Access-Control-Allow-Origin', b'*'), (b'Access-Control-Allow-Methods', b'GET, POST, OPTIONS'), (b'Access-Control-Expose-Headers', b'Content-Length,Content-Type,Date,Server,Connection')])
2026-01-10 18:12:38,122 - httpx - INFO - HTTP Request: POST https://api.telegram.org/bot8490932438:AAFVy70Urq5Cj0h7gUKJbECBv3z9-apYZtM/getUpdates "HTTP/1.1 200 OK"
2026-01-10 18:12:38,123 - httpcore.http11 - DEBUG - receive_response_body.started request=<Request [b'POST']>
2026-01-10 18:12:38,123 - httpcore.http11 - DEBUG - receive_response_body.complete
2026-01-10 18:12:38,123 - httpcore.http11 - DEBUG - response_closed.started
2026-01-10 18:12:38,124 - httpcore.http11 - DEBUG - response_closed.complete
2026-01-10 18:12:38,124 - telegram.ext.ExtBot - DEBUG - Call to Bot API endpoint `getUpdates` finished with return value `[]`
2026-01-10 18:12:38,124 - telegram.ext.ExtBot - DEBUG - No new updates found.
2026-01-10 18:12:38,125 - telegram.ext.ExtBot - DEBUG - Calling Bot API endpoint `getUpdates` with parameters `{'timeout': datetime.timedelta(seconds=10), 'offset': 328648466, 'allowed_updates': [<UpdateType.MESSAGE>, <UpdateType.EDITED_MESSAGE>, <UpdateType.CHANNEL_POST>, <UpdateType.EDITED_CHANNEL_POST>, <UpdateType.INLINE_QUERY>, <UpdateType.CHOSEN_INLINE_RESULT>, <UpdateType.CALLBACK_QUERY>, <UpdateType.SHIPPING_QUERY>, <UpdateType.PRE_CHECKOUT_QUERY>, <UpdateType.POLL>, <UpdateType.POLL_ANSWER>, <UpdateType.MY_CHAT_MEMBER>, <UpdateType.CHAT_MEMBER>, <UpdateType.CHAT_JOIN_REQUEST>, <UpdateType.CHAT_BOOST>, <UpdateType.REMOVED_CHAT_BOOST>, <UpdateType.MESSAGE_REACTION>, <UpdateType.MESSAGE_REACTION_COUNT>, <UpdateType.BUSINESS_CONNECTION>, <UpdateType.BUSINESS_MESSAGE>, <UpdateType.EDITED_BUSINESS_MESSAGE>, <UpdateType.DELETED_BUSINESS_MESSAGES>, <UpdateType.PURCHASED_PAID_MEDIA>]}`
2026-01-10 18:12:38,126 - httpcore.http11 - DEBUG - send_request_headers.started request=<Request [b'POST']>
2026-01-10 18:12:38,126 - httpcore.http11 - DEBUG - send_request_headers.complete
2026-01-10 18:12:38,126 - httpcore.http11 - DEBUG - send_request_body.started request=<Request [b'POST']>
2026-01-10 18:12:38,126 - httpcore.http11 - DEBUG - send_request_body.complete
2026-01-10 18:12:38,127 - httpcore.http11 - DEBUG - receive_response_headers.started request=<Request [b'POST']>
2026-01-10 18:12:46,708 - pymongo.topology - DEBUG - {"message": "Server heartbeat succeeded", "topologyId": {"$oid": "6962785d3127086e3f0188e5"}, "driverConnectionId": 1, "serverConnectionId": 221, "serverHost": "localhost", "serverPort": 27017, "awaited": true, "durationMS": 10069.714499637485, "reply": "{\"isWritablePrimary\": true, \"topologyVersion\": {\"processId\": {\"$oid\": \"695c03b553e27f5a444409fe\"}}, \"maxBsonObjectSize\": 16777216, \"maxMessageSizeBytes\": 48000000, \"maxWriteBatchSize\": 100000, \"localTime\": {\"$date\": \"2026-01-10T16:12:46.708Z\"}, \"logicalSessionTimeoutMinutes\": 30, \"connectionId\": 221, \"maxWireVersion\": 27, \"ok\": 1.0}"}
2026-01-10 18:12:46,709 - pymongo.topology - DEBUG - {"message": "Server heartbeat started", "topologyId": {"$oid": "6962785d3127086e3f0188e5"}, "driverConnectionId": 1, "serverConnectionId": 221, "serverHost": "localhost", "serverPort": 27017, "awaited": true}
2026-01-10 18:12:48,260 - httpcore.http11 - DEBUG - receive_response_headers.complete return_value=(b'HTTP/1.1', 200, b'OK', [(b'Server', b'nginx/1.18.0'), (b'Date', b'Sat, 10 Jan 2026 16:12:48 GMT'), (b'Content-Type', b'application/json'), (b'Content-Length', b'23'), (b'Connection', b'keep-alive'), (b'Strict-Transport-Security', b'max-age=31536000; includeSubDomains; preload'), (b'Access-Control-Allow-Origin', b'*'), (b'Access-Control-Allow-Methods', b'GET, POST, OPTIONS'), (b'Access-Control-Expose-Headers', b'Content-Length,Content-Type,Date,Server,Connection')])
2026-01-10 18:12:48,261 - httpx - INFO - HTTP Request: POST https://api.telegram.org/bot8490932438:AAFVy70Urq5Cj0h7gUKJbECBv3z9-apYZtM/getUpdates "HTTP/1.1 200 OK"
2026-01-10 18:12:48,261 - httpcore.http11 - DEBUG - receive_response_body.started request=<Request [b'POST']>
2026-01-10 18:12:48,261 - httpcore.http11 - DEBUG - receive_response_body.complete
2026-01-10 18:12:48,261 - httpcore.http11 - DEBUG - response_closed.started
2026-01-10 18:12:48,262 - httpcore.http11 - DEBUG - response_closed.complete
2026-01-10 18:12:48,262 - telegram.ext.ExtBot - DEBUG - Call to Bot API endpoint `getUpdates` finished with return value `[]`
2026-01-10 18:12:48,262 - telegram.ext.ExtBot - DEBUG - No new updates found.
2026-01-10 18:12:48,263 - telegram.ext.ExtBot - DEBUG - Calling Bot API endpoint `getUpdates` with parameters `{'timeout': datetime.timedelta(seconds=10), 'offset': 328648466, 'allowed_updates': [<UpdateType.MESSAGE>, <UpdateType.EDITED_MESSAGE>, <UpdateType.CHANNEL_POST>, <UpdateType.EDITED_CHANNEL_POST>, <UpdateType.INLINE_QUERY>, <UpdateType.CHOSEN_INLINE_RESULT>, <UpdateType.CALLBACK_QUERY>, <UpdateType.SHIPPING_QUERY>, <UpdateType.PRE_CHECKOUT_QUERY>, <UpdateType.POLL>, <UpdateType.POLL_ANSWER>, <UpdateType.MY_CHAT_MEMBER>, <UpdateType.CHAT_MEMBER>, <UpdateType.CHAT_JOIN_REQUEST>, <UpdateType.CHAT_BOOST>, <UpdateType.REMOVED_CHAT_BOOST>, <UpdateType.MESSAGE_REACTION>, <UpdateType.MESSAGE_REACTION_COUNT>, <UpdateType.BUSINESS_CONNECTION>, <UpdateType.BUSINESS_MESSAGE>, <UpdateType.EDITED_BUSINESS_MESSAGE>, <UpdateType.DELETED_BUSINESS_MESSAGES>, <UpdateType.PURCHASED_PAID_MEDIA>]}`
2026-01-10 18:12:48,264 - httpcore.http11 - DEBUG - send_request_headers.started request=<Request [b'POST']>
2026-01-10 18:12:48,264 - httpcore.http11 - DEBUG - send_request_headers.complete
2026-01-10 18:12:48,264 - httpcore.http11 - DEBUG - send_request_body.started request=<Request [b'POST']>
2026-01-10 18:12:48,265 - httpcore.http11 - DEBUG - send_request_body.complete
2026-01-10 18:12:48,265 - httpcore.http11 - DEBUG - receive_response_headers.started request=<Request [b'POST']>
2026-01-10 18:12:56,856 - pymongo.topology - DEBUG - {"message": "Server heartbeat succeeded", "topologyId": {"$oid": "6962785d3127086e3f0188e5"}, "driverConnectionId": 1, "serverConnectionId": 221, "serverHost": "localhost", "serverPort": 27017, "awaited": true, "durationMS": 10146.967499982566, "reply": "{\"isWritablePrimary\": true, \"topologyVersion\": {\"processId\": {\"$oid\": \"695c03b553e27f5a444409fe\"}}, \"maxBsonObjectSize\": 16777216, \"maxMessageSizeBytes\": 48000000, \"maxWriteBatchSize\": 100000, \"localTime\": {\"$date\": \"2026-01-10T16:12:56.856Z\"}, \"logicalSessionTimeoutMinutes\": 30, \"connectionId\": 221, \"maxWireVersion\": 27, \"ok\": 1.0}"}
2026-01-10 18:12:56,857 - pymongo.topology - DEBUG - {"message": "Server heartbeat started", "topologyId": {"$oid": "6962785d3127086e3f0188e5"}, "driverConnectionId": 1, "serverConnectionId": 221, "serverHost": "localhost", "serverPort": 27017, "awaited": true}
2026-01-10 18:12:58,397 - httpcore.http11 - DEBUG - receive_response_headers.complete return_value=(b'HTTP/1.1', 200, b'OK', [(b'Server', b'nginx/1.18.0'), (b'Date', b'Sat, 10 Jan 2026 16:12:58 GMT'), (b'Content-Type', b'application/json'), (b'Content-Length', b'23'), (b'Connection', b'keep-alive'), (b'Strict-Transport-Security', b'max-age=31536000; includeSubDomains; preload'), (b'Access-Control-Allow-Origin', b'*'), (b'Access-Control-Allow-Methods', b'GET, POST, OPTIONS'), (b'Access-Control-Expose-Headers', b'Content-Length,Content-Type,Date,Server,Connection')])
2026-01-10 18:12:58,398 - httpx - INFO - HTTP Request: POST https://api.telegram.org/bot8490932438:AAFVy70Urq5Cj0h7gUKJbECBv3z9-apYZtM/getUpdates "HTTP/1.1 200 OK"
2026-01-10 18:12:58,398 - httpcore.http11 - DEBUG - receive_response_body.started request=<Request [b'POST']>
2026-01-10 18:12:58,398 - httpcore.http11 - DEBUG - receive_response_body.complete
2026-01-10 18:12:58,398 - httpcore.http11 - DEBUG - response_closed.started
2026-01-10 18:12:58,399 - httpcore.http11 - DEBUG - response_closed.complete
2026-01-10 18:12:58,399 - telegram.ext.ExtBot - DEBUG - Call to Bot API endpoint `getUpdates` finished with return value `[]`
2026-01-10 18:12:58,399 - telegram.ext.ExtBot - DEBUG - No new updates found.
2026-01-10 18:12:58,400 - telegram.ext.ExtBot - DEBUG - Calling Bot API endpoint `getUpdates` with parameters `{'timeout': datetime.timedelta(seconds=10), 'offset': 328648466, 'allowed_updates': [<UpdateType.MESSAGE>, <UpdateType.EDITED_MESSAGE>, <UpdateType.CHANNEL_POST>, <UpdateType.EDITED_CHANNEL_POST>, <UpdateType.INLINE_QUERY>, <UpdateType.CHOSEN_INLINE_RESULT>, <UpdateType.CALLBACK_QUERY>, <UpdateType.SHIPPING_QUERY>, <UpdateType.PRE_CHECKOUT_QUERY>, <UpdateType.POLL>, <UpdateType.POLL_ANSWER>, <UpdateType.MY_CHAT_MEMBER>, <UpdateType.CHAT_MEMBER>, <UpdateType.CHAT_JOIN_REQUEST>, <UpdateType.CHAT_BOOST>, <UpdateType.REMOVED_CHAT_BOOST>, <UpdateType.MESSAGE_REACTION>, <UpdateType.MESSAGE_REACTION_COUNT>, <UpdateType.BUSINESS_CONNECTION>, <UpdateType.BUSINESS_MESSAGE>, <UpdateType.EDITED_BUSINESS_MESSAGE>, <UpdateType.DELETED_BUSINESS_MESSAGES>, <UpdateType.PURCHASED_PAID_MEDIA>]}`
2026-01-10 18:12:58,401 - httpcore.http11 - DEBUG - send_request_headers.started request=<Request [b'POST']>
2026-01-10 18:12:58,401 - httpcore.http11 - DEBUG - send_request_headers.complete
2026-01-10 18:12:58,401 - httpcore.http11 - DEBUG - send_request_body.started request=<Request [b'POST']>
2026-01-10 18:12:58,402 - httpcore.http11 - DEBUG - send_request_body.complete
2026-01-10 18:12:58,402 - httpcore.http11 - DEBUG - receive_response_headers.started request=<Request [b'POST']>
2026-01-10 18:13:06,956 - pymongo.topology - DEBUG - {"message": "Server heartbeat succeeded", "topologyId": {"$oid": "6962785d3127086e3f0188e5"}, "driverConnectionId": 1, "serverConnectionId": 221, "serverHost": "localhost", "serverPort": 27017, "awaited": true, "durationMS": 10099.073459394276, "reply": "{\"isWritablePrimary\": true, \"topologyVersion\": {\"processId\": {\"$oid\": \"695c03b553e27f5a444409fe\"}}, \"maxBsonObjectSize\": 16777216, \"maxMessageSizeBytes\": 48000000, \"maxWriteBatchSize\": 100000, \"localTime\": {\"$date\": \"2026-01-10T16:13:06.956Z\"}, \"logicalSessionTimeoutMinutes\": 30, \"connectionId\": 221, \"maxWireVersion\": 27, \"ok\": 1.0}"}
2026-01-10 18:13:06,957 - pymongo.topology - DEBUG - {"message": "Server heartbeat started", "topologyId": {"$oid": "6962785d3127086e3f0188e5"}, "driverConnectionId": 1, "serverConnectionId": 221, "serverHost": "localhost", "serverPort": 27017, "awaited": true}
2026-01-10 18:13:08,535 - httpcore.http11 - DEBUG - receive_response_headers.complete return_value=(b'HTTP/1.1', 200, b'OK', [(b'Server', b'nginx/1.18.0'), (b'Date', b'Sat, 10 Jan 2026 16:13:08 GMT'), (b'Content-Type', b'application/json'), (b'Content-Length', b'23'), (b'Connection', b'keep-alive'), (b'Strict-Transport-Security', b'max-age=31536000; includeSubDomains; preload'), (b'Access-Control-Allow-Origin', b'*'), (b'Access-Control-Allow-Methods', b'GET, POST, OPTIONS'), (b'Access-Control-Expose-Headers', b'Content-Length,Content-Type,Date,Server,Connection')])
2026-01-10 18:13:08,535 - httpx - INFO - HTTP Request: POST https://api.telegram.org/bot8490932438:AAFVy70Urq5Cj0h7gUKJbECBv3z9-apYZtM/getUpdates "HTTP/1.1 200 OK"
2026-01-10 18:13:08,536 - httpcore.http11 - DEBUG - receive_response_body.started request=<Request [b'POST']>
2026-01-10 18:13:08,536 - httpcore.http11 - DEBUG - receive_response_body.complete
2026-01-10 18:13:08,536 - httpcore.http11 - DEBUG - response_closed.started
2026-01-10 18:13:08,536 - httpcore.http11 - DEBUG - response_closed.complete
2026-01-10 18:13:08,537 - telegram.ext.ExtBot - DEBUG - Call to Bot API endpoint `getUpdates` finished with return value `[]`
2026-01-10 18:13:08,537 - telegram.ext.ExtBot - DEBUG - No new updates found.
2026-01-10 18:13:08,538 - telegram.ext.ExtBot - DEBUG - Calling Bot API endpoint `getUpdates` with parameters `{'timeout': datetime.timedelta(seconds=10), 'offset': 328648466, 'allowed_updates': [<UpdateType.MESSAGE>, <UpdateType.EDITED_MESSAGE>, <UpdateType.CHANNEL_POST>, <UpdateType.EDITED_CHANNEL_POST>, <UpdateType.INLINE_QUERY>, <UpdateType.CHOSEN_INLINE_RESULT>, <UpdateType.CALLBACK_QUERY>, <UpdateType.SHIPPING_QUERY>, <UpdateType.PRE_CHECKOUT_QUERY>, <UpdateType.POLL>, <UpdateType.POLL_ANSWER>, <UpdateType.MY_CHAT_MEMBER>, <UpdateType.CHAT_MEMBER>, <UpdateType.CHAT_JOIN_REQUEST>, <UpdateType.CHAT_BOOST>, <UpdateType.REMOVED_CHAT_BOOST>, <UpdateType.MESSAGE_REACTION>, <UpdateType.MESSAGE_REACTION_COUNT>, <UpdateType.BUSINESS_CONNECTION>, <UpdateType.BUSINESS_MESSAGE>, <UpdateType.EDITED_BUSINESS_MESSAGE>, <UpdateType.DELETED_BUSINESS_MESSAGES>, <UpdateType.PURCHASED_PAID_MEDIA>]}`
2026-01-10 18:13:08,538 - httpcore.http11 - DEBUG - send_request_headers.started request=<Request [b'POST']>
2026-01-10 18:13:08,539 - httpcore.http11 - DEBUG - send_request_headers.complete
2026-01-10 18:13:08,539 - httpcore.http11 - DEBUG - send_request_body.started request=<Request [b'POST']>
2026-01-10 18:13:08,539 - httpcore.http11 - DEBUG - send_request_body.complete
2026-01-10 18:13:08,540 - httpcore.http11 - DEBUG - receive_response_headers.started request=<Request [b'POST']>
2026-01-10 18:13:17,103 - pymongo.topology - DEBUG - {"message": "Server heartbeat succeeded", "topologyId": {"$oid": "6962785d3127086e3f0188e5"}, "driverConnectionId": 1, "serverConnectionId": 221, "serverHost": "localhost", "serverPort": 27017, "awaited": true, "durationMS": 10145.511458162218, "reply": "{\"isWritablePrimary\": true, \"topologyVersion\": {\"processId\": {\"$oid\": \"695c03b553e27f5a444409fe\"}}, \"maxBsonObjectSize\": 16777216, \"maxMessageSizeBytes\": 48000000, \"maxWriteBatchSize\": 100000, \"localTime\": {\"$date\": \"2026-01-10T16:13:17.102Z\"}, \"logicalSessionTimeoutMinutes\": 30, \"connectionId\": 221, \"maxWireVersion\": 27, \"ok\": 1.0}"}
2026-01-10 18:13:17,104 - pymongo.topology - DEBUG - {"message": "Server heartbeat started", "topologyId": {"$oid": "6962785d3127086e3f0188e5"}, "driverConnectionId": 1, "serverConnectionId": 221, "serverHost": "localhost", "serverPort": 27017, "awaited": true}
2026-01-10 18:13:18,671 - httpcore.http11 - DEBUG - receive_response_headers.complete return_value=(b'HTTP/1.1', 200, b'OK', [(b'Server', b'nginx/1.18.0'), (b'Date', b'Sat, 10 Jan 2026 16:13:18 GMT'), (b'Content-Type', b'application/json'), (b'Content-Length', b'23'), (b'Connection', b'keep-alive'), (b'Strict-Transport-Security', b'max-age=31536000; includeSubDomains; preload'), (b'Access-Control-Allow-Origin', b'*'), (b'Access-Control-Allow-Methods', b'GET, POST, OPTIONS'), (b'Access-Control-Expose-Headers', b'Content-Length,Content-Type,Date,Server,Connection')])
2026-01-10 18:13:18,671 - httpx - INFO - HTTP Request: POST https://api.telegram.org/bot8490932438:AAFVy70Urq5Cj0h7gUKJbECBv3z9-apYZtM/getUpdates "HTTP/1.1 200 OK"
2026-01-10 18:13:18,672 - httpcore.http11 - DEBUG - receive_response_body.started request=<Request [b'POST']>
2026-01-10 18:13:18,672 - httpcore.http11 - DEBUG - receive_response_body.complete
2026-01-10 18:13:18,672 - httpcore.http11 - DEBUG - response_closed.started
2026-01-10 18:13:18,672 - httpcore.http11 - DEBUG - response_closed.complete
2026-01-10 18:13:18,673 - telegram.ext.ExtBot - DEBUG - Call to Bot API endpoint `getUpdates` finished with return value `[]`
2026-01-10 18:13:18,673 - telegram.ext.ExtBot - DEBUG - No new updates found.
2026-01-10 18:13:18,673 - telegram.ext.ExtBot - DEBUG - Calling Bot API endpoint `getUpdates` with parameters `{'timeout': datetime.timedelta(seconds=10), 'offset': 328648466, 'allowed_updates': [<UpdateType.MESSAGE>, <UpdateType.EDITED_MESSAGE>, <UpdateType.CHANNEL_POST>, <UpdateType.EDITED_CHANNEL_POST>, <UpdateType.INLINE_QUERY>, <UpdateType.CHOSEN_INLINE_RESULT>, <UpdateType.CALLBACK_QUERY>, <UpdateType.SHIPPING_QUERY>, <UpdateType.PRE_CHECKOUT_QUERY>, <UpdateType.POLL>, <UpdateType.POLL_ANSWER>, <UpdateType.MY_CHAT_MEMBER>, <UpdateType.CHAT_MEMBER>, <UpdateType.CHAT_JOIN_REQUEST>, <UpdateType.CHAT_BOOST>, <UpdateType.REMOVED_CHAT_BOOST>, <UpdateType.MESSAGE_REACTION>, <UpdateType.MESSAGE_REACTION_COUNT>, <UpdateType.BUSINESS_CONNECTION>, <UpdateType.BUSINESS_MESSAGE>, <UpdateType.EDITED_BUSINESS_MESSAGE>, <UpdateType.DELETED_BUSINESS_MESSAGES>, <UpdateType.PURCHASED_PAID_MEDIA>]}`
2026-01-10 18:13:18,674 - httpcore.http11 - DEBUG - send_request_headers.started request=<Request [b'POST']>
2026-01-10 18:13:18,675 - httpcore.http11 - DEBUG - send_request_headers.complete
2026-01-10 18:13:18,675 - httpcore.http11 - DEBUG - send_request_body.started request=<Request [b'POST']>
2026-01-10 18:13:18,675 - httpcore.http11 - DEBUG - send_request_body.complete
2026-01-10 18:13:18,675 - httpcore.http11 - DEBUG - receive_response_headers.started request=<Request [b'POST']>
2026-01-10 18:13:27,170 - pymongo.topology - DEBUG - {"message": "Server heartbeat succeeded", "topologyId": {"$oid": "6962785d3127086e3f0188e5"}, "driverConnectionId": 1, "serverConnectionId": 221, "serverHost": "localhost", "serverPort": 27017, "awaited": true, "durationMS": 10065.46958303079, "reply": "{\"isWritablePrimary\": true, \"topologyVersion\": {\"processId\": {\"$oid\": \"695c03b553e27f5a444409fe\"}}, \"maxBsonObjectSize\": 16777216, \"maxMessageSizeBytes\": 48000000, \"maxWriteBatchSize\": 100000, \"localTime\": {\"$date\": \"2026-01-10T16:13:27.169Z\"}, \"logicalSessionTimeoutMinutes\": 30, \"connectionId\": 221, \"maxWireVersion\": 27, \"ok\": 1.0}"}
2026-01-10 18:13:27,170 - pymongo.topology - DEBUG - {"message": "Server heartbeat started", "topologyId": {"$oid": "6962785d3127086e3f0188e5"}, "driverConnectionId": 1, "serverConnectionId": 221, "serverHost": "localhost", "serverPort": 27017, "awaited": true}
2026-01-10 18:13:28,811 - httpcore.http11 - DEBUG - receive_response_headers.complete return_value=(b'HTTP/1.1', 200, b'OK', [(b'Server', b'nginx/1.18.0'), (b'Date', b'Sat, 10 Jan 2026 16:13:28 GMT'), (b'Content-Type', b'application/json'), (b'Content-Length', b'23'), (b'Connection', b'keep-alive'), (b'Strict-Transport-Security', b'max-age=31536000; includeSubDomains; preload'), (b'Access-Control-Allow-Origin', b'*'), (b'Access-Control-Allow-Methods', b'GET, POST, OPTIONS'), (b'Access-Control-Expose-Headers', b'Content-Length,Content-Type,Date,Server,Connection')])
2026-01-10 18:13:28,812 - httpx - INFO - HTTP Request: POST https://api.telegram.org/bot8490932438:AAFVy70Urq5Cj0h7gUKJbECBv3z9-apYZtM/getUpdates "HTTP/1.1 200 OK"
2026-01-10 18:13:28,812 - httpcore.http11 - DEBUG - receive_response_body.started request=<Request [b'POST']>
2026-01-10 18:13:28,812 - httpcore.http11 - DEBUG - receive_response_body.complete
2026-01-10 18:13:28,812 - httpcore.http11 - DEBUG - response_closed.started
2026-01-10 18:13:28,812 - httpcore.http11 - DEBUG - response_closed.complete
2026-01-10 18:13:28,813 - telegram.ext.ExtBot - DEBUG - Call to Bot API endpoint `getUpdates` finished with return value `[]`
2026-01-10 18:13:28,813 - telegram.ext.ExtBot - DEBUG - No new updates found.
2026-01-10 18:13:28,813 - telegram.ext.ExtBot - DEBUG - Calling Bot API endpoint `getUpdates` with parameters `{'timeout': datetime.timedelta(seconds=10), 'offset': 328648466, 'allowed_updates': [<UpdateType.MESSAGE>, <UpdateType.EDITED_MESSAGE>, <UpdateType.CHANNEL_POST>, <UpdateType.EDITED_CHANNEL_POST>, <UpdateType.INLINE_QUERY>, <UpdateType.CHOSEN_INLINE_RESULT>, <UpdateType.CALLBACK_QUERY>, <UpdateType.SHIPPING_QUERY>, <UpdateType.PRE_CHECKOUT_QUERY>, <UpdateType.POLL>, <UpdateType.POLL_ANSWER>, <UpdateType.MY_CHAT_MEMBER>, <UpdateType.CHAT_MEMBER>, <UpdateType.CHAT_JOIN_REQUEST>, <UpdateType.CHAT_BOOST>, <UpdateType.REMOVED_CHAT_BOOST>, <UpdateType.MESSAGE_REACTION>, <UpdateType.MESSAGE_REACTION_COUNT>, <UpdateType.BUSINESS_CONNECTION>, <UpdateType.BUSINESS_MESSAGE>, <UpdateType.EDITED_BUSINESS_MESSAGE>, <UpdateType.DELETED_BUSINESS_MESSAGES>, <UpdateType.PURCHASED_PAID_MEDIA>]}`
2026-01-10 18:13:28,814 - httpcore.http11 - DEBUG - send_request_headers.started request=<Request [b'POST']>
2026-01-10 18:13:28,814 - httpcore.http11 - DEBUG - send_request_headers.complete
2026-01-10 18:13:28,815 - httpcore.http11 - DEBUG - send_request_body.started request=<Request [b'POST']>
2026-01-10 18:13:28,815 - httpcore.http11 - DEBUG - send_request_body.complete
2026-01-10 18:13:28,815 - httpcore.http11 - DEBUG - receive_response_headers.started request=<Request [b'POST']>
2026-01-10 18:13:37,189 - pymongo.topology - DEBUG - {"message": "Server heartbeat succeeded", "topologyId": {"$oid": "6962785d3127086e3f0188e5"}, "driverConnectionId": 1, "serverConnectionId": 221, "serverHost": "localhost", "serverPort": 27017, "awaited": true, "durationMS": 10018.375291954726, "reply": "{\"isWritablePrimary\": true, \"topologyVersion\": {\"processId\": {\"$oid\": \"695c03b553e27f5a444409fe\"}}, \"maxBsonObjectSize\": 16777216, \"maxMessageSizeBytes\": 48000000, \"maxWriteBatchSize\": 100000, \"localTime\": {\"$date\": \"2026-01-10T16:13:37.188Z\"}, \"logicalSessionTimeoutMinutes\": 30, \"connectionId\": 221, \"maxWireVersion\": 27, \"ok\": 1.0}"}
2026-01-10 18:13:37,190 - pymongo.topology - DEBUG - {"message": "Server heartbeat started", "topologyId": {"$oid": "6962785d3127086e3f0188e5"}, "driverConnectionId": 1, "serverConnectionId": 221, "serverHost": "localhost", "serverPort": 27017, "awaited": true}
2026-01-10 18:13:38,947 - httpcore.http11 - DEBUG - receive_response_headers.complete return_value=(b'HTTP/1.1', 200, b'OK', [(b'Server', b'nginx/1.18.0'), (b'Date', b'Sat, 10 Jan 2026 16:13:39 GMT'), (b'Content-Type', b'application/json'), (b'Content-Length', b'23'), (b'Connection', b'keep-alive'), (b'Strict-Transport-Security', b'max-age=31536000; includeSubDomains; preload'), (b'Access-Control-Allow-Origin', b'*'), (b'Access-Control-Allow-Methods', b'GET, POST, OPTIONS'), (b'Access-Control-Expose-Headers', b'Content-Length,Content-Type,Date,Server,Connection')])
2026-01-10 18:13:38,948 - httpx - INFO - HTTP Request: POST https://api.telegram.org/bot8490932438:AAFVy70Urq5Cj0h7gUKJbECBv3z9-apYZtM/getUpdates "HTTP/1.1 200 OK"
2026-01-10 18:13:38,948 - httpcore.http11 - DEBUG - receive_response_body.started request=<Request [b'POST']>
2026-01-10 18:13:38,948 - httpcore.http11 - DEBUG - receive_response_body.complete
2026-01-10 18:13:38,948 - httpcore.http11 - DEBUG - response_closed.started
2026-01-10 18:13:38,948 - httpcore.http11 - DEBUG - response_closed.complete
2026-01-10 18:13:38,949 - telegram.ext.ExtBot - DEBUG - Call to Bot API endpoint `getUpdates` finished with return value `[]`
2026-01-10 18:13:38,949 - telegram.ext.ExtBot - DEBUG - No new updates found.
2026-01-10 18:13:38,949 - telegram.ext.ExtBot - DEBUG - Calling Bot API endpoint `getUpdates` with parameters `{'timeout': datetime.timedelta(seconds=10), 'offset': 328648466, 'allowed_updates': [<UpdateType.MESSAGE>, <UpdateType.EDITED_MESSAGE>, <UpdateType.CHANNEL_POST>, <UpdateType.EDITED_CHANNEL_POST>, <UpdateType.INLINE_QUERY>, <UpdateType.CHOSEN_INLINE_RESULT>, <UpdateType.CALLBACK_QUERY>, <UpdateType.SHIPPING_QUERY>, <UpdateType.PRE_CHECKOUT_QUERY>, <UpdateType.POLL>, <UpdateType.POLL_ANSWER>, <UpdateType.MY_CHAT_MEMBER>, <UpdateType.CHAT_MEMBER>, <UpdateType.CHAT_JOIN_REQUEST>, <UpdateType.CHAT_BOOST>, <UpdateType.REMOVED_CHAT_BOOST>, <UpdateType.MESSAGE_REACTION>, <UpdateType.MESSAGE_REACTION_COUNT>, <UpdateType.BUSINESS_CONNECTION>, <UpdateType.BUSINESS_MESSAGE>, <UpdateType.EDITED_BUSINESS_MESSAGE>, <UpdateType.DELETED_BUSINESS_MESSAGES>, <UpdateType.PURCHASED_PAID_MEDIA>]}`
2026-01-10 18:13:38,950 - httpcore.http11 - DEBUG - send_request_headers.started request=<Request [b'POST']>
2026-01-10 18:13:38,950 - httpcore.http11 - DEBUG - send_request_headers.complete
2026-01-10 18:13:38,950 - httpcore.http11 - DEBUG - send_request_body.started request=<Request [b'POST']>
2026-01-10 18:13:38,951 - httpcore.http11 - DEBUG - send_request_body.complete
2026-01-10 18:13:38,951 - httpcore.http11 - DEBUG - receive_response_headers.started request=<Request [b'POST']>
2026-01-10 18:13:47,311 - pymongo.topology - DEBUG - {"message": "Server heartbeat succeeded", "topologyId": {"$oid": "6962785d3127086e3f0188e5"}, "driverConnectionId": 1, "serverConnectionId": 221, "serverHost": "localhost", "serverPort": 27017, "awaited": true, "durationMS": 10121.27770902589, "reply": "{\"isWritablePrimary\": true, \"topologyVersion\": {\"processId\": {\"$oid\": \"695c03b553e27f5a444409fe\"}}, \"maxBsonObjectSize\": 16777216, \"maxMessageSizeBytes\": 48000000, \"maxWriteBatchSize\": 100000, \"localTime\": {\"$date\": \"2026-01-10T16:13:47.310Z\"}, \"logicalSessionTimeoutMinutes\": 30, \"connectionId\": 221, \"maxWireVersion\": 27, \"ok\": 1.0}"}
2026-01-10 18:13:47,312 - pymongo.topology - DEBUG - {"message": "Server heartbeat started", "topologyId": {"$oid": "6962785d3127086e3f0188e5"}, "driverConnectionId": 1, "serverConnectionId": 221, "serverHost": "localhost", "serverPort": 27017, "awaited": true}
2026-01-10 18:13:49,035 - httpcore.http11 - DEBUG - receive_response_headers.complete return_value=(b'HTTP/1.1', 200, b'OK', [(b'Server', b'nginx/1.18.0'), (b'Date', b'Sat, 10 Jan 2026 16:13:49 GMT'), (b'Content-Type', b'application/json'), (b'Content-Length', b'23'), (b'Connection', b'keep-alive'), (b'Strict-Transport-Security', b'max-age=31536000; includeSubDomains; preload'), (b'Access-Control-Allow-Origin', b'*'), (b'Access-Control-Allow-Methods', b'GET, POST, OPTIONS'), (b'Access-Control-Expose-Headers', b'Content-Length,Content-Type,Date,Server,Connection')])
2026-01-10 18:13:49,035 - httpx - INFO - HTTP Request: POST https://api.telegram.org/bot8490932438:AAFVy70Urq5Cj0h7gUKJbECBv3z9-apYZtM/getUpdates "HTTP/1.1 200 OK"
2026-01-10 18:13:49,035 - httpcore.http11 - DEBUG - receive_response_body.started request=<Request [b'POST']>
2026-01-10 18:13:49,036 - httpcore.http11 - DEBUG - receive_response_body.complete
2026-01-10 18:13:49,036 - httpcore.http11 - DEBUG - response_closed.started
2026-01-10 18:13:49,036 - httpcore.http11 - DEBUG - response_closed.complete
2026-01-10 18:13:49,036 - telegram.ext.ExtBot - DEBUG - Call to Bot API endpoint `getUpdates` finished with return value `[]`
2026-01-10 18:13:49,036 - telegram.ext.ExtBot - DEBUG - No new updates found.
2026-01-10 18:13:49,037 - telegram.ext.ExtBot - DEBUG - Calling Bot API endpoint `getUpdates` with parameters `{'timeout': datetime.timedelta(seconds=10), 'offset': 328648466, 'allowed_updates': [<UpdateType.MESSAGE>, <UpdateType.EDITED_MESSAGE>, <UpdateType.CHANNEL_POST>, <UpdateType.EDITED_CHANNEL_POST>, <UpdateType.INLINE_QUERY>, <UpdateType.CHOSEN_INLINE_RESULT>, <UpdateType.CALLBACK_QUERY>, <UpdateType.SHIPPING_QUERY>, <UpdateType.PRE_CHECKOUT_QUERY>, <UpdateType.POLL>, <UpdateType.POLL_ANSWER>, <UpdateType.MY_CHAT_MEMBER>, <UpdateType.CHAT_MEMBER>, <UpdateType.CHAT_JOIN_REQUEST>, <UpdateType.CHAT_BOOST>, <UpdateType.REMOVED_CHAT_BOOST>, <UpdateType.MESSAGE_REACTION>, <UpdateType.MESSAGE_REACTION_COUNT>, <UpdateType.BUSINESS_CONNECTION>, <UpdateType.BUSINESS_MESSAGE>, <UpdateType.EDITED_BUSINESS_MESSAGE>, <UpdateType.DELETED_BUSINESS_MESSAGES>, <UpdateType.PURCHASED_PAID_MEDIA>]}`
2026-01-10 18:13:49,038 - httpcore.http11 - DEBUG - send_request_headers.started request=<Request [b'POST']>
2026-01-10 18:13:49,038 - httpcore.http11 - DEBUG - send_request_headers.complete
2026-01-10 18:13:49,038 - httpcore.http11 - DEBUG - send_request_body.started request=<Request [b'POST']>
2026-01-10 18:13:49,039 - httpcore.http11 - DEBUG - send_request_body.complete
2026-01-10 18:13:49,039 - httpcore.http11 - DEBUG - receive_response_headers.started request=<Request [b'POST']>
2026-01-10 18:13:57,411 - pymongo.topology - DEBUG - {"message": "Server heartbeat succeeded", "topologyId": {"$oid": "6962785d3127086e3f0188e5"}, "driverConnectionId": 1, "serverConnectionId": 221, "serverHost": "localhost", "serverPort": 27017, "awaited": true, "durationMS": 10099.048416130245, "reply": "{\"isWritablePrimary\": true, \"topologyVersion\": {\"processId\": {\"$oid\": \"695c03b553e27f5a444409fe\"}}, \"maxBsonObjectSize\": 16777216, \"maxMessageSizeBytes\": 48000000, \"maxWriteBatchSize\": 100000, \"localTime\": {\"$date\": \"2026-01-10T16:13:57.410Z\"}, \"logicalSessionTimeoutMinutes\": 30, \"connectionId\": 221, \"maxWireVersion\": 27, \"ok\": 1.0}"}
2026-01-10 18:13:57,412 - pymongo.topology - DEBUG - {"message": "Server heartbeat started", "topologyId": {"$oid": "6962785d3127086e3f0188e5"}, "driverConnectionId": 1, "serverConnectionId": 221, "serverHost": "localhost", "serverPort": 27017, "awaited": true}
2026-01-10 18:13:59,221 - httpcore.http11 - DEBUG - receive_response_headers.complete return_value=(b'HTTP/1.1', 200, b'OK', [(b'Server', b'nginx/1.18.0'), (b'Date', b'Sat, 10 Jan 2026 16:13:59 GMT'), (b'Content-Type', b'application/json'), (b'Content-Length', b'23'), (b'Connection', b'keep-alive'), (b'Strict-Transport-Security', b'max-age=31536000; includeSubDomains; preload'), (b'Access-Control-Allow-Origin', b'*'), (b'Access-Control-Allow-Methods', b'GET, POST, OPTIONS'), (b'Access-Control-Expose-Headers', b'Content-Length,Content-Type,Date,Server,Connection')])
2026-01-10 18:13:59,222 - httpx - INFO - HTTP Request: POST https://api.telegram.org/bot8490932438:AAFVy70Urq5Cj0h7gUKJbECBv3z9-apYZtM/getUpdates "HTTP/1.1 200 OK"
2026-01-10 18:13:59,222 - httpcore.http11 - DEBUG - receive_response_body.started request=<Request [b'POST']>
2026-01-10 18:13:59,222 - httpcore.http11 - DEBUG - receive_response_body.complete
2026-01-10 18:13:59,222 - httpcore.http11 - DEBUG - response_closed.started
2026-01-10 18:13:59,223 - httpcore.http11 - DEBUG - response_closed.complete
2026-01-10 18:13:59,223 - telegram.ext.ExtBot - DEBUG - Call to Bot API endpoint `getUpdates` finished with return value `[]`
2026-01-10 18:13:59,223 - telegram.ext.ExtBot - DEBUG - No new updates found.
2026-01-10 18:13:59,223 - telegram.ext.ExtBot - DEBUG - Calling Bot API endpoint `getUpdates` with parameters `{'timeout': datetime.timedelta(seconds=10), 'offset': 328648466, 'allowed_updates': [<UpdateType.MESSAGE>, <UpdateType.EDITED_MESSAGE>, <UpdateType.CHANNEL_POST>, <UpdateType.EDITED_CHANNEL_POST>, <UpdateType.INLINE_QUERY>, <UpdateType.CHOSEN_INLINE_RESULT>, <UpdateType.CALLBACK_QUERY>, <UpdateType.SHIPPING_QUERY>, <UpdateType.PRE_CHECKOUT_QUERY>, <UpdateType.POLL>, <UpdateType.POLL_ANSWER>, <UpdateType.MY_CHAT_MEMBER>, <UpdateType.CHAT_MEMBER>, <UpdateType.CHAT_JOIN_REQUEST>, <UpdateType.CHAT_BOOST>, <UpdateType.REMOVED_CHAT_BOOST>, <UpdateType.MESSAGE_REACTION>, <UpdateType.MESSAGE_REACTION_COUNT>, <UpdateType.BUSINESS_CONNECTION>, <UpdateType.BUSINESS_MESSAGE>, <UpdateType.EDITED_BUSINESS_MESSAGE>, <UpdateType.DELETED_BUSINESS_MESSAGES>, <UpdateType.PURCHASED_PAID_MEDIA>]}`
2026-01-10 18:13:59,224 - httpcore.http11 - DEBUG - send_request_headers.started request=<Request [b'POST']>
2026-01-10 18:13:59,225 - httpcore.http11 - DEBUG - send_request_headers.complete
2026-01-10 18:13:59,225 - httpcore.http11 - DEBUG - send_request_body.started request=<Request [b'POST']>
2026-01-10 18:13:59,225 - httpcore.http11 - DEBUG - send_request_body.complete
2026-01-10 18:13:59,225 - httpcore.http11 - DEBUG - receive_response_headers.started request=<Request [b'POST']>
2026-01-10 18:14:07,436 - pymongo.topology - DEBUG - {"message": "Server heartbeat succeeded", "topologyId": {"$oid": "6962785d3127086e3f0188e5"}, "driverConnectionId": 1, "serverConnectionId": 221, "serverHost": "localhost", "serverPort": 27017, "awaited": true, "durationMS": 10023.771582636982, "reply": "{\"isWritablePrimary\": true, \"topologyVersion\": {\"processId\": {\"$oid\": \"695c03b553e27f5a444409fe\"}}, \"maxBsonObjectSize\": 16777216, \"maxMessageSizeBytes\": 48000000, \"maxWriteBatchSize\": 100000, \"localTime\": {\"$date\": \"2026-01-10T16:14:07.435Z\"}, \"logicalSessionTimeoutMinutes\": 30, \"connectionId\": 221, \"maxWireVersion\": 27, \"ok\": 1.0}"}
2026-01-10 18:14:07,436 - pymongo.topology - DEBUG - {"message": "Server heartbeat started", "topologyId": {"$oid": "6962785d3127086e3f0188e5"}, "driverConnectionId": 1, "serverConnectionId": 221, "serverHost": "localhost", "serverPort": 27017, "awaited": true}
2026-01-10 18:14:09,359 - httpcore.http11 - DEBUG - receive_response_headers.complete return_value=(b'HTTP/1.1', 200, b'OK', [(b'Server', b'nginx/1.18.0'), (b'Date', b'Sat, 10 Jan 2026 16:14:09 GMT'), (b'Content-Type', b'application/json'), (b'Content-Length', b'23'), (b'Connection', b'keep-alive'), (b'Strict-Transport-Security', b'max-age=31536000; includeSubDomains; preload'), (b'Access-Control-Allow-Origin', b'*'), (b'Access-Control-Allow-Methods', b'GET, POST, OPTIONS'), (b'Access-Control-Expose-Headers', b'Content-Length,Content-Type,Date,Server,Connection')])
2026-01-10 18:14:09,360 - httpx - INFO - HTTP Request: POST https://api.telegram.org/bot8490932438:AAFVy70Urq5Cj0h7gUKJbECBv3z9-apYZtM/getUpdates "HTTP/1.1 200 OK"
2026-01-10 18:14:09,360 - httpcore.http11 - DEBUG - receive_response_body.started request=<Request [b'POST']>
2026-01-10 18:14:09,360 - httpcore.http11 - DEBUG - receive_response_body.complete
2026-01-10 18:14:09,360 - httpcore.http11 - DEBUG - response_closed.started
2026-01-10 18:14:09,360 - httpcore.http11 - DEBUG - response_closed.complete
2026-01-10 18:14:09,361 - telegram.ext.ExtBot - DEBUG - Call to Bot API endpoint `getUpdates` finished with return value `[]`
2026-01-10 18:14:09,361 - telegram.ext.ExtBot - DEBUG - No new updates found.
2026-01-10 18:14:09,361 - telegram.ext.ExtBot - DEBUG - Calling Bot API endpoint `getUpdates` with parameters `{'timeout': datetime.timedelta(seconds=10), 'offset': 328648466, 'allowed_updates': [<UpdateType.MESSAGE>, <UpdateType.EDITED_MESSAGE>, <UpdateType.CHANNEL_POST>, <UpdateType.EDITED_CHANNEL_POST>, <UpdateType.INLINE_QUERY>, <UpdateType.CHOSEN_INLINE_RESULT>, <UpdateType.CALLBACK_QUERY>, <UpdateType.SHIPPING_QUERY>, <UpdateType.PRE_CHECKOUT_QUERY>, <UpdateType.POLL>, <UpdateType.POLL_ANSWER>, <UpdateType.MY_CHAT_MEMBER>, <UpdateType.CHAT_MEMBER>, <UpdateType.CHAT_JOIN_REQUEST>, <UpdateType.CHAT_BOOST>, <UpdateType.REMOVED_CHAT_BOOST>, <UpdateType.MESSAGE_REACTION>, <UpdateType.MESSAGE_REACTION_COUNT>, <UpdateType.BUSINESS_CONNECTION>, <UpdateType.BUSINESS_MESSAGE>, <UpdateType.EDITED_BUSINESS_MESSAGE>, <UpdateType.DELETED_BUSINESS_MESSAGES>, <UpdateType.PURCHASED_PAID_MEDIA>]}`
2026-01-10 18:14:09,362 - httpcore.http11 - DEBUG - send_request_headers.started request=<Request [b'POST']>
2026-01-10 18:14:09,362 - httpcore.http11 - DEBUG - send_request_headers.complete
2026-01-10 18:14:09,362 - httpcore.http11 - DEBUG - send_request_body.started request=<Request [b'POST']>
2026-01-10 18:14:09,363 - httpcore.http11 - DEBUG - send_request_body.complete
2026-01-10 18:14:09,363 - httpcore.http11 - DEBUG - receive_response_headers.started request=<Request [b'POST']>
2026-01-10 18:14:17,582 - pymongo.topology - DEBUG - {"message": "Server heartbeat succeeded", "topologyId": {"$oid": "6962785d3127086e3f0188e5"}, "driverConnectionId": 1, "serverConnectionId": 221, "serverHost": "localhost", "serverPort": 27017, "awaited": true, "durationMS": 10145.547667052597, "reply": "{\"isWritablePrimary\": true, \"topologyVersion\": {\"processId\": {\"$oid\": \"695c03b553e27f5a444409fe\"}}, \"maxBsonObjectSize\": 16777216, \"maxMessageSizeBytes\": 48000000, \"maxWriteBatchSize\": 100000, \"localTime\": {\"$date\": \"2026-01-10T16:14:17.582Z\"}, \"logicalSessionTimeoutMinutes\": 30, \"connectionId\": 221, \"maxWireVersion\": 27, \"ok\": 1.0}"}
2026-01-10 18:14:17,583 - pymongo.topology - DEBUG - {"message": "Server heartbeat started", "topologyId": {"$oid": "6962785d3127086e3f0188e5"}, "driverConnectionId": 1, "serverConnectionId": 221, "serverHost": "localhost", "serverPort": 27017, "awaited": true}
2026-01-10 18:14:19,444 - httpcore.http11 - DEBUG - receive_response_headers.complete return_value=(b'HTTP/1.1', 200, b'OK', [(b'Server', b'nginx/1.18.0'), (b'Date', b'Sat, 10 Jan 2026 16:14:19 GMT'), (b'Content-Type', b'application/json'), (b'Content-Length', b'23'), (b'Connection', b'keep-alive'), (b'Strict-Transport-Security', b'max-age=31536000; includeSubDomains; preload'), (b'Access-Control-Allow-Origin', b'*'), (b'Access-Control-Allow-Methods', b'GET, POST, OPTIONS'), (b'Access-Control-Expose-Headers', b'Content-Length,Content-Type,Date,Server,Connection')])
2026-01-10 18:14:19,444 - httpx - INFO - HTTP Request: POST https://api.telegram.org/bot8490932438:AAFVy70Urq5Cj0h7gUKJbECBv3z9-apYZtM/getUpdates "HTTP/1.1 200 OK"
2026-01-10 18:14:19,444 - httpcore.http11 - DEBUG - receive_response_body.started request=<Request [b'POST']>
2026-01-10 18:14:19,445 - httpcore.http11 - DEBUG - receive_response_body.complete
2026-01-10 18:14:19,445 - httpcore.http11 - DEBUG - response_closed.started
2026-01-10 18:14:19,445 - httpcore.http11 - DEBUG - response_closed.complete
2026-01-10 18:14:19,445 - telegram.ext.ExtBot - DEBUG - Call to Bot API endpoint `getUpdates` finished with return value `[]`
2026-01-10 18:14:19,445 - telegram.ext.ExtBot - DEBUG - No new updates found.
2026-01-10 18:14:19,446 - telegram.ext.ExtBot - DEBUG - Calling Bot API endpoint `getUpdates` with parameters `{'timeout': datetime.timedelta(seconds=10), 'offset': 328648466, 'allowed_updates': [<UpdateType.MESSAGE>, <UpdateType.EDITED_MESSAGE>, <UpdateType.CHANNEL_POST>, <UpdateType.EDITED_CHANNEL_POST>, <UpdateType.INLINE_QUERY>, <UpdateType.CHOSEN_INLINE_RESULT>, <UpdateType.CALLBACK_QUERY>, <UpdateType.SHIPPING_QUERY>, <UpdateType.PRE_CHECKOUT_QUERY>, <UpdateType.POLL>, <UpdateType.POLL_ANSWER>, <UpdateType.MY_CHAT_MEMBER>, <UpdateType.CHAT_MEMBER>, <UpdateType.CHAT_JOIN_REQUEST>, <UpdateType.CHAT_BOOST>, <UpdateType.REMOVED_CHAT_BOOST>, <UpdateType.MESSAGE_REACTION>, <UpdateType.MESSAGE_REACTION_COUNT>, <UpdateType.BUSINESS_CONNECTION>, <UpdateType.BUSINESS_MESSAGE>, <UpdateType.EDITED_BUSINESS_MESSAGE>, <UpdateType.DELETED_BUSINESS_MESSAGES>, <UpdateType.PURCHASED_PAID_MEDIA>]}`
2026-01-10 18:14:19,446 - httpcore.http11 - DEBUG - send_request_headers.started request=<Request [b'POST']>
2026-01-10 18:14:19,447 - httpcore.http11 - DEBUG - send_request_headers.complete
2026-01-10 18:14:19,447 - httpcore.http11 - DEBUG - send_request_body.started request=<Request [b'POST']>
2026-01-10 18:14:19,447 - httpcore.http11 - DEBUG - send_request_body.complete
2026-01-10 18:14:19,447 - httpcore.http11 - DEBUG - receive_response_headers.started request=<Request [b'POST']>
2026-01-10 18:14:27,689 - pymongo.topology - DEBUG - {"message": "Server heartbeat succeeded", "topologyId": {"$oid": "6962785d3127086e3f0188e5"}, "driverConnectionId": 1, "serverConnectionId": 221, "serverHost": "localhost", "serverPort": 27017, "awaited": true, "durationMS": 10105.869457591325, "reply": "{\"isWritablePrimary\": true, \"topologyVersion\": {\"processId\": {\"$oid\": \"695c03b553e27f5a444409fe\"}}, \"maxBsonObjectSize\": 16777216, \"maxMessageSizeBytes\": 48000000, \"maxWriteBatchSize\": 100000, \"localTime\": {\"$date\": \"2026-01-10T16:14:27.688Z\"}, \"logicalSessionTimeoutMinutes\": 30, \"connectionId\": 221, \"maxWireVersion\": 27, \"ok\": 1.0}"}
2026-01-10 18:14:27,690 - pymongo.topology - DEBUG - {"message": "Server heartbeat started", "topologyId": {"$oid": "6962785d3127086e3f0188e5"}, "driverConnectionId": 1, "serverConnectionId": 221, "serverHost": "localhost", "serverPort": 27017, "awaited": true}
2026-01-10 18:14:29,635 - httpcore.http11 - DEBUG - receive_response_headers.complete return_value=(b'HTTP/1.1', 200, b'OK', [(b'Server', b'nginx/1.18.0'), (b'Date', b'Sat, 10 Jan 2026 16:14:29 GMT'), (b'Content-Type', b'application/json'), (b'Content-Length', b'23'), (b'Connection', b'keep-alive'), (b'Strict-Transport-Security', b'max-age=31536000; includeSubDomains; preload'), (b'Access-Control-Allow-Origin', b'*'), (b'Access-Control-Allow-Methods', b'GET, POST, OPTIONS'), (b'Access-Control-Expose-Headers', b'Content-Length,Content-Type,Date,Server,Connection')])
2026-01-10 18:14:29,636 - httpx - INFO - HTTP Request: POST https://api.telegram.org/bot8490932438:AAFVy70Urq5Cj0h7gUKJbECBv3z9-apYZtM/getUpdates "HTTP/1.1 200 OK"
2026-01-10 18:14:29,636 - httpcore.http11 - DEBUG - receive_response_body.started request=<Request [b'POST']>
2026-01-10 18:14:29,636 - httpcore.http11 - DEBUG - receive_response_body.complete
2026-01-10 18:14:29,636 - httpcore.http11 - DEBUG - response_closed.started
2026-01-10 18:14:29,636 - httpcore.http11 - DEBUG - response_closed.complete
2026-01-10 18:14:29,637 - telegram.ext.ExtBot - DEBUG - Call to Bot API endpoint `getUpdates` finished with return value `[]`
2026-01-10 18:14:29,637 - telegram.ext.ExtBot - DEBUG - No new updates found.
2026-01-10 18:14:29,637 - telegram.ext.ExtBot - DEBUG - Calling Bot API endpoint `getUpdates` with parameters `{'timeout': datetime.timedelta(seconds=10), 'offset': 328648466, 'allowed_updates': [<UpdateType.MESSAGE>, <UpdateType.EDITED_MESSAGE>, <UpdateType.CHANNEL_POST>, <UpdateType.EDITED_CHANNEL_POST>, <UpdateType.INLINE_QUERY>, <UpdateType.CHOSEN_INLINE_RESULT>, <UpdateType.CALLBACK_QUERY>, <UpdateType.SHIPPING_QUERY>, <UpdateType.PRE_CHECKOUT_QUERY>, <UpdateType.POLL>, <UpdateType.POLL_ANSWER>, <UpdateType.MY_CHAT_MEMBER>, <UpdateType.CHAT_MEMBER>, <UpdateType.CHAT_JOIN_REQUEST>, <UpdateType.CHAT_BOOST>, <UpdateType.REMOVED_CHAT_BOOST>, <UpdateType.MESSAGE_REACTION>, <UpdateType.MESSAGE_REACTION_COUNT>, <UpdateType.BUSINESS_CONNECTION>, <UpdateType.BUSINESS_MESSAGE>, <UpdateType.EDITED_BUSINESS_MESSAGE>, <UpdateType.DELETED_BUSINESS_MESSAGES>, <UpdateType.PURCHASED_PAID_MEDIA>]}`
2026-01-10 18:14:29,638 - httpcore.http11 - DEBUG - send_request_headers.started request=<Request [b'POST']>
2026-01-10 18:14:29,638 - httpcore.http11 - DEBUG - send_request_headers.complete
2026-01-10 18:14:29,638 - httpcore.http11 - DEBUG - send_request_body.started request=<Request [b'POST']>
2026-01-10 18:14:29,639 - httpcore.http11 - DEBUG - send_request_body.complete
2026-01-10 18:14:29,639 - httpcore.http11 - DEBUG - receive_response_headers.started request=<Request [b'POST']>
2026-01-10 18:14:37,828 - pymongo.topology - DEBUG - {"message": "Server heartbeat succeeded", "topologyId": {"$oid": "6962785d3127086e3f0188e5"}, "driverConnectionId": 1, "serverConnectionId": 221, "serverHost": "localhost", "serverPort": 27017, "awaited": true, "durationMS": 10137.548041995615, "reply": "{\"isWritablePrimary\": true, \"topologyVersion\": {\"processId\": {\"$oid\": \"695c03b553e27f5a444409fe\"}}, \"maxBsonObjectSize\": 16777216, \"maxMessageSizeBytes\": 48000000, \"maxWriteBatchSize\": 100000, \"localTime\": {\"$date\": \"2026-01-10T16:14:37.827Z\"}, \"logicalSessionTimeoutMinutes\": 30, \"connectionId\": 221, \"maxWireVersion\": 27, \"ok\": 1.0}"}
2026-01-10 18:14:37,828 - pymongo.topology - DEBUG - {"message": "Server heartbeat started", "topologyId": {"$oid": "6962785d3127086e3f0188e5"}, "driverConnectionId": 1, "serverConnectionId": 221, "serverHost": "localhost", "serverPort": 27017, "awaited": true}
2026-01-10 18:14:39,721 - httpcore.http11 - DEBUG - receive_response_headers.complete return_value=(b'HTTP/1.1', 200, b'OK', [(b'Server', b'nginx/1.18.0'), (b'Date', b'Sat, 10 Jan 2026 16:14:39 GMT'), (b'Content-Type', b'application/json'), (b'Content-Length', b'23'), (b'Connection', b'keep-alive'), (b'Strict-Transport-Security', b'max-age=31536000; includeSubDomains; preload'), (b'Access-Control-Allow-Origin', b'*'), (b'Access-Control-Allow-Methods', b'GET, POST, OPTIONS'), (b'Access-Control-Expose-Headers', b'Content-Length,Content-Type,Date,Server,Connection')])
2026-01-10 18:14:39,722 - httpx - INFO - HTTP Request: POST https://api.telegram.org/bot8490932438:AAFVy70Urq5Cj0h7gUKJbECBv3z9-apYZtM/getUpdates "HTTP/1.1 200 OK"
2026-01-10 18:14:39,722 - httpcore.http11 - DEBUG - receive_response_body.started request=<Request [b'POST']>
2026-01-10 18:14:39,722 - httpcore.http11 - DEBUG - receive_response_body.complete
2026-01-10 18:14:39,722 - httpcore.http11 - DEBUG - response_closed.started
2026-01-10 18:14:39,722 - httpcore.http11 - DEBUG - response_closed.complete
2026-01-10 18:14:39,723 - telegram.ext.ExtBot - DEBUG - Call to Bot API endpoint `getUpdates` finished with return value `[]`
2026-01-10 18:14:39,723 - telegram.ext.ExtBot - DEBUG - No new updates found.
2026-01-10 18:14:39,723 - telegram.ext.ExtBot - DEBUG - Calling Bot API endpoint `getUpdates` with parameters `{'timeout': datetime.timedelta(seconds=10), 'offset': 328648466, 'allowed_updates': [<UpdateType.MESSAGE>, <UpdateType.EDITED_MESSAGE>, <UpdateType.CHANNEL_POST>, <UpdateType.EDITED_CHANNEL_POST>, <UpdateType.INLINE_QUERY>, <UpdateType.CHOSEN_INLINE_RESULT>, <UpdateType.CALLBACK_QUERY>, <UpdateType.SHIPPING_QUERY>, <UpdateType.PRE_CHECKOUT_QUERY>, <UpdateType.POLL>, <UpdateType.POLL_ANSWER>, <UpdateType.MY_CHAT_MEMBER>, <UpdateType.CHAT_MEMBER>, <UpdateType.CHAT_JOIN_REQUEST>, <UpdateType.CHAT_BOOST>, <UpdateType.REMOVED_CHAT_BOOST>, <UpdateType.MESSAGE_REACTION>, <UpdateType.MESSAGE_REACTION_COUNT>, <UpdateType.BUSINESS_CONNECTION>, <UpdateType.BUSINESS_MESSAGE>, <UpdateType.EDITED_BUSINESS_MESSAGE>, <UpdateType.DELETED_BUSINESS_MESSAGES>, <UpdateType.PURCHASED_PAID_MEDIA>]}`
2026-01-10 18:14:39,724 - httpcore.http11 - DEBUG - send_request_headers.started request=<Request [b'POST']>
2026-01-10 18:14:39,724 - httpcore.http11 - DEBUG - send_request_headers.complete
2026-01-10 18:14:39,724 - httpcore.http11 - DEBUG - send_request_body.started request=<Request [b'POST']>
2026-01-10 18:14:39,725 - httpcore.http11 - DEBUG - send_request_body.complete
2026-01-10 18:14:39,725 - httpcore.http11 - DEBUG - receive_response_headers.started request=<Request [b'POST']>
2026-01-10 18:14:47,965 - pymongo.topology - DEBUG - {"message": "Server heartbeat succeeded", "topologyId": {"$oid": "6962785d3127086e3f0188e5"}, "driverConnectionId": 1, "serverConnectionId": 221, "serverHost": "localhost", "serverPort": 27017, "awaited": true, "durationMS": 10136.886457912624, "reply": "{\"isWritablePrimary\": true, \"topologyVersion\": {\"processId\": {\"$oid\": \"695c03b553e27f5a444409fe\"}}, \"maxBsonObjectSize\": 16777216, \"maxMessageSizeBytes\": 48000000, \"maxWriteBatchSize\": 100000, \"localTime\": {\"$date\": \"2026-01-10T16:14:47.965Z\"}, \"logicalSessionTimeoutMinutes\": 30, \"connectionId\": 221, \"maxWireVersion\": 27, \"ok\": 1.0}"}
2026-01-10 18:14:47,966 - pymongo.topology - DEBUG - {"message": "Server heartbeat started", "topologyId": {"$oid": "6962785d3127086e3f0188e5"}, "driverConnectionId": 1, "serverConnectionId": 221, "serverHost": "localhost", "serverPort": 27017, "awaited": true}
2026-01-10 18:14:49,911 - httpcore.http11 - DEBUG - receive_response_headers.complete return_value=(b'HTTP/1.1', 200, b'OK', [(b'Server', b'nginx/1.18.0'), (b'Date', b'Sat, 10 Jan 2026 16:14:49 GMT'), (b'Content-Type', b'application/json'), (b'Content-Length', b'23'), (b'Connection', b'keep-alive'), (b'Strict-Transport-Security', b'max-age=31536000; includeSubDomains; preload'), (b'Access-Control-Allow-Origin', b'*'), (b'Access-Control-Allow-Methods', b'GET, POST, OPTIONS'), (b'Access-Control-Expose-Headers', b'Content-Length,Content-Type,Date,Server,Connection')])
2026-01-10 18:14:49,911 - httpx - INFO - HTTP Request: POST https://api.telegram.org/bot8490932438:AAFVy70Urq5Cj0h7gUKJbECBv3z9-apYZtM/getUpdates "HTTP/1.1 200 OK"
2026-01-10 18:14:49,912 - httpcore.http11 - DEBUG - receive_response_body.started request=<Request [b'POST']>
2026-01-10 18:14:49,912 - httpcore.http11 - DEBUG - receive_response_body.complete
2026-01-10 18:14:49,912 - httpcore.http11 - DEBUG - response_closed.started
2026-01-10 18:14:49,912 - httpcore.http11 - DEBUG - response_closed.complete
2026-01-10 18:14:49,913 - telegram.ext.ExtBot - DEBUG - Call to Bot API endpoint `getUpdates` finished with return value `[]`
2026-01-10 18:14:49,913 - telegram.ext.ExtBot - DEBUG - No new updates found.
2026-01-10 18:14:49,913 - telegram.ext.ExtBot - DEBUG - Calling Bot API endpoint `getUpdates` with parameters `{'timeout': datetime.timedelta(seconds=10), 'offset': 328648466, 'allowed_updates': [<UpdateType.MESSAGE>, <UpdateType.EDITED_MESSAGE>, <UpdateType.CHANNEL_POST>, <UpdateType.EDITED_CHANNEL_POST>, <UpdateType.INLINE_QUERY>, <UpdateType.CHOSEN_INLINE_RESULT>, <UpdateType.CALLBACK_QUERY>, <UpdateType.SHIPPING_QUERY>, <UpdateType.PRE_CHECKOUT_QUERY>, <UpdateType.POLL>, <UpdateType.POLL_ANSWER>, <UpdateType.MY_CHAT_MEMBER>, <UpdateType.CHAT_MEMBER>, <UpdateType.CHAT_JOIN_REQUEST>, <UpdateType.CHAT_BOOST>, <UpdateType.REMOVED_CHAT_BOOST>, <UpdateType.MESSAGE_REACTION>, <UpdateType.MESSAGE_REACTION_COUNT>, <UpdateType.BUSINESS_CONNECTION>, <UpdateType.BUSINESS_MESSAGE>, <UpdateType.EDITED_BUSINESS_MESSAGE>, <UpdateType.DELETED_BUSINESS_MESSAGES>, <UpdateType.PURCHASED_PAID_MEDIA>]}`
2026-01-10 18:14:49,914 - httpcore.http11 - DEBUG - send_request_headers.started request=<Request [b'POST']>
2026-01-10 18:14:49,914 - httpcore.http11 - DEBUG - send_request_headers.complete
2026-01-10 18:14:49,914 - httpcore.http11 - DEBUG - send_request_body.started request=<Request [b'POST']>
2026-01-10 18:14:49,915 - httpcore.http11 - DEBUG - send_request_body.complete
2026-01-10 18:14:49,915 - httpcore.http11 - DEBUG - receive_response_headers.started request=<Request [b'POST']>
2026-01-10 18:14:58,103 - pymongo.topology - DEBUG - {"message": "Server heartbeat succeeded", "topologyId": {"$oid": "6962785d3127086e3f0188e5"}, "driverConnectionId": 1, "serverConnectionId": 221, "serverHost": "localhost", "serverPort": 27017, "awaited": true, "durationMS": 10137.061667162925, "reply": "{\"isWritablePrimary\": true, \"topologyVersion\": {\"processId\": {\"$oid\": \"695c03b553e27f5a444409fe\"}}, \"maxBsonObjectSize\": 16777216, \"maxMessageSizeBytes\": 48000000, \"maxWriteBatchSize\": 100000, \"localTime\": {\"$date\": \"2026-01-10T16:14:58.103Z\"}, \"logicalSessionTimeoutMinutes\": 30, \"connectionId\": 221, \"maxWireVersion\": 27, \"ok\": 1.0}"}
2026-01-10 18:14:58,104 - pymongo.topology - DEBUG - {"message": "Server heartbeat started", "topologyId": {"$oid": "6962785d3127086e3f0188e5"}, "driverConnectionId": 1, "serverConnectionId": 221, "serverHost": "localhost", "serverPort": 27017, "awaited": true}
2026-01-10 18:14:59,997 - httpcore.http11 - DEBUG - receive_response_headers.complete return_value=(b'HTTP/1.1', 200, b'OK', [(b'Server', b'nginx/1.18.0'), (b'Date', b'Sat, 10 Jan 2026 16:15:00 GMT'), (b'Content-Type', b'application/json'), (b'Content-Length', b'23'), (b'Connection', b'keep-alive'), (b'Strict-Transport-Security', b'max-age=31536000; includeSubDomains; preload'), (b'Access-Control-Allow-Origin', b'*'), (b'Access-Control-Allow-Methods', b'GET, POST, OPTIONS'), (b'Access-Control-Expose-Headers', b'Content-Length,Content-Type,Date,Server,Connection')])
2026-01-10 18:14:59,997 - httpx - INFO - HTTP Request: POST https://api.telegram.org/bot8490932438:AAFVy70Urq5Cj0h7gUKJbECBv3z9-apYZtM/getUpdates "HTTP/1.1 200 OK"
2026-01-10 18:14:59,998 - httpcore.http11 - DEBUG - receive_response_body.started request=<Request [b'POST']>
2026-01-10 18:14:59,998 - httpcore.http11 - DEBUG - receive_response_body.complete
2026-01-10 18:14:59,998 - httpcore.http11 - DEBUG - response_closed.started
2026-01-10 18:14:59,998 - httpcore.http11 - DEBUG - response_closed.complete
2026-01-10 18:14:59,998 - telegram.ext.ExtBot - DEBUG - Call to Bot API endpoint `getUpdates` finished with return value `[]`
2026-01-10 18:14:59,998 - telegram.ext.ExtBot - DEBUG - No new updates found.
2026-01-10 18:14:59,999 - telegram.ext.ExtBot - DEBUG - Calling Bot API endpoint `getUpdates` with parameters `{'timeout': datetime.timedelta(seconds=10), 'offset': 328648466, 'allowed_updates': [<UpdateType.MESSAGE>, <UpdateType.EDITED_MESSAGE>, <UpdateType.CHANNEL_POST>, <UpdateType.EDITED_CHANNEL_POST>, <UpdateType.INLINE_QUERY>, <UpdateType.CHOSEN_INLINE_RESULT>, <UpdateType.CALLBACK_QUERY>, <UpdateType.SHIPPING_QUERY>, <UpdateType.PRE_CHECKOUT_QUERY>, <UpdateType.POLL>, <UpdateType.POLL_ANSWER>, <UpdateType.MY_CHAT_MEMBER>, <UpdateType.CHAT_MEMBER>, <UpdateType.CHAT_JOIN_REQUEST>, <UpdateType.CHAT_BOOST>, <UpdateType.REMOVED_CHAT_BOOST>, <UpdateType.MESSAGE_REACTION>, <UpdateType.MESSAGE_REACTION_COUNT>, <UpdateType.BUSINESS_CONNECTION>, <UpdateType.BUSINESS_MESSAGE>, <UpdateType.EDITED_BUSINESS_MESSAGE>, <UpdateType.DELETED_BUSINESS_MESSAGES>, <UpdateType.PURCHASED_PAID_MEDIA>]}`
2026-01-10 18:14:59,999 - httpcore.http11 - DEBUG - send_request_headers.started request=<Request [b'POST']>
2026-01-10 18:15:00,000 - httpcore.http11 - DEBUG - send_request_headers.complete
2026-01-10 18:15:00,000 - httpcore.http11 - DEBUG - send_request_body.started request=<Request [b'POST']>
2026-01-10 18:15:00,000 - httpcore.http11 - DEBUG - send_request_body.complete
2026-01-10 18:15:00,000 - httpcore.http11 - DEBUG - receive_response_headers.started request=<Request [b'POST']>
2026-01-10 18:15:08,232 - pymongo.topology - DEBUG - {"message": "Server heartbeat succeeded", "topologyId": {"$oid": "6962785d3127086e3f0188e5"}, "driverConnectionId": 1, "serverConnectionId": 221, "serverHost": "localhost", "serverPort": 27017, "awaited": true, "durationMS": 10127.534083090723, "reply": "{\"isWritablePrimary\": true, \"topologyVersion\": {\"processId\": {\"$oid\": \"695c03b553e27f5a444409fe\"}}, \"maxBsonObjectSize\": 16777216, \"maxMessageSizeBytes\": 48000000, \"maxWriteBatchSize\": 100000, \"localTime\": {\"$date\": \"2026-01-10T16:15:08.231Z\"}, \"logicalSessionTimeoutMinutes\": 30, \"connectionId\": 221, \"maxWireVersion\": 27, \"ok\": 1.0}"}
2026-01-10 18:15:08,232 - pymongo.topology - DEBUG - {"message": "Server heartbeat started", "topologyId": {"$oid": "6962785d3127086e3f0188e5"}, "driverConnectionId": 1, "serverConnectionId": 221, "serverHost": "localhost", "serverPort": 27017, "awaited": true}
2026-01-10 18:15:10,188 - httpcore.http11 - DEBUG - receive_response_headers.complete return_value=(b'HTTP/1.1', 200, b'OK', [(b'Server', b'nginx/1.18.0'), (b'Date', b'Sat, 10 Jan 2026 16:15:10 GMT'), (b'Content-Type', b'application/json'), (b'Content-Length', b'23'), (b'Connection', b'keep-alive'), (b'Strict-Transport-Security', b'max-age=31536000; includeSubDomains; preload'), (b'Access-Control-Allow-Origin', b'*'), (b'Access-Control-Allow-Methods', b'GET, POST, OPTIONS'), (b'Access-Control-Expose-Headers', b'Content-Length,Content-Type,Date,Server,Connection')])
2026-01-10 18:15:10,188 - httpx - INFO - HTTP Request: POST https://api.telegram.org/bot8490932438:AAFVy70Urq5Cj0h7gUKJbECBv3z9-apYZtM/getUpdates "HTTP/1.1 200 OK"
2026-01-10 18:15:10,188 - httpcore.http11 - DEBUG - receive_response_body.started request=<Request [b'POST']>
2026-01-10 18:15:10,188 - httpcore.http11 - DEBUG - receive_response_body.complete
2026-01-10 18:15:10,189 - httpcore.http11 - DEBUG - response_closed.started
2026-01-10 18:15:10,189 - httpcore.http11 - DEBUG - response_closed.complete
2026-01-10 18:15:10,189 - telegram.ext.ExtBot - DEBUG - Call to Bot API endpoint `getUpdates` finished with return value `[]`
2026-01-10 18:15:10,189 - telegram.ext.ExtBot - DEBUG - No new updates found.
2026-01-10 18:15:10,190 - telegram.ext.ExtBot - DEBUG - Calling Bot API endpoint `getUpdates` with parameters `{'timeout': datetime.timedelta(seconds=10), 'offset': 328648466, 'allowed_updates': [<UpdateType.MESSAGE>, <UpdateType.EDITED_MESSAGE>, <UpdateType.CHANNEL_POST>, <UpdateType.EDITED_CHANNEL_POST>, <UpdateType.INLINE_QUERY>, <UpdateType.CHOSEN_INLINE_RESULT>, <UpdateType.CALLBACK_QUERY>, <UpdateType.SHIPPING_QUERY>, <UpdateType.PRE_CHECKOUT_QUERY>, <UpdateType.POLL>, <UpdateType.POLL_ANSWER>, <UpdateType.MY_CHAT_MEMBER>, <UpdateType.CHAT_MEMBER>, <UpdateType.CHAT_JOIN_REQUEST>, <UpdateType.CHAT_BOOST>, <UpdateType.REMOVED_CHAT_BOOST>, <UpdateType.MESSAGE_REACTION>, <UpdateType.MESSAGE_REACTION_COUNT>, <UpdateType.BUSINESS_CONNECTION>, <UpdateType.BUSINESS_MESSAGE>, <UpdateType.EDITED_BUSINESS_MESSAGE>, <UpdateType.DELETED_BUSINESS_MESSAGES>, <UpdateType.PURCHASED_PAID_MEDIA>]}`
2026-01-10 18:15:10,190 - httpcore.http11 - DEBUG - send_request_headers.started request=<Request [b'POST']>
2026-01-10 18:15:10,191 - httpcore.http11 - DEBUG - send_request_headers.complete
2026-01-10 18:15:10,191 - httpcore.http11 - DEBUG - send_request_body.started request=<Request [b'POST']>
2026-01-10 18:15:10,191 - httpcore.http11 - DEBUG - send_request_body.complete
2026-01-10 18:15:10,191 - httpcore.http11 - DEBUG - receive_response_headers.started request=<Request [b'POST']>
2026-01-10 18:15:18,368 - pymongo.topology - DEBUG - {"message": "Server heartbeat succeeded", "topologyId": {"$oid": "6962785d3127086e3f0188e5"}, "driverConnectionId": 1, "serverConnectionId": 221, "serverHost": "localhost", "serverPort": 27017, "awaited": true, "durationMS": 10135.28454117477, "reply": "{\"isWritablePrimary\": true, \"topologyVersion\": {\"processId\": {\"$oid\": \"695c03b553e27f5a444409fe\"}}, \"maxBsonObjectSize\": 16777216, \"maxMessageSizeBytes\": 48000000, \"maxWriteBatchSize\": 100000, \"localTime\": {\"$date\": \"2026-01-10T16:15:18.367Z\"}, \"logicalSessionTimeoutMinutes\": 30, \"connectionId\": 221, \"maxWireVersion\": 27, \"ok\": 1.0}"}
2026-01-10 18:15:18,369 - pymongo.topology - DEBUG - {"message": "Server heartbeat started", "topologyId": {"$oid": "6962785d3127086e3f0188e5"}, "driverConnectionId": 1, "serverConnectionId": 221, "serverHost": "localhost", "serverPort": 27017, "awaited": true}
2026-01-10 18:15:20,279 - httpcore.http11 - DEBUG - receive_response_headers.complete return_value=(b'HTTP/1.1', 200, b'OK', [(b'Server', b'nginx/1.18.0'), (b'Date', b'Sat, 10 Jan 2026 16:15:20 GMT'), (b'Content-Type', b'application/json'), (b'Content-Length', b'23'), (b'Connection', b'keep-alive'), (b'Strict-Transport-Security', b'max-age=31536000; includeSubDomains; preload'), (b'Access-Control-Allow-Origin', b'*'), (b'Access-Control-Allow-Methods', b'GET, POST, OPTIONS'), (b'Access-Control-Expose-Headers', b'Content-Length,Content-Type,Date,Server,Connection')])
2026-01-10 18:15:20,280 - httpx - INFO - HTTP Request: POST https://api.telegram.org/bot8490932438:AAFVy70Urq5Cj0h7gUKJbECBv3z9-apYZtM/getUpdates "HTTP/1.1 200 OK"
2026-01-10 18:15:20,280 - httpcore.http11 - DEBUG - receive_response_body.started request=<Request [b'POST']>
2026-01-10 18:15:20,280 - httpcore.http11 - DEBUG - receive_response_body.complete
2026-01-10 18:15:20,280 - httpcore.http11 - DEBUG - response_closed.started
2026-01-10 18:15:20,280 - httpcore.http11 - DEBUG - response_closed.complete
2026-01-10 18:15:20,281 - telegram.ext.ExtBot - DEBUG - Call to Bot API endpoint `getUpdates` finished with return value `[]`
2026-01-10 18:15:20,281 - telegram.ext.ExtBot - DEBUG - No new updates found.
2026-01-10 18:15:20,281 - telegram.ext.ExtBot - DEBUG - Calling Bot API endpoint `getUpdates` with parameters `{'timeout': datetime.timedelta(seconds=10), 'offset': 328648466, 'allowed_updates': [<UpdateType.MESSAGE>, <UpdateType.EDITED_MESSAGE>, <UpdateType.CHANNEL_POST>, <UpdateType.EDITED_CHANNEL_POST>, <UpdateType.INLINE_QUERY>, <UpdateType.CHOSEN_INLINE_RESULT>, <UpdateType.CALLBACK_QUERY>, <UpdateType.SHIPPING_QUERY>, <UpdateType.PRE_CHECKOUT_QUERY>, <UpdateType.POLL>, <UpdateType.POLL_ANSWER>, <UpdateType.MY_CHAT_MEMBER>, <UpdateType.CHAT_MEMBER>, <UpdateType.CHAT_JOIN_REQUEST>, <UpdateType.CHAT_BOOST>, <UpdateType.REMOVED_CHAT_BOOST>, <UpdateType.MESSAGE_REACTION>, <UpdateType.MESSAGE_REACTION_COUNT>, <UpdateType.BUSINESS_CONNECTION>, <UpdateType.BUSINESS_MESSAGE>, <UpdateType.EDITED_BUSINESS_MESSAGE>, <UpdateType.DELETED_BUSINESS_MESSAGES>, <UpdateType.PURCHASED_PAID_MEDIA>]}`
2026-01-10 18:15:20,282 - httpcore.http11 - DEBUG - send_request_headers.started request=<Request [b'POST']>
2026-01-10 18:15:20,282 - httpcore.http11 - DEBUG - send_request_headers.complete
2026-01-10 18:15:20,282 - httpcore.http11 - DEBUG - send_request_body.started request=<Request [b'POST']>
2026-01-10 18:15:20,282 - httpcore.http11 - DEBUG - send_request_body.complete
2026-01-10 18:15:20,282 - httpcore.http11 - DEBUG - receive_response_headers.started request=<Request [b'POST']>
2026-01-10 18:15:28,499 - pymongo.topology - DEBUG - {"message": "Server heartbeat succeeded", "topologyId": {"$oid": "6962785d3127086e3f0188e5"}, "driverConnectionId": 1, "serverConnectionId": 221, "serverHost": "localhost", "serverPort": 27017, "awaited": true, "durationMS": 10130.198291968554, "reply": "{\"isWritablePrimary\": true, \"topologyVersion\": {\"processId\": {\"$oid\": \"695c03b553e27f5a444409fe\"}}, \"maxBsonObjectSize\": 16777216, \"maxMessageSizeBytes\": 48000000, \"maxWriteBatchSize\": 100000, \"localTime\": {\"$date\": \"2026-01-10T16:15:28.498Z\"}, \"logicalSessionTimeoutMinutes\": 30, \"connectionId\": 221, \"maxWireVersion\": 27, \"ok\": 1.0}"}
2026-01-10 18:15:28,500 - pymongo.topology - DEBUG - {"message": "Server heartbeat started", "topologyId": {"$oid": "6962785d3127086e3f0188e5"}, "driverConnectionId": 1, "serverConnectionId": 221, "serverHost": "localhost", "serverPort": 27017, "awaited": true}
2026-01-10 18:15:30,369 - httpcore.http11 - DEBUG - receive_response_headers.complete return_value=(b'HTTP/1.1', 200, b'OK', [(b'Server', b'nginx/1.18.0'), (b'Date', b'Sat, 10 Jan 2026 16:15:30 GMT'), (b'Content-Type', b'application/json'), (b'Content-Length', b'23'), (b'Connection', b'keep-alive'), (b'Strict-Transport-Security', b'max-age=31536000; includeSubDomains; preload'), (b'Access-Control-Allow-Origin', b'*'), (b'Access-Control-Allow-Methods', b'GET, POST, OPTIONS'), (b'Access-Control-Expose-Headers', b'Content-Length,Content-Type,Date,Server,Connection')])
2026-01-10 18:15:30,370 - httpx - INFO - HTTP Request: POST https://api.telegram.org/bot8490932438:AAFVy70Urq5Cj0h7gUKJbECBv3z9-apYZtM/getUpdates "HTTP/1.1 200 OK"
2026-01-10 18:15:30,370 - httpcore.http11 - DEBUG - receive_response_body.started request=<Request [b'POST']>
2026-01-10 18:15:30,370 - httpcore.http11 - DEBUG - receive_response_body.complete
2026-01-10 18:15:30,370 - httpcore.http11 - DEBUG - response_closed.started
2026-01-10 18:15:30,370 - httpcore.http11 - DEBUG - response_closed.complete
2026-01-10 18:15:30,371 - telegram.ext.ExtBot - DEBUG - Call to Bot API endpoint `getUpdates` finished with return value `[]`
2026-01-10 18:15:30,371 - telegram.ext.ExtBot - DEBUG - No new updates found.
2026-01-10 18:15:30,371 - telegram.ext.ExtBot - DEBUG - Calling Bot API endpoint `getUpdates` with parameters `{'timeout': datetime.timedelta(seconds=10), 'offset': 328648466, 'allowed_updates': [<UpdateType.MESSAGE>, <UpdateType.EDITED_MESSAGE>, <UpdateType.CHANNEL_POST>, <UpdateType.EDITED_CHANNEL_POST>, <UpdateType.INLINE_QUERY>, <UpdateType.CHOSEN_INLINE_RESULT>, <UpdateType.CALLBACK_QUERY>, <UpdateType.SHIPPING_QUERY>, <UpdateType.PRE_CHECKOUT_QUERY>, <UpdateType.POLL>, <UpdateType.POLL_ANSWER>, <UpdateType.MY_CHAT_MEMBER>, <UpdateType.CHAT_MEMBER>, <UpdateType.CHAT_JOIN_REQUEST>, <UpdateType.CHAT_BOOST>, <UpdateType.REMOVED_CHAT_BOOST>, <UpdateType.MESSAGE_REACTION>, <UpdateType.MESSAGE_REACTION_COUNT>, <UpdateType.BUSINESS_CONNECTION>, <UpdateType.BUSINESS_MESSAGE>, <UpdateType.EDITED_BUSINESS_MESSAGE>, <UpdateType.DELETED_BUSINESS_MESSAGES>, <UpdateType.PURCHASED_PAID_MEDIA>]}`
2026-01-10 18:15:30,372 - httpcore.http11 - DEBUG - send_request_headers.started request=<Request [b'POST']>
2026-01-10 18:15:30,372 - httpcore.http11 - DEBUG - send_request_headers.complete
2026-01-10 18:15:30,372 - httpcore.http11 - DEBUG - send_request_body.started request=<Request [b'POST']>
2026-01-10 18:15:30,372 - httpcore.http11 - DEBUG - send_request_body.complete
2026-01-10 18:15:30,372 - httpcore.http11 - DEBUG - receive_response_headers.started request=<Request [b'POST']>
2026-01-10 18:15:38,628 - pymongo.topology - DEBUG - {"message": "Server heartbeat succeeded", "topologyId": {"$oid": "6962785d3127086e3f0188e5"}, "driverConnectionId": 1, "serverConnectionId": 221, "serverHost": "localhost", "serverPort": 27017, "awaited": true, "durationMS": 10128.64745920524, "reply": "{\"isWritablePrimary\": true, \"topologyVersion\": {\"processId\": {\"$oid\": \"695c03b553e27f5a444409fe\"}}, \"maxBsonObjectSize\": 16777216, \"maxMessageSizeBytes\": 48000000, \"maxWriteBatchSize\": 100000, \"localTime\": {\"$date\": \"2026-01-10T16:15:38.628Z\"}, \"logicalSessionTimeoutMinutes\": 30, \"connectionId\": 221, \"maxWireVersion\": 27, \"ok\": 1.0}"}
2026-01-10 18:15:38,630 - pymongo.topology - DEBUG - {"message": "Server heartbeat started", "topologyId": {"$oid": "6962785d3127086e3f0188e5"}, "driverConnectionId": 1, "serverConnectionId": 221, "serverHost": "localhost", "serverPort": 27017, "awaited": true}
2026-01-10 18:15:40,496 - httpcore.http11 - DEBUG - receive_response_headers.complete return_value=(b'HTTP/1.1', 200, b'OK', [(b'Server', b'nginx/1.18.0'), (b'Date', b'Sat, 10 Jan 2026 16:15:40 GMT'), (b'Content-Type', b'application/json'), (b'Content-Length', b'23'), (b'Connection', b'keep-alive'), (b'Strict-Transport-Security', b'max-age=31536000; includeSubDomains; preload'), (b'Access-Control-Allow-Origin', b'*'), (b'Access-Control-Allow-Methods', b'GET, POST, OPTIONS'), (b'Access-Control-Expose-Headers', b'Content-Length,Content-Type,Date,Server,Connection')])
2026-01-10 18:15:40,499 - httpx - INFO - HTTP Request: POST https://api.telegram.org/bot8490932438:AAFVy70Urq5Cj0h7gUKJbECBv3z9-apYZtM/getUpdates "HTTP/1.1 200 OK"
2026-01-10 18:15:40,499 - httpcore.http11 - DEBUG - receive_response_body.started request=<Request [b'POST']>
2026-01-10 18:15:40,499 - httpcore.http11 - DEBUG - receive_response_body.complete
2026-01-10 18:15:40,499 - httpcore.http11 - DEBUG - response_closed.started
2026-01-10 18:15:40,500 - httpcore.http11 - DEBUG - response_closed.complete
2026-01-10 18:15:40,500 - telegram.ext.ExtBot - DEBUG - Call to Bot API endpoint `getUpdates` finished with return value `[]`
2026-01-10 18:15:40,500 - telegram.ext.ExtBot - DEBUG - No new updates found.
2026-01-10 18:15:40,500 - telegram.ext.ExtBot - DEBUG - Calling Bot API endpoint `getUpdates` with parameters `{'timeout': datetime.timedelta(seconds=10), 'offset': 328648466, 'allowed_updates': [<UpdateType.MESSAGE>, <UpdateType.EDITED_MESSAGE>, <UpdateType.CHANNEL_POST>, <UpdateType.EDITED_CHANNEL_POST>, <UpdateType.INLINE_QUERY>, <UpdateType.CHOSEN_INLINE_RESULT>, <UpdateType.CALLBACK_QUERY>, <UpdateType.SHIPPING_QUERY>, <UpdateType.PRE_CHECKOUT_QUERY>, <UpdateType.POLL>, <UpdateType.POLL_ANSWER>, <UpdateType.MY_CHAT_MEMBER>, <UpdateType.CHAT_MEMBER>, <UpdateType.CHAT_JOIN_REQUEST>, <UpdateType.CHAT_BOOST>, <UpdateType.REMOVED_CHAT_BOOST>, <UpdateType.MESSAGE_REACTION>, <UpdateType.MESSAGE_REACTION_COUNT>, <UpdateType.BUSINESS_CONNECTION>, <UpdateType.BUSINESS_MESSAGE>, <UpdateType.EDITED_BUSINESS_MESSAGE>, <UpdateType.DELETED_BUSINESS_MESSAGES>, <UpdateType.PURCHASED_PAID_MEDIA>]}`
2026-01-10 18:15:40,501 - httpcore.http11 - DEBUG - send_request_headers.started request=<Request [b'POST']>
2026-01-10 18:15:40,502 - httpcore.http11 - DEBUG - send_request_headers.complete
2026-01-10 18:15:40,502 - httpcore.http11 - DEBUG - send_request_body.started request=<Request [b'POST']>
2026-01-10 18:15:40,502 - httpcore.http11 - DEBUG - send_request_body.complete
2026-01-10 18:15:40,502 - httpcore.http11 - DEBUG - receive_response_headers.started request=<Request [b'POST']>
2026-01-10 18:15:48,703 - pymongo.topology - DEBUG - {"message": "Server heartbeat succeeded", "topologyId": {"$oid": "6962785d3127086e3f0188e5"}, "driverConnectionId": 1, "serverConnectionId": 221, "serverHost": "localhost", "serverPort": 27017, "awaited": true, "durationMS": 10072.33320781961, "reply": "{\"isWritablePrimary\": true, \"topologyVersion\": {\"processId\": {\"$oid\": \"695c03b553e27f5a444409fe\"}}, \"maxBsonObjectSize\": 16777216, \"maxMessageSizeBytes\": 48000000, \"maxWriteBatchSize\": 100000, \"localTime\": {\"$date\": \"2026-01-10T16:15:48.702Z\"}, \"logicalSessionTimeoutMinutes\": 30, \"connectionId\": 221, \"maxWireVersion\": 27, \"ok\": 1.0}"}
2026-01-10 18:15:48,703 - pymongo.topology - DEBUG - {"message": "Server heartbeat started", "topologyId": {"$oid": "6962785d3127086e3f0188e5"}, "driverConnectionId": 1, "serverConnectionId": 221, "serverHost": "localhost", "serverPort": 27017, "awaited": true}
2026-01-10 18:15:50,598 - httpcore.http11 - DEBUG - receive_response_headers.complete return_value=(b'HTTP/1.1', 200, b'OK', [(b'Server', b'nginx/1.18.0'), (b'Date', b'Sat, 10 Jan 2026 16:15:50 GMT'), (b'Content-Type', b'application/json'), (b'Content-Length', b'23'), (b'Connection', b'keep-alive'), (b'Strict-Transport-Security', b'max-age=31536000; includeSubDomains; preload'), (b'Access-Control-Allow-Origin', b'*'), (b'Access-Control-Allow-Methods', b'GET, POST, OPTIONS'), (b'Access-Control-Expose-Headers', b'Content-Length,Content-Type,Date,Server,Connection')])
2026-01-10 18:15:50,599 - httpx - INFO - HTTP Request: POST https://api.telegram.org/bot8490932438:AAFVy70Urq5Cj0h7gUKJbECBv3z9-apYZtM/getUpdates "HTTP/1.1 200 OK"
2026-01-10 18:15:50,599 - httpcore.http11 - DEBUG - receive_response_body.started request=<Request [b'POST']>
2026-01-10 18:15:50,599 - httpcore.http11 - DEBUG - receive_response_body.complete
2026-01-10 18:15:50,600 - httpcore.http11 - DEBUG - response_closed.started
2026-01-10 18:15:50,600 - httpcore.http11 - DEBUG - response_closed.complete
2026-01-10 18:15:50,600 - telegram.ext.ExtBot - DEBUG - Call to Bot API endpoint `getUpdates` finished with return value `[]`
2026-01-10 18:15:50,600 - telegram.ext.ExtBot - DEBUG - No new updates found.
2026-01-10 18:15:50,601 - telegram.ext.ExtBot - DEBUG - Calling Bot API endpoint `getUpdates` with parameters `{'timeout': datetime.timedelta(seconds=10), 'offset': 328648466, 'allowed_updates': [<UpdateType.MESSAGE>, <UpdateType.EDITED_MESSAGE>, <UpdateType.CHANNEL_POST>, <UpdateType.EDITED_CHANNEL_POST>, <UpdateType.INLINE_QUERY>, <UpdateType.CHOSEN_INLINE_RESULT>, <UpdateType.CALLBACK_QUERY>, <UpdateType.SHIPPING_QUERY>, <UpdateType.PRE_CHECKOUT_QUERY>, <UpdateType.POLL>, <UpdateType.POLL_ANSWER>, <UpdateType.MY_CHAT_MEMBER>, <UpdateType.CHAT_MEMBER>, <UpdateType.CHAT_JOIN_REQUEST>, <UpdateType.CHAT_BOOST>, <UpdateType.REMOVED_CHAT_BOOST>, <UpdateType.MESSAGE_REACTION>, <UpdateType.MESSAGE_REACTION_COUNT>, <UpdateType.BUSINESS_CONNECTION>, <UpdateType.BUSINESS_MESSAGE>, <UpdateType.EDITED_BUSINESS_MESSAGE>, <UpdateType.DELETED_BUSINESS_MESSAGES>, <UpdateType.PURCHASED_PAID_MEDIA>]}`
2026-01-10 18:15:50,601 - httpcore.http11 - DEBUG - send_request_headers.started request=<Request [b'POST']>
2026-01-10 18:15:50,602 - httpcore.http11 - DEBUG - send_request_headers.complete
2026-01-10 18:15:50,602 - httpcore.http11 - DEBUG - send_request_body.started request=<Request [b'POST']>
2026-01-10 18:15:50,602 - httpcore.http11 - DEBUG - send_request_body.complete
2026-01-10 18:15:50,603 - httpcore.http11 - DEBUG - receive_response_headers.started request=<Request [b'POST']>
2026-01-10 18:15:58,826 - pymongo.topology - DEBUG - {"message": "Server heartbeat succeeded", "topologyId": {"$oid": "6962785d3127086e3f0188e5"}, "driverConnectionId": 1, "serverConnectionId": 221, "serverHost": "localhost", "serverPort": 27017, "awaited": true, "durationMS": 10122.08658317104, "reply": "{\"isWritablePrimary\": true, \"topologyVersion\": {\"processId\": {\"$oid\": \"695c03b553e27f5a444409fe\"}}, \"maxBsonObjectSize\": 16777216, \"maxMessageSizeBytes\": 48000000, \"maxWriteBatchSize\": 100000, \"localTime\": {\"$date\": \"2026-01-10T16:15:58.825Z\"}, \"logicalSessionTimeoutMinutes\": 30, \"connectionId\": 221, \"maxWireVersion\": 27, \"ok\": 1.0}"}
2026-01-10 18:15:58,826 - pymongo.topology - DEBUG - {"message": "Server heartbeat started", "topologyId": {"$oid": "6962785d3127086e3f0188e5"}, "driverConnectionId": 1, "serverConnectionId": 221, "serverHost": "localhost", "serverPort": 27017, "awaited": true}
2026-01-10 18:16:00,771 - httpcore.http11 - DEBUG - receive_response_headers.complete return_value=(b'HTTP/1.1', 200, b'OK', [(b'Server', b'nginx/1.18.0'), (b'Date', b'Sat, 10 Jan 2026 16:16:00 GMT'), (b'Content-Type', b'application/json'), (b'Content-Length', b'23'), (b'Connection', b'keep-alive'), (b'Strict-Transport-Security', b'max-age=31536000; includeSubDomains; preload'), (b'Access-Control-Allow-Origin', b'*'), (b'Access-Control-Allow-Methods', b'GET, POST, OPTIONS'), (b'Access-Control-Expose-Headers', b'Content-Length,Content-Type,Date,Server,Connection')])
2026-01-10 18:16:00,771 - httpx - INFO - HTTP Request: POST https://api.telegram.org/bot8490932438:AAFVy70Urq5Cj0h7gUKJbECBv3z9-apYZtM/getUpdates "HTTP/1.1 200 OK"
2026-01-10 18:16:00,771 - httpcore.http11 - DEBUG - receive_response_body.started request=<Request [b'POST']>
2026-01-10 18:16:00,771 - httpcore.http11 - DEBUG - receive_response_body.complete
2026-01-10 18:16:00,772 - httpcore.http11 - DEBUG - response_closed.started
2026-01-10 18:16:00,772 - httpcore.http11 - DEBUG - response_closed.complete
2026-01-10 18:16:00,772 - telegram.ext.ExtBot - DEBUG - Call to Bot API endpoint `getUpdates` finished with return value `[]`
2026-01-10 18:16:00,772 - telegram.ext.ExtBot - DEBUG - No new updates found.
2026-01-10 18:16:00,772 - telegram.ext.ExtBot - DEBUG - Calling Bot API endpoint `getUpdates` with parameters `{'timeout': datetime.timedelta(seconds=10), 'offset': 328648466, 'allowed_updates': [<UpdateType.MESSAGE>, <UpdateType.EDITED_MESSAGE>, <UpdateType.CHANNEL_POST>, <UpdateType.EDITED_CHANNEL_POST>, <UpdateType.INLINE_QUERY>, <UpdateType.CHOSEN_INLINE_RESULT>, <UpdateType.CALLBACK_QUERY>, <UpdateType.SHIPPING_QUERY>, <UpdateType.PRE_CHECKOUT_QUERY>, <UpdateType.POLL>, <UpdateType.POLL_ANSWER>, <UpdateType.MY_CHAT_MEMBER>, <UpdateType.CHAT_MEMBER>, <UpdateType.CHAT_JOIN_REQUEST>, <UpdateType.CHAT_BOOST>, <UpdateType.REMOVED_CHAT_BOOST>, <UpdateType.MESSAGE_REACTION>, <UpdateType.MESSAGE_REACTION_COUNT>, <UpdateType.BUSINESS_CONNECTION>, <UpdateType.BUSINESS_MESSAGE>, <UpdateType.EDITED_BUSINESS_MESSAGE>, <UpdateType.DELETED_BUSINESS_MESSAGES>, <UpdateType.PURCHASED_PAID_MEDIA>]}`
2026-01-10 18:16:00,773 - httpcore.http11 - DEBUG - send_request_headers.started request=<Request [b'POST']>
2026-01-10 18:16:00,773 - httpcore.http11 - DEBUG - send_request_headers.complete
2026-01-10 18:16:00,773 - httpcore.http11 - DEBUG - send_request_body.started request=<Request [b'POST']>
2026-01-10 18:16:00,774 - httpcore.http11 - DEBUG - send_request_body.complete
2026-01-10 18:16:00,774 - httpcore.http11 - DEBUG - receive_response_headers.started request=<Request [b'POST']>
2026-01-10 18:16:08,973 - pymongo.topology - DEBUG - {"message": "Server heartbeat succeeded", "topologyId": {"$oid": "6962785d3127086e3f0188e5"}, "driverConnectionId": 1, "serverConnectionId": 221, "serverHost": "localhost", "serverPort": 27017, "awaited": true, "durationMS": 10146.660999860615, "reply": "{\"isWritablePrimary\": true, \"topologyVersion\": {\"processId\": {\"$oid\": \"695c03b553e27f5a444409fe\"}}, \"maxBsonObjectSize\": 16777216, \"maxMessageSizeBytes\": 48000000, \"maxWriteBatchSize\": 100000, \"localTime\": {\"$date\": \"2026-01-10T16:16:08.973Z\"}, \"logicalSessionTimeoutMinutes\": 30, \"connectionId\": 221, \"maxWireVersion\": 27, \"ok\": 1.0}"}
2026-01-10 18:16:08,974 - pymongo.topology - DEBUG - {"message": "Server heartbeat started", "topologyId": {"$oid": "6962785d3127086e3f0188e5"}, "driverConnectionId": 1, "serverConnectionId": 221, "serverHost": "localhost", "serverPort": 27017, "awaited": true}
2026-01-10 18:16:10,854 - httpcore.http11 - DEBUG - receive_response_headers.complete return_value=(b'HTTP/1.1', 200, b'OK', [(b'Server', b'nginx/1.18.0'), (b'Date', b'Sat, 10 Jan 2026 16:16:10 GMT'), (b'Content-Type', b'application/json'), (b'Content-Length', b'23'), (b'Connection', b'keep-alive'), (b'Strict-Transport-Security', b'max-age=31536000; includeSubDomains; preload'), (b'Access-Control-Allow-Origin', b'*'), (b'Access-Control-Allow-Methods', b'GET, POST, OPTIONS'), (b'Access-Control-Expose-Headers', b'Content-Length,Content-Type,Date,Server,Connection')])
2026-01-10 18:16:10,854 - httpx - INFO - HTTP Request: POST https://api.telegram.org/bot8490932438:AAFVy70Urq5Cj0h7gUKJbECBv3z9-apYZtM/getUpdates "HTTP/1.1 200 OK"
2026-01-10 18:16:10,855 - httpcore.http11 - DEBUG - receive_response_body.started request=<Request [b'POST']>
2026-01-10 18:16:10,855 - httpcore.http11 - DEBUG - receive_response_body.complete
2026-01-10 18:16:10,855 - httpcore.http11 - DEBUG - response_closed.started
2026-01-10 18:16:10,855 - httpcore.http11 - DEBUG - response_closed.complete
2026-01-10 18:16:10,855 - telegram.ext.ExtBot - DEBUG - Call to Bot API endpoint `getUpdates` finished with return value `[]`
2026-01-10 18:16:10,856 - telegram.ext.ExtBot - DEBUG - No new updates found.
2026-01-10 18:16:10,856 - telegram.ext.ExtBot - DEBUG - Calling Bot API endpoint `getUpdates` with parameters `{'timeout': datetime.timedelta(seconds=10), 'offset': 328648466, 'allowed_updates': [<UpdateType.MESSAGE>, <UpdateType.EDITED_MESSAGE>, <UpdateType.CHANNEL_POST>, <UpdateType.EDITED_CHANNEL_POST>, <UpdateType.INLINE_QUERY>, <UpdateType.CHOSEN_INLINE_RESULT>, <UpdateType.CALLBACK_QUERY>, <UpdateType.SHIPPING_QUERY>, <UpdateType.PRE_CHECKOUT_QUERY>, <UpdateType.POLL>, <UpdateType.POLL_ANSWER>, <UpdateType.MY_CHAT_MEMBER>, <UpdateType.CHAT_MEMBER>, <UpdateType.CHAT_JOIN_REQUEST>, <UpdateType.CHAT_BOOST>, <UpdateType.REMOVED_CHAT_BOOST>, <UpdateType.MESSAGE_REACTION>, <UpdateType.MESSAGE_REACTION_COUNT>, <UpdateType.BUSINESS_CONNECTION>, <UpdateType.BUSINESS_MESSAGE>, <UpdateType.EDITED_BUSINESS_MESSAGE>, <UpdateType.DELETED_BUSINESS_MESSAGES>, <UpdateType.PURCHASED_PAID_MEDIA>]}`
2026-01-10 18:16:10,857 - httpcore.http11 - DEBUG - send_request_headers.started request=<Request [b'POST']>
2026-01-10 18:16:10,857 - httpcore.http11 - DEBUG - send_request_headers.complete
2026-01-10 18:16:10,857 - httpcore.http11 - DEBUG - send_request_body.started request=<Request [b'POST']>
2026-01-10 18:16:10,858 - httpcore.http11 - DEBUG - send_request_body.complete
2026-01-10 18:16:10,858 - httpcore.http11 - DEBUG - receive_response_headers.started request=<Request [b'POST']>
2026-01-10 18:16:19,120 - pymongo.topology - DEBUG - {"message": "Server heartbeat succeeded", "topologyId": {"$oid": "6962785d3127086e3f0188e5"}, "driverConnectionId": 1, "serverConnectionId": 221, "serverHost": "localhost", "serverPort": 27017, "awaited": true, "durationMS": 10146.028750110418, "reply": "{\"isWritablePrimary\": true, \"topologyVersion\": {\"processId\": {\"$oid\": \"695c03b553e27f5a444409fe\"}}, \"maxBsonObjectSize\": 16777216, \"maxMessageSizeBytes\": 48000000, \"maxWriteBatchSize\": 100000, \"localTime\": {\"$date\": \"2026-01-10T16:16:19.120Z\"}, \"logicalSessionTimeoutMinutes\": 30, \"connectionId\": 221, \"maxWireVersion\": 27, \"ok\": 1.0}"}
2026-01-10 18:16:19,121 - pymongo.topology - DEBUG - {"message": "Server heartbeat started", "topologyId": {"$oid": "6962785d3127086e3f0188e5"}, "driverConnectionId": 1, "serverConnectionId": 221, "serverHost": "localhost", "serverPort": 27017, "awaited": true}
2026-01-10 18:16:20,943 - httpcore.http11 - DEBUG - receive_response_headers.complete return_value=(b'HTTP/1.1', 200, b'OK', [(b'Server', b'nginx/1.18.0'), (b'Date', b'Sat, 10 Jan 2026 16:16:21 GMT'), (b'Content-Type', b'application/json'), (b'Content-Length', b'23'), (b'Connection', b'keep-alive'), (b'Strict-Transport-Security', b'max-age=31536000; includeSubDomains; preload'), (b'Access-Control-Allow-Origin', b'*'), (b'Access-Control-Allow-Methods', b'GET, POST, OPTIONS'), (b'Access-Control-Expose-Headers', b'Content-Length,Content-Type,Date,Server,Connection')])
2026-01-10 18:16:20,943 - httpx - INFO - HTTP Request: POST https://api.telegram.org/bot8490932438:AAFVy70Urq5Cj0h7gUKJbECBv3z9-apYZtM/getUpdates "HTTP/1.1 200 OK"
2026-01-10 18:16:20,943 - httpcore.http11 - DEBUG - receive_response_body.started request=<Request [b'POST']>
2026-01-10 18:16:20,943 - httpcore.http11 - DEBUG - receive_response_body.complete
2026-01-10 18:16:20,943 - httpcore.http11 - DEBUG - response_closed.started
2026-01-10 18:16:20,943 - httpcore.http11 - DEBUG - response_closed.complete
2026-01-10 18:16:20,944 - telegram.ext.ExtBot - DEBUG - Call to Bot API endpoint `getUpdates` finished with return value `[]`
2026-01-10 18:16:20,944 - telegram.ext.ExtBot - DEBUG - No new updates found.
2026-01-10 18:16:20,944 - telegram.ext.ExtBot - DEBUG - Calling Bot API endpoint `getUpdates` with parameters `{'timeout': datetime.timedelta(seconds=10), 'offset': 328648466, 'allowed_updates': [<UpdateType.MESSAGE>, <UpdateType.EDITED_MESSAGE>, <UpdateType.CHANNEL_POST>, <UpdateType.EDITED_CHANNEL_POST>, <UpdateType.INLINE_QUERY>, <UpdateType.CHOSEN_INLINE_RESULT>, <UpdateType.CALLBACK_QUERY>, <UpdateType.SHIPPING_QUERY>, <UpdateType.PRE_CHECKOUT_QUERY>, <UpdateType.POLL>, <UpdateType.POLL_ANSWER>, <UpdateType.MY_CHAT_MEMBER>, <UpdateType.CHAT_MEMBER>, <UpdateType.CHAT_JOIN_REQUEST>, <UpdateType.CHAT_BOOST>, <UpdateType.REMOVED_CHAT_BOOST>, <UpdateType.MESSAGE_REACTION>, <UpdateType.MESSAGE_REACTION_COUNT>, <UpdateType.BUSINESS_CONNECTION>, <UpdateType.BUSINESS_MESSAGE>, <UpdateType.EDITED_BUSINESS_MESSAGE>, <UpdateType.DELETED_BUSINESS_MESSAGES>, <UpdateType.PURCHASED_PAID_MEDIA>]}`
2026-01-10 18:16:20,944 - httpcore.http11 - DEBUG - send_request_headers.started request=<Request [b'POST']>
2026-01-10 18:16:20,945 - httpcore.http11 - DEBUG - send_request_headers.complete
2026-01-10 18:16:20,945 - httpcore.http11 - DEBUG - send_request_body.started request=<Request [b'POST']>
2026-01-10 18:16:20,945 - httpcore.http11 - DEBUG - send_request_body.complete
2026-01-10 18:16:20,945 - httpcore.http11 - DEBUG - receive_response_headers.started request=<Request [b'POST']>
2026-01-10 18:16:29,245 - pymongo.topology - DEBUG - {"message": "Server heartbeat succeeded", "topologyId": {"$oid": "6962785d3127086e3f0188e5"}, "driverConnectionId": 1, "serverConnectionId": 221, "serverHost": "localhost", "serverPort": 27017, "awaited": true, "durationMS": 10124.34466695413, "reply": "{\"isWritablePrimary\": true, \"topologyVersion\": {\"processId\": {\"$oid\": \"695c03b553e27f5a444409fe\"}}, \"maxBsonObjectSize\": 16777216, \"maxMessageSizeBytes\": 48000000, \"maxWriteBatchSize\": 100000, \"localTime\": {\"$date\": \"2026-01-10T16:16:29.245Z\"}, \"logicalSessionTimeoutMinutes\": 30, \"connectionId\": 221, \"maxWireVersion\": 27, \"ok\": 1.0}"}
2026-01-10 18:16:29,246 - pymongo.topology - DEBUG - {"message": "Server heartbeat started", "topologyId": {"$oid": "6962785d3127086e3f0188e5"}, "driverConnectionId": 1, "serverConnectionId": 221, "serverHost": "localhost", "serverPort": 27017, "awaited": true}
2026-01-10 18:16:31,083 - httpcore.http11 - DEBUG - receive_response_headers.complete return_value=(b'HTTP/1.1', 200, b'OK', [(b'Server', b'nginx/1.18.0'), (b'Date', b'Sat, 10 Jan 2026 16:16:31 GMT'), (b'Content-Type', b'application/json'), (b'Content-Length', b'23'), (b'Connection', b'keep-alive'), (b'Strict-Transport-Security', b'max-age=31536000; includeSubDomains; preload'), (b'Access-Control-Allow-Origin', b'*'), (b'Access-Control-Allow-Methods', b'GET, POST, OPTIONS'), (b'Access-Control-Expose-Headers', b'Content-Length,Content-Type,Date,Server,Connection')])
2026-01-10 18:16:31,084 - httpx - INFO - HTTP Request: POST https://api.telegram.org/bot8490932438:AAFVy70Urq5Cj0h7gUKJbECBv3z9-apYZtM/getUpdates "HTTP/1.1 200 OK"
2026-01-10 18:16:31,084 - httpcore.http11 - DEBUG - receive_response_body.started request=<Request [b'POST']>
2026-01-10 18:16:31,084 - httpcore.http11 - DEBUG - receive_response_body.complete
2026-01-10 18:16:31,084 - httpcore.http11 - DEBUG - response_closed.started
2026-01-10 18:16:31,085 - httpcore.http11 - DEBUG - response_closed.complete
2026-01-10 18:16:31,085 - telegram.ext.ExtBot - DEBUG - Call to Bot API endpoint `getUpdates` finished with return value `[]`
2026-01-10 18:16:31,085 - telegram.ext.ExtBot - DEBUG - No new updates found.
2026-01-10 18:16:31,086 - telegram.ext.ExtBot - DEBUG - Calling Bot API endpoint `getUpdates` with parameters `{'timeout': datetime.timedelta(seconds=10), 'offset': 328648466, 'allowed_updates': [<UpdateType.MESSAGE>, <UpdateType.EDITED_MESSAGE>, <UpdateType.CHANNEL_POST>, <UpdateType.EDITED_CHANNEL_POST>, <UpdateType.INLINE_QUERY>, <UpdateType.CHOSEN_INLINE_RESULT>, <UpdateType.CALLBACK_QUERY>, <UpdateType.SHIPPING_QUERY>, <UpdateType.PRE_CHECKOUT_QUERY>, <UpdateType.POLL>, <UpdateType.POLL_ANSWER>, <UpdateType.MY_CHAT_MEMBER>, <UpdateType.CHAT_MEMBER>, <UpdateType.CHAT_JOIN_REQUEST>, <UpdateType.CHAT_BOOST>, <UpdateType.REMOVED_CHAT_BOOST>, <UpdateType.MESSAGE_REACTION>, <UpdateType.MESSAGE_REACTION_COUNT>, <UpdateType.BUSINESS_CONNECTION>, <UpdateType.BUSINESS_MESSAGE>, <UpdateType.EDITED_BUSINESS_MESSAGE>, <UpdateType.DELETED_BUSINESS_MESSAGES>, <UpdateType.PURCHASED_PAID_MEDIA>]}`
2026-01-10 18:16:31,086 - httpcore.http11 - DEBUG - send_request_headers.started request=<Request [b'POST']>
2026-01-10 18:16:31,087 - httpcore.http11 - DEBUG - send_request_headers.complete
2026-01-10 18:16:31,087 - httpcore.http11 - DEBUG - send_request_body.started request=<Request [b'POST']>
2026-01-10 18:16:31,087 - httpcore.http11 - DEBUG - send_request_body.complete
2026-01-10 18:16:31,088 - httpcore.http11 - DEBUG - receive_response_headers.started request=<Request [b'POST']>
2026-01-10 18:16:39,352 - pymongo.topology - DEBUG - {"message": "Server heartbeat succeeded", "topologyId": {"$oid": "6962785d3127086e3f0188e5"}, "driverConnectionId": 1, "serverConnectionId": 221, "serverHost": "localhost", "serverPort": 27017, "awaited": true, "durationMS": 10105.837999843061, "reply": "{\"isWritablePrimary\": true, \"topologyVersion\": {\"processId\": {\"$oid\": \"695c03b553e27f5a444409fe\"}}, \"maxBsonObjectSize\": 16777216, \"maxMessageSizeBytes\": 48000000, \"maxWriteBatchSize\": 100000, \"localTime\": {\"$date\": \"2026-01-10T16:16:39.352Z\"}, \"logicalSessionTimeoutMinutes\": 30, \"connectionId\": 221, \"maxWireVersion\": 27, \"ok\": 1.0}"}
2026-01-10 18:16:39,354 - pymongo.topology - DEBUG - {"message": "Server heartbeat started", "topologyId": {"$oid": "6962785d3127086e3f0188e5"}, "driverConnectionId": 1, "serverConnectionId": 221, "serverHost": "localhost", "serverPort": 27017, "awaited": true}
2026-01-10 18:16:41,219 - httpcore.http11 - DEBUG - receive_response_headers.complete return_value=(b'HTTP/1.1', 200, b'OK', [(b'Server', b'nginx/1.18.0'), (b'Date', b'Sat, 10 Jan 2026 16:16:41 GMT'), (b'Content-Type', b'application/json'), (b'Content-Length', b'23'), (b'Connection', b'keep-alive'), (b'Strict-Transport-Security', b'max-age=31536000; includeSubDomains; preload'), (b'Access-Control-Allow-Origin', b'*'), (b'Access-Control-Allow-Methods', b'GET, POST, OPTIONS'), (b'Access-Control-Expose-Headers', b'Content-Length,Content-Type,Date,Server,Connection')])
2026-01-10 18:16:41,219 - httpx - INFO - HTTP Request: POST https://api.telegram.org/bot8490932438:AAFVy70Urq5Cj0h7gUKJbECBv3z9-apYZtM/getUpdates "HTTP/1.1 200 OK"
2026-01-10 18:16:41,220 - httpcore.http11 - DEBUG - receive_response_body.started request=<Request [b'POST']>
2026-01-10 18:16:41,220 - httpcore.http11 - DEBUG - receive_response_body.complete
2026-01-10 18:16:41,220 - httpcore.http11 - DEBUG - response_closed.started
2026-01-10 18:16:41,220 - httpcore.http11 - DEBUG - response_closed.complete
2026-01-10 18:16:41,220 - telegram.ext.ExtBot - DEBUG - Call to Bot API endpoint `getUpdates` finished with return value `[]`
2026-01-10 18:16:41,220 - telegram.ext.ExtBot - DEBUG - No new updates found.
2026-01-10 18:16:41,221 - telegram.ext.ExtBot - DEBUG - Calling Bot API endpoint `getUpdates` with parameters `{'timeout': datetime.timedelta(seconds=10), 'offset': 328648466, 'allowed_updates': [<UpdateType.MESSAGE>, <UpdateType.EDITED_MESSAGE>, <UpdateType.CHANNEL_POST>, <UpdateType.EDITED_CHANNEL_POST>, <UpdateType.INLINE_QUERY>, <UpdateType.CHOSEN_INLINE_RESULT>, <UpdateType.CALLBACK_QUERY>, <UpdateType.SHIPPING_QUERY>, <UpdateType.PRE_CHECKOUT_QUERY>, <UpdateType.POLL>, <UpdateType.POLL_ANSWER>, <UpdateType.MY_CHAT_MEMBER>, <UpdateType.CHAT_MEMBER>, <UpdateType.CHAT_JOIN_REQUEST>, <UpdateType.CHAT_BOOST>, <UpdateType.REMOVED_CHAT_BOOST>, <UpdateType.MESSAGE_REACTION>, <UpdateType.MESSAGE_REACTION_COUNT>, <UpdateType.BUSINESS_CONNECTION>, <UpdateType.BUSINESS_MESSAGE>, <UpdateType.EDITED_BUSINESS_MESSAGE>, <UpdateType.DELETED_BUSINESS_MESSAGES>, <UpdateType.PURCHASED_PAID_MEDIA>]}`
2026-01-10 18:16:41,221 - httpcore.http11 - DEBUG - send_request_headers.started request=<Request [b'POST']>
2026-01-10 18:16:41,222 - httpcore.http11 - DEBUG - send_request_headers.complete
2026-01-10 18:16:41,222 - httpcore.http11 - DEBUG - send_request_body.started request=<Request [b'POST']>
2026-01-10 18:16:41,222 - httpcore.http11 - DEBUG - send_request_body.complete
2026-01-10 18:16:41,222 - httpcore.http11 - DEBUG - receive_response_headers.started request=<Request [b'POST']>
2026-01-10 18:16:49,495 - pymongo.topology - DEBUG - {"message": "Server heartbeat succeeded", "topologyId": {"$oid": "6962785d3127086e3f0188e5"}, "driverConnectionId": 1, "serverConnectionId": 221, "serverHost": "localhost", "serverPort": 27017, "awaited": true, "durationMS": 10140.84658306092, "reply": "{\"isWritablePrimary\": true, \"topologyVersion\": {\"processId\": {\"$oid\": \"695c03b553e27f5a444409fe\"}}, \"maxBsonObjectSize\": 16777216, \"maxMessageSizeBytes\": 48000000, \"maxWriteBatchSize\": 100000, \"localTime\": {\"$date\": \"2026-01-10T16:16:49.494Z\"}, \"logicalSessionTimeoutMinutes\": 30, \"connectionId\": 221, \"maxWireVersion\": 27, \"ok\": 1.0}"}
2026-01-10 18:16:49,496 - pymongo.topology - DEBUG - {"message": "Server heartbeat started", "topologyId": {"$oid": "6962785d3127086e3f0188e5"}, "driverConnectionId": 1, "serverConnectionId": 221, "serverHost": "localhost", "serverPort": 27017, "awaited": true}
2026-01-10 18:16:51,357 - httpcore.http11 - DEBUG - receive_response_headers.complete return_value=(b'HTTP/1.1', 200, b'OK', [(b'Server', b'nginx/1.18.0'), (b'Date', b'Sat, 10 Jan 2026 16:16:51 GMT'), (b'Content-Type', b'application/json'), (b'Content-Length', b'23'), (b'Connection', b'keep-alive'), (b'Strict-Transport-Security', b'max-age=31536000; includeSubDomains; preload'), (b'Access-Control-Allow-Origin', b'*'), (b'Access-Control-Allow-Methods', b'GET, POST, OPTIONS'), (b'Access-Control-Expose-Headers', b'Content-Length,Content-Type,Date,Server,Connection')])
2026-01-10 18:16:51,357 - httpx - INFO - HTTP Request: POST https://api.telegram.org/bot8490932438:AAFVy70Urq5Cj0h7gUKJbECBv3z9-apYZtM/getUpdates "HTTP/1.1 200 OK"
2026-01-10 18:16:51,357 - httpcore.http11 - DEBUG - receive_response_body.started request=<Request [b'POST']>
2026-01-10 18:16:51,358 - httpcore.http11 - DEBUG - receive_response_body.complete
2026-01-10 18:16:51,358 - httpcore.http11 - DEBUG - response_closed.started
2026-01-10 18:16:51,358 - httpcore.http11 - DEBUG - response_closed.complete
2026-01-10 18:16:51,358 - telegram.ext.ExtBot - DEBUG - Call to Bot API endpoint `getUpdates` finished with return value `[]`
2026-01-10 18:16:51,358 - telegram.ext.ExtBot - DEBUG - No new updates found.
2026-01-10 18:16:51,359 - telegram.ext.ExtBot - DEBUG - Calling Bot API endpoint `getUpdates` with parameters `{'timeout': datetime.timedelta(seconds=10), 'offset': 328648466, 'allowed_updates': [<UpdateType.MESSAGE>, <UpdateType.EDITED_MESSAGE>, <UpdateType.CHANNEL_POST>, <UpdateType.EDITED_CHANNEL_POST>, <UpdateType.INLINE_QUERY>, <UpdateType.CHOSEN_INLINE_RESULT>, <UpdateType.CALLBACK_QUERY>, <UpdateType.SHIPPING_QUERY>, <UpdateType.PRE_CHECKOUT_QUERY>, <UpdateType.POLL>, <UpdateType.POLL_ANSWER>, <UpdateType.MY_CHAT_MEMBER>, <UpdateType.CHAT_MEMBER>, <UpdateType.CHAT_JOIN_REQUEST>, <UpdateType.CHAT_BOOST>, <UpdateType.REMOVED_CHAT_BOOST>, <UpdateType.MESSAGE_REACTION>, <UpdateType.MESSAGE_REACTION_COUNT>, <UpdateType.BUSINESS_CONNECTION>, <UpdateType.BUSINESS_MESSAGE>, <UpdateType.EDITED_BUSINESS_MESSAGE>, <UpdateType.DELETED_BUSINESS_MESSAGES>, <UpdateType.PURCHASED_PAID_MEDIA>]}`
2026-01-10 18:16:51,360 - httpcore.http11 - DEBUG - send_request_headers.started request=<Request [b'POST']>
2026-01-10 18:16:51,360 - httpcore.http11 - DEBUG - send_request_headers.complete
2026-01-10 18:16:51,360 - httpcore.http11 - DEBUG - send_request_body.started request=<Request [b'POST']>
2026-01-10 18:16:51,360 - httpcore.http11 - DEBUG - send_request_body.complete
2026-01-10 18:16:51,361 - httpcore.http11 - DEBUG - receive_response_headers.started request=<Request [b'POST']>
2026-01-10 18:16:59,638 - pymongo.topology - DEBUG - {"message": "Server heartbeat succeeded", "topologyId": {"$oid": "6962785d3127086e3f0188e5"}, "driverConnectionId": 1, "serverConnectionId": 221, "serverHost": "localhost", "serverPort": 27017, "awaited": true, "durationMS": 10141.58120797947, "reply": "{\"isWritablePrimary\": true, \"topologyVersion\": {\"processId\": {\"$oid\": \"695c03b553e27f5a444409fe\"}}, \"maxBsonObjectSize\": 16777216, \"maxMessageSizeBytes\": 48000000, \"maxWriteBatchSize\": 100000, \"localTime\": {\"$date\": \"2026-01-10T16:16:59.638Z\"}, \"logicalSessionTimeoutMinutes\": 30, \"connectionId\": 221, \"maxWireVersion\": 27, \"ok\": 1.0}"}
2026-01-10 18:16:59,639 - pymongo.topology - DEBUG - {"message": "Server heartbeat started", "topologyId": {"$oid": "6962785d3127086e3f0188e5"}, "driverConnectionId": 1, "serverConnectionId": 221, "serverHost": "localhost", "serverPort": 27017, "awaited": true}
2026-01-10 18:17:01,496 - httpcore.http11 - DEBUG - receive_response_headers.complete return_value=(b'HTTP/1.1', 200, b'OK', [(b'Server', b'nginx/1.18.0'), (b'Date', b'Sat, 10 Jan 2026 16:17:01 GMT'), (b'Content-Type', b'application/json'), (b'Content-Length', b'23'), (b'Connection', b'keep-alive'), (b'Strict-Transport-Security', b'max-age=31536000; includeSubDomains; preload'), (b'Access-Control-Allow-Origin', b'*'), (b'Access-Control-Allow-Methods', b'GET, POST, OPTIONS'), (b'Access-Control-Expose-Headers', b'Content-Length,Content-Type,Date,Server,Connection')])
2026-01-10 18:17:01,497 - httpx - INFO - HTTP Request: POST https://api.telegram.org/bot8490932438:AAFVy70Urq5Cj0h7gUKJbECBv3z9-apYZtM/getUpdates "HTTP/1.1 200 OK"
2026-01-10 18:17:01,497 - httpcore.http11 - DEBUG - receive_response_body.started request=<Request [b'POST']>
2026-01-10 18:17:01,497 - httpcore.http11 - DEBUG - receive_response_body.complete
2026-01-10 18:17:01,497 - httpcore.http11 - DEBUG - response_closed.started
2026-01-10 18:17:01,497 - httpcore.http11 - DEBUG - response_closed.complete
2026-01-10 18:17:01,498 - telegram.ext.ExtBot - DEBUG - Call to Bot API endpoint `getUpdates` finished with return value `[]`
2026-01-10 18:17:01,498 - telegram.ext.ExtBot - DEBUG - No new updates found.
2026-01-10 18:17:01,498 - telegram.ext.ExtBot - DEBUG - Calling Bot API endpoint `getUpdates` with parameters `{'timeout': datetime.timedelta(seconds=10), 'offset': 328648466, 'allowed_updates': [<UpdateType.MESSAGE>, <UpdateType.EDITED_MESSAGE>, <UpdateType.CHANNEL_POST>, <UpdateType.EDITED_CHANNEL_POST>, <UpdateType.INLINE_QUERY>, <UpdateType.CHOSEN_INLINE_RESULT>, <UpdateType.CALLBACK_QUERY>, <UpdateType.SHIPPING_QUERY>, <UpdateType.PRE_CHECKOUT_QUERY>, <UpdateType.POLL>, <UpdateType.POLL_ANSWER>, <UpdateType.MY_CHAT_MEMBER>, <UpdateType.CHAT_MEMBER>, <UpdateType.CHAT_JOIN_REQUEST>, <UpdateType.CHAT_BOOST>, <UpdateType.REMOVED_CHAT_BOOST>, <UpdateType.MESSAGE_REACTION>, <UpdateType.MESSAGE_REACTION_COUNT>, <UpdateType.BUSINESS_CONNECTION>, <UpdateType.BUSINESS_MESSAGE>, <UpdateType.EDITED_BUSINESS_MESSAGE>, <UpdateType.DELETED_BUSINESS_MESSAGES>, <UpdateType.PURCHASED_PAID_MEDIA>]}`
2026-01-10 18:17:01,499 - httpcore.http11 - DEBUG - send_request_headers.started request=<Request [b'POST']>
2026-01-10 18:17:01,499 - httpcore.http11 - DEBUG - send_request_headers.complete
2026-01-10 18:17:01,499 - httpcore.http11 - DEBUG - send_request_body.started request=<Request [b'POST']>
2026-01-10 18:17:01,500 - httpcore.http11 - DEBUG - send_request_body.complete
2026-01-10 18:17:01,500 - httpcore.http11 - DEBUG - receive_response_headers.started request=<Request [b'POST']>
2026-01-10 18:17:09,788 - pymongo.topology - DEBUG - {"message": "Server heartbeat succeeded", "topologyId": {"$oid": "6962785d3127086e3f0188e5"}, "driverConnectionId": 1, "serverConnectionId": 221, "serverHost": "localhost", "serverPort": 27017, "awaited": true, "durationMS": 10148.568499833345, "reply": "{\"isWritablePrimary\": true, \"topologyVersion\": {\"processId\": {\"$oid\": \"695c03b553e27f5a444409fe\"}}, \"maxBsonObjectSize\": 16777216, \"maxMessageSizeBytes\": 48000000, \"maxWriteBatchSize\": 100000, \"localTime\": {\"$date\": \"2026-01-10T16:17:09.787Z\"}, \"logicalSessionTimeoutMinutes\": 30, \"connectionId\": 221, \"maxWireVersion\": 27, \"ok\": 1.0}"}
2026-01-10 18:17:09,789 - pymongo.topology - DEBUG - {"message": "Server heartbeat started", "topologyId": {"$oid": "6962785d3127086e3f0188e5"}, "driverConnectionId": 1, "serverConnectionId": 221, "serverHost": "localhost", "serverPort": 27017, "awaited": true}
2026-01-10 18:17:11,632 - httpcore.http11 - DEBUG - receive_response_headers.complete return_value=(b'HTTP/1.1', 200, b'OK', [(b'Server', b'nginx/1.18.0'), (b'Date', b'Sat, 10 Jan 2026 16:17:11 GMT'), (b'Content-Type', b'application/json'), (b'Content-Length', b'23'), (b'Connection', b'keep-alive'), (b'Strict-Transport-Security', b'max-age=31536000; includeSubDomains; preload'), (b'Access-Control-Allow-Origin', b'*'), (b'Access-Control-Allow-Methods', b'GET, POST, OPTIONS'), (b'Access-Control-Expose-Headers', b'Content-Length,Content-Type,Date,Server,Connection')])
2026-01-10 18:17:11,633 - httpx - INFO - HTTP Request: POST https://api.telegram.org/bot8490932438:AAFVy70Urq5Cj0h7gUKJbECBv3z9-apYZtM/getUpdates "HTTP/1.1 200 OK"
2026-01-10 18:17:11,633 - httpcore.http11 - DEBUG - receive_response_body.started request=<Request [b'POST']>
2026-01-10 18:17:11,633 - httpcore.http11 - DEBUG - receive_response_body.complete
2026-01-10 18:17:11,633 - httpcore.http11 - DEBUG - response_closed.started
2026-01-10 18:17:11,633 - httpcore.http11 - DEBUG - response_closed.complete
2026-01-10 18:17:11,634 - telegram.ext.ExtBot - DEBUG - Call to Bot API endpoint `getUpdates` finished with return value `[]`
2026-01-10 18:17:11,634 - telegram.ext.ExtBot - DEBUG - No new updates found.
2026-01-10 18:17:11,634 - telegram.ext.ExtBot - DEBUG - Calling Bot API endpoint `getUpdates` with parameters `{'timeout': datetime.timedelta(seconds=10), 'offset': 328648466, 'allowed_updates': [<UpdateType.MESSAGE>, <UpdateType.EDITED_MESSAGE>, <UpdateType.CHANNEL_POST>, <UpdateType.EDITED_CHANNEL_POST>, <UpdateType.INLINE_QUERY>, <UpdateType.CHOSEN_INLINE_RESULT>, <UpdateType.CALLBACK_QUERY>, <UpdateType.SHIPPING_QUERY>, <UpdateType.PRE_CHECKOUT_QUERY>, <UpdateType.POLL>, <UpdateType.POLL_ANSWER>, <UpdateType.MY_CHAT_MEMBER>, <UpdateType.CHAT_MEMBER>, <UpdateType.CHAT_JOIN_REQUEST>, <UpdateType.CHAT_BOOST>, <UpdateType.REMOVED_CHAT_BOOST>, <UpdateType.MESSAGE_REACTION>, <UpdateType.MESSAGE_REACTION_COUNT>, <UpdateType.BUSINESS_CONNECTION>, <UpdateType.BUSINESS_MESSAGE>, <UpdateType.EDITED_BUSINESS_MESSAGE>, <UpdateType.DELETED_BUSINESS_MESSAGES>, <UpdateType.PURCHASED_PAID_MEDIA>]}`
2026-01-10 18:17:11,635 - httpcore.http11 - DEBUG - send_request_headers.started request=<Request [b'POST']>
2026-01-10 18:17:11,636 - httpcore.http11 - DEBUG - send_request_headers.complete
2026-01-10 18:17:11,636 - httpcore.http11 - DEBUG - send_request_body.started request=<Request [b'POST']>
2026-01-10 18:17:11,636 - httpcore.http11 - DEBUG - send_request_body.complete
2026-01-10 18:17:11,636 - httpcore.http11 - DEBUG - receive_response_headers.started request=<Request [b'POST']>
2026-01-10 18:17:19,922 - pymongo.topology - DEBUG - {"message": "Server heartbeat succeeded", "topologyId": {"$oid": "6962785d3127086e3f0188e5"}, "driverConnectionId": 1, "serverConnectionId": 221, "serverHost": "localhost", "serverPort": 27017, "awaited": true, "durationMS": 10132.412959355861, "reply": "{\"isWritablePrimary\": true, \"topologyVersion\": {\"processId\": {\"$oid\": \"695c03b553e27f5a444409fe\"}}, \"maxBsonObjectSize\": 16777216, \"maxMessageSizeBytes\": 48000000, \"maxWriteBatchSize\": 100000, \"localTime\": {\"$date\": \"2026-01-10T16:17:19.921Z\"}, \"logicalSessionTimeoutMinutes\": 30, \"connectionId\": 221, \"maxWireVersion\": 27, \"ok\": 1.0}"}
2026-01-10 18:17:19,923 - pymongo.topology - DEBUG - {"message": "Server heartbeat started", "topologyId": {"$oid": "6962785d3127086e3f0188e5"}, "driverConnectionId": 1, "serverConnectionId": 221, "serverHost": "localhost", "serverPort": 27017, "awaited": true}
2026-01-10 18:17:21,715 - httpcore.http11 - DEBUG - receive_response_headers.complete return_value=(b'HTTP/1.1', 200, b'OK', [(b'Server', b'nginx/1.18.0'), (b'Date', b'Sat, 10 Jan 2026 16:17:21 GMT'), (b'Content-Type', b'application/json'), (b'Content-Length', b'23'), (b'Connection', b'keep-alive'), (b'Strict-Transport-Security', b'max-age=31536000; includeSubDomains; preload'), (b'Access-Control-Allow-Origin', b'*'), (b'Access-Control-Allow-Methods', b'GET, POST, OPTIONS'), (b'Access-Control-Expose-Headers', b'Content-Length,Content-Type,Date,Server,Connection')])
2026-01-10 18:17:21,715 - httpx - INFO - HTTP Request: POST https://api.telegram.org/bot8490932438:AAFVy70Urq5Cj0h7gUKJbECBv3z9-apYZtM/getUpdates "HTTP/1.1 200 OK"
2026-01-10 18:17:21,716 - httpcore.http11 - DEBUG - receive_response_body.started request=<Request [b'POST']>
2026-01-10 18:17:21,716 - httpcore.http11 - DEBUG - receive_response_body.complete
2026-01-10 18:17:21,716 - httpcore.http11 - DEBUG - response_closed.started
2026-01-10 18:17:21,716 - httpcore.http11 - DEBUG - response_closed.complete
2026-01-10 18:17:21,717 - telegram.ext.ExtBot - DEBUG - Call to Bot API endpoint `getUpdates` finished with return value `[]`
2026-01-10 18:17:21,717 - telegram.ext.ExtBot - DEBUG - No new updates found.
2026-01-10 18:17:21,717 - telegram.ext.ExtBot - DEBUG - Calling Bot API endpoint `getUpdates` with parameters `{'timeout': datetime.timedelta(seconds=10), 'offset': 328648466, 'allowed_updates': [<UpdateType.MESSAGE>, <UpdateType.EDITED_MESSAGE>, <UpdateType.CHANNEL_POST>, <UpdateType.EDITED_CHANNEL_POST>, <UpdateType.INLINE_QUERY>, <UpdateType.CHOSEN_INLINE_RESULT>, <UpdateType.CALLBACK_QUERY>, <UpdateType.SHIPPING_QUERY>, <UpdateType.PRE_CHECKOUT_QUERY>, <UpdateType.POLL>, <UpdateType.POLL_ANSWER>, <UpdateType.MY_CHAT_MEMBER>, <UpdateType.CHAT_MEMBER>, <UpdateType.CHAT_JOIN_REQUEST>, <UpdateType.CHAT_BOOST>, <UpdateType.REMOVED_CHAT_BOOST>, <UpdateType.MESSAGE_REACTION>, <UpdateType.MESSAGE_REACTION_COUNT>, <UpdateType.BUSINESS_CONNECTION>, <UpdateType.BUSINESS_MESSAGE>, <UpdateType.EDITED_BUSINESS_MESSAGE>, <UpdateType.DELETED_BUSINESS_MESSAGES>, <UpdateType.PURCHASED_PAID_MEDIA>]}`
2026-01-10 18:17:21,718 - httpcore.http11 - DEBUG - send_request_headers.started request=<Request [b'POST']>
2026-01-10 18:17:21,718 - httpcore.http11 - DEBUG - send_request_headers.complete
2026-01-10 18:17:21,718 - httpcore.http11 - DEBUG - send_request_body.started request=<Request [b'POST']>
2026-01-10 18:17:21,719 - httpcore.http11 - DEBUG - send_request_body.complete
2026-01-10 18:17:21,719 - httpcore.http11 - DEBUG - receive_response_headers.started request=<Request [b'POST']>
2026-01-10 18:17:30,068 - pymongo.topology - DEBUG - {"message": "Server heartbeat succeeded", "topologyId": {"$oid": "6962785d3127086e3f0188e5"}, "driverConnectionId": 1, "serverConnectionId": 221, "serverHost": "localhost", "serverPort": 27017, "awaited": true, "durationMS": 10145.286291372031, "reply": "{\"isWritablePrimary\": true, \"topologyVersion\": {\"processId\": {\"$oid\": \"695c03b553e27f5a444409fe\"}}, \"maxBsonObjectSize\": 16777216, \"maxMessageSizeBytes\": 48000000, \"maxWriteBatchSize\": 100000, \"localTime\": {\"$date\": \"2026-01-10T16:17:30.068Z\"}, \"logicalSessionTimeoutMinutes\": 30, \"connectionId\": 221, \"maxWireVersion\": 27, \"ok\": 1.0}"}
2026-01-10 18:17:30,069 - pymongo.topology - DEBUG - {"message": "Server heartbeat started", "topologyId": {"$oid": "6962785d3127086e3f0188e5"}, "driverConnectionId": 1, "serverConnectionId": 221, "serverHost": "localhost", "serverPort": 27017, "awaited": true}
2026-01-10 18:17:31,909 - httpcore.http11 - DEBUG - receive_response_headers.complete return_value=(b'HTTP/1.1', 200, b'OK', [(b'Server', b'nginx/1.18.0'), (b'Date', b'Sat, 10 Jan 2026 16:17:31 GMT'), (b'Content-Type', b'application/json'), (b'Content-Length', b'23'), (b'Connection', b'keep-alive'), (b'Strict-Transport-Security', b'max-age=31536000; includeSubDomains; preload'), (b'Access-Control-Allow-Origin', b'*'), (b'Access-Control-Allow-Methods', b'GET, POST, OPTIONS'), (b'Access-Control-Expose-Headers', b'Content-Length,Content-Type,Date,Server,Connection')])
2026-01-10 18:17:31,909 - httpx - INFO - HTTP Request: POST https://api.telegram.org/bot8490932438:AAFVy70Urq5Cj0h7gUKJbECBv3z9-apYZtM/getUpdates "HTTP/1.1 200 OK"
2026-01-10 18:17:31,910 - httpcore.http11 - DEBUG - receive_response_body.started request=<Request [b'POST']>
2026-01-10 18:17:31,910 - httpcore.http11 - DEBUG - receive_response_body.complete
2026-01-10 18:17:31,910 - httpcore.http11 - DEBUG - response_closed.started
2026-01-10 18:17:31,910 - httpcore.http11 - DEBUG - response_closed.complete
2026-01-10 18:17:31,910 - telegram.ext.ExtBot - DEBUG - Call to Bot API endpoint `getUpdates` finished with return value `[]`
2026-01-10 18:17:31,910 - telegram.ext.ExtBot - DEBUG - No new updates found.
2026-01-10 18:17:31,911 - telegram.ext.ExtBot - DEBUG - Calling Bot API endpoint `getUpdates` with parameters `{'timeout': datetime.timedelta(seconds=10), 'offset': 328648466, 'allowed_updates': [<UpdateType.MESSAGE>, <UpdateType.EDITED_MESSAGE>, <UpdateType.CHANNEL_POST>, <UpdateType.EDITED_CHANNEL_POST>, <UpdateType.INLINE_QUERY>, <UpdateType.CHOSEN_INLINE_RESULT>, <UpdateType.CALLBACK_QUERY>, <UpdateType.SHIPPING_QUERY>, <UpdateType.PRE_CHECKOUT_QUERY>, <UpdateType.POLL>, <UpdateType.POLL_ANSWER>, <UpdateType.MY_CHAT_MEMBER>, <UpdateType.CHAT_MEMBER>, <UpdateType.CHAT_JOIN_REQUEST>, <UpdateType.CHAT_BOOST>, <UpdateType.REMOVED_CHAT_BOOST>, <UpdateType.MESSAGE_REACTION>, <UpdateType.MESSAGE_REACTION_COUNT>, <UpdateType.BUSINESS_CONNECTION>, <UpdateType.BUSINESS_MESSAGE>, <UpdateType.EDITED_BUSINESS_MESSAGE>, <UpdateType.DELETED_BUSINESS_MESSAGES>, <UpdateType.PURCHASED_PAID_MEDIA>]}`
2026-01-10 18:17:31,912 - httpcore.http11 - DEBUG - send_request_headers.started request=<Request [b'POST']>
2026-01-10 18:17:31,912 - httpcore.http11 - DEBUG - send_request_headers.complete
2026-01-10 18:17:31,912 - httpcore.http11 - DEBUG - send_request_body.started request=<Request [b'POST']>
2026-01-10 18:17:31,912 - httpcore.http11 - DEBUG - send_request_body.complete
2026-01-10 18:17:31,913 - httpcore.http11 - DEBUG - receive_response_headers.started request=<Request [b'POST']>
2026-01-10 18:17:40,187 - pymongo.topology - DEBUG - {"message": "Server heartbeat succeeded", "topologyId": {"$oid": "6962785d3127086e3f0188e5"}, "driverConnectionId": 1, "serverConnectionId": 221, "serverHost": "localhost", "serverPort": 27017, "awaited": true, "durationMS": 10117.930124979466, "reply": "{\"isWritablePrimary\": true, \"topologyVersion\": {\"processId\": {\"$oid\": \"695c03b553e27f5a444409fe\"}}, \"maxBsonObjectSize\": 16777216, \"maxMessageSizeBytes\": 48000000, \"maxWriteBatchSize\": 100000, \"localTime\": {\"$date\": \"2026-01-10T16:17:40.187Z\"}, \"logicalSessionTimeoutMinutes\": 30, \"connectionId\": 221, \"maxWireVersion\": 27, \"ok\": 1.0}"}
2026-01-10 18:17:40,187 - pymongo.topology - DEBUG - {"message": "Server heartbeat started", "topologyId": {"$oid": "6962785d3127086e3f0188e5"}, "driverConnectionId": 1, "serverConnectionId": 221, "serverHost": "localhost", "serverPort": 27017, "awaited": true}
2026-01-10 18:17:42,045 - httpcore.http11 - DEBUG - receive_response_headers.complete return_value=(b'HTTP/1.1', 200, b'OK', [(b'Server', b'nginx/1.18.0'), (b'Date', b'Sat, 10 Jan 2026 16:17:42 GMT'), (b'Content-Type', b'application/json'), (b'Content-Length', b'23'), (b'Connection', b'keep-alive'), (b'Strict-Transport-Security', b'max-age=31536000; includeSubDomains; preload'), (b'Access-Control-Allow-Origin', b'*'), (b'Access-Control-Allow-Methods', b'GET, POST, OPTIONS'), (b'Access-Control-Expose-Headers', b'Content-Length,Content-Type,Date,Server,Connection')])
2026-01-10 18:17:42,045 - httpx - INFO - HTTP Request: POST https://api.telegram.org/bot8490932438:AAFVy70Urq5Cj0h7gUKJbECBv3z9-apYZtM/getUpdates "HTTP/1.1 200 OK"
2026-01-10 18:17:42,046 - httpcore.http11 - DEBUG - receive_response_body.started request=<Request [b'POST']>
2026-01-10 18:17:42,046 - httpcore.http11 - DEBUG - receive_response_body.complete
2026-01-10 18:17:42,046 - httpcore.http11 - DEBUG - response_closed.started
2026-01-10 18:17:42,046 - httpcore.http11 - DEBUG - response_closed.complete
2026-01-10 18:17:42,047 - telegram.ext.ExtBot - DEBUG - Call to Bot API endpoint `getUpdates` finished with return value `[]`
2026-01-10 18:17:42,047 - telegram.ext.ExtBot - DEBUG - No new updates found.
2026-01-10 18:17:42,047 - telegram.ext.ExtBot - DEBUG - Calling Bot API endpoint `getUpdates` with parameters `{'timeout': datetime.timedelta(seconds=10), 'offset': 328648466, 'allowed_updates': [<UpdateType.MESSAGE>, <UpdateType.EDITED_MESSAGE>, <UpdateType.CHANNEL_POST>, <UpdateType.EDITED_CHANNEL_POST>, <UpdateType.INLINE_QUERY>, <UpdateType.CHOSEN_INLINE_RESULT>, <UpdateType.CALLBACK_QUERY>, <UpdateType.SHIPPING_QUERY>, <UpdateType.PRE_CHECKOUT_QUERY>, <UpdateType.POLL>, <UpdateType.POLL_ANSWER>, <UpdateType.MY_CHAT_MEMBER>, <UpdateType.CHAT_MEMBER>, <UpdateType.CHAT_JOIN_REQUEST>, <UpdateType.CHAT_BOOST>, <UpdateType.REMOVED_CHAT_BOOST>, <UpdateType.MESSAGE_REACTION>, <UpdateType.MESSAGE_REACTION_COUNT>, <UpdateType.BUSINESS_CONNECTION>, <UpdateType.BUSINESS_MESSAGE>, <UpdateType.EDITED_BUSINESS_MESSAGE>, <UpdateType.DELETED_BUSINESS_MESSAGES>, <UpdateType.PURCHASED_PAID_MEDIA>]}`
2026-01-10 18:17:42,048 - httpcore.http11 - DEBUG - send_request_headers.started request=<Request [b'POST']>
2026-01-10 18:17:42,048 - httpcore.http11 - DEBUG - send_request_headers.complete
2026-01-10 18:17:42,049 - httpcore.http11 - DEBUG - send_request_body.started request=<Request [b'POST']>
2026-01-10 18:17:42,049 - httpcore.http11 - DEBUG - send_request_body.complete
2026-01-10 18:17:42,049 - httpcore.http11 - DEBUG - receive_response_headers.started request=<Request [b'POST']>
2026-01-10 18:17:50,331 - pymongo.topology - DEBUG - {"message": "Server heartbeat succeeded", "topologyId": {"$oid": "6962785d3127086e3f0188e5"}, "driverConnectionId": 1, "serverConnectionId": 221, "serverHost": "localhost", "serverPort": 27017, "awaited": true, "durationMS": 10143.195292446762, "reply": "{\"isWritablePrimary\": true, \"topologyVersion\": {\"processId\": {\"$oid\": \"695c03b553e27f5a444409fe\"}}, \"maxBsonObjectSize\": 16777216, \"maxMessageSizeBytes\": 48000000, \"maxWriteBatchSize\": 100000, \"localTime\": {\"$date\": \"2026-01-10T16:17:50.330Z\"}, \"logicalSessionTimeoutMinutes\": 30, \"connectionId\": 221, \"maxWireVersion\": 27, \"ok\": 1.0}"}
2026-01-10 18:17:50,331 - pymongo.topology - DEBUG - {"message": "Server heartbeat started", "topologyId": {"$oid": "6962785d3127086e3f0188e5"}, "driverConnectionId": 1, "serverConnectionId": 221, "serverHost": "localhost", "serverPort": 27017, "awaited": true}
2026-01-10 18:17:52,181 - httpcore.http11 - DEBUG - receive_response_headers.complete return_value=(b'HTTP/1.1', 200, b'OK', [(b'Server', b'nginx/1.18.0'), (b'Date', b'Sat, 10 Jan 2026 16:17:52 GMT'), (b'Content-Type', b'application/json'), (b'Content-Length', b'23'), (b'Connection', b'keep-alive'), (b'Strict-Transport-Security', b'max-age=31536000; includeSubDomains; preload'), (b'Access-Control-Allow-Origin', b'*'), (b'Access-Control-Allow-Methods', b'GET, POST, OPTIONS'), (b'Access-Control-Expose-Headers', b'Content-Length,Content-Type,Date,Server,Connection')])
2026-01-10 18:17:52,182 - httpx - INFO - HTTP Request: POST https://api.telegram.org/bot8490932438:AAFVy70Urq5Cj0h7gUKJbECBv3z9-apYZtM/getUpdates "HTTP/1.1 200 OK"
2026-01-10 18:17:52,182 - httpcore.http11 - DEBUG - receive_response_body.started request=<Request [b'POST']>
2026-01-10 18:17:52,182 - httpcore.http11 - DEBUG - receive_response_body.complete
2026-01-10 18:17:52,182 - httpcore.http11 - DEBUG - response_closed.started
2026-01-10 18:17:52,183 - httpcore.http11 - DEBUG - response_closed.complete
2026-01-10 18:17:52,183 - telegram.ext.ExtBot - DEBUG - Call to Bot API endpoint `getUpdates` finished with return value `[]`
2026-01-10 18:17:52,183 - telegram.ext.ExtBot - DEBUG - No new updates found.
2026-01-10 18:17:52,183 - telegram.ext.ExtBot - DEBUG - Calling Bot API endpoint `getUpdates` with parameters `{'timeout': datetime.timedelta(seconds=10), 'offset': 328648466, 'allowed_updates': [<UpdateType.MESSAGE>, <UpdateType.EDITED_MESSAGE>, <UpdateType.CHANNEL_POST>, <UpdateType.EDITED_CHANNEL_POST>, <UpdateType.INLINE_QUERY>, <UpdateType.CHOSEN_INLINE_RESULT>, <UpdateType.CALLBACK_QUERY>, <UpdateType.SHIPPING_QUERY>, <UpdateType.PRE_CHECKOUT_QUERY>, <UpdateType.POLL>, <UpdateType.POLL_ANSWER>, <UpdateType.MY_CHAT_MEMBER>, <UpdateType.CHAT_MEMBER>, <UpdateType.CHAT_JOIN_REQUEST>, <UpdateType.CHAT_BOOST>, <UpdateType.REMOVED_CHAT_BOOST>, <UpdateType.MESSAGE_REACTION>, <UpdateType.MESSAGE_REACTION_COUNT>, <UpdateType.BUSINESS_CONNECTION>, <UpdateType.BUSINESS_MESSAGE>, <UpdateType.EDITED_BUSINESS_MESSAGE>, <UpdateType.DELETED_BUSINESS_MESSAGES>, <UpdateType.PURCHASED_PAID_MEDIA>]}`
2026-01-10 18:17:52,184 - httpcore.http11 - DEBUG - send_request_headers.started request=<Request [b'POST']>
2026-01-10 18:17:52,185 - httpcore.http11 - DEBUG - send_request_headers.complete
2026-01-10 18:17:52,185 - httpcore.http11 - DEBUG - send_request_body.started request=<Request [b'POST']>
2026-01-10 18:17:52,185 - httpcore.http11 - DEBUG - send_request_body.complete
2026-01-10 18:17:52,185 - httpcore.http11 - DEBUG - receive_response_headers.started request=<Request [b'POST']>
2026-01-10 18:18:00,453 - pymongo.topology - DEBUG - {"message": "Server heartbeat succeeded", "topologyId": {"$oid": "6962785d3127086e3f0188e5"}, "driverConnectionId": 1, "serverConnectionId": 221, "serverHost": "localhost", "serverPort": 27017, "awaited": true, "durationMS": 10121.786540839821, "reply": "{\"isWritablePrimary\": true, \"topologyVersion\": {\"processId\": {\"$oid\": \"695c03b553e27f5a444409fe\"}}, \"maxBsonObjectSize\": 16777216, \"maxMessageSizeBytes\": 48000000, \"maxWriteBatchSize\": 100000, \"localTime\": {\"$date\": \"2026-01-10T16:18:00.453Z\"}, \"logicalSessionTimeoutMinutes\": 30, \"connectionId\": 221, \"maxWireVersion\": 27, \"ok\": 1.0}"}
2026-01-10 18:18:00,454 - pymongo.topology - DEBUG - {"message": "Server heartbeat started", "topologyId": {"$oid": "6962785d3127086e3f0188e5"}, "driverConnectionId": 1, "serverConnectionId": 221, "serverHost": "localhost", "serverPort": 27017, "awaited": true}
2026-01-10 18:18:02,320 - httpcore.http11 - DEBUG - receive_response_headers.complete return_value=(b'HTTP/1.1', 200, b'OK', [(b'Server', b'nginx/1.18.0'), (b'Date', b'Sat, 10 Jan 2026 16:18:02 GMT'), (b'Content-Type', b'application/json'), (b'Content-Length', b'23'), (b'Connection', b'keep-alive'), (b'Strict-Transport-Security', b'max-age=31536000; includeSubDomains; preload'), (b'Access-Control-Allow-Origin', b'*'), (b'Access-Control-Allow-Methods', b'GET, POST, OPTIONS'), (b'Access-Control-Expose-Headers', b'Content-Length,Content-Type,Date,Server,Connection')])
2026-01-10 18:18:02,321 - httpx - INFO - HTTP Request: POST https://api.telegram.org/bot8490932438:AAFVy70Urq5Cj0h7gUKJbECBv3z9-apYZtM/getUpdates "HTTP/1.1 200 OK"
2026-01-10 18:18:02,321 - httpcore.http11 - DEBUG - receive_response_body.started request=<Request [b'POST']>
2026-01-10 18:18:02,321 - httpcore.http11 - DEBUG - receive_response_body.complete
2026-01-10 18:18:02,321 - httpcore.http11 - DEBUG - response_closed.started
2026-01-10 18:18:02,321 - httpcore.http11 - DEBUG - response_closed.complete
2026-01-10 18:18:02,322 - telegram.ext.ExtBot - DEBUG - Call to Bot API endpoint `getUpdates` finished with return value `[]`
2026-01-10 18:18:02,322 - telegram.ext.ExtBot - DEBUG - No new updates found.
2026-01-10 18:18:02,322 - telegram.ext.ExtBot - DEBUG - Calling Bot API endpoint `getUpdates` with parameters `{'timeout': datetime.timedelta(seconds=10), 'offset': 328648466, 'allowed_updates': [<UpdateType.MESSAGE>, <UpdateType.EDITED_MESSAGE>, <UpdateType.CHANNEL_POST>, <UpdateType.EDITED_CHANNEL_POST>, <UpdateType.INLINE_QUERY>, <UpdateType.CHOSEN_INLINE_RESULT>, <UpdateType.CALLBACK_QUERY>, <UpdateType.SHIPPING_QUERY>, <UpdateType.PRE_CHECKOUT_QUERY>, <UpdateType.POLL>, <UpdateType.POLL_ANSWER>, <UpdateType.MY_CHAT_MEMBER>, <UpdateType.CHAT_MEMBER>, <UpdateType.CHAT_JOIN_REQUEST>, <UpdateType.CHAT_BOOST>, <UpdateType.REMOVED_CHAT_BOOST>, <UpdateType.MESSAGE_REACTION>, <UpdateType.MESSAGE_REACTION_COUNT>, <UpdateType.BUSINESS_CONNECTION>, <UpdateType.BUSINESS_MESSAGE>, <UpdateType.EDITED_BUSINESS_MESSAGE>, <UpdateType.DELETED_BUSINESS_MESSAGES>, <UpdateType.PURCHASED_PAID_MEDIA>]}`
2026-01-10 18:18:02,323 - httpcore.http11 - DEBUG - send_request_headers.started request=<Request [b'POST']>
2026-01-10 18:18:02,323 - httpcore.http11 - DEBUG - send_request_headers.complete
2026-01-10 18:18:02,324 - httpcore.http11 - DEBUG - send_request_body.started request=<Request [b'POST']>
2026-01-10 18:18:02,324 - httpcore.http11 - DEBUG - send_request_body.complete
2026-01-10 18:18:02,324 - httpcore.http11 - DEBUG - receive_response_headers.started request=<Request [b'POST']>
2026-01-10 18:18:10,601 - pymongo.topology - DEBUG - {"message": "Server heartbeat succeeded", "topologyId": {"$oid": "6962785d3127086e3f0188e5"}, "driverConnectionId": 1, "serverConnectionId": 221, "serverHost": "localhost", "serverPort": 27017, "awaited": true, "durationMS": 10146.592457778752, "reply": "{\"isWritablePrimary\": true, \"topologyVersion\": {\"processId\": {\"$oid\": \"695c03b553e27f5a444409fe\"}}, \"maxBsonObjectSize\": 16777216, \"maxMessageSizeBytes\": 48000000, \"maxWriteBatchSize\": 100000, \"localTime\": {\"$date\": \"2026-01-10T16:18:10.600Z\"}, \"logicalSessionTimeoutMinutes\": 30, \"connectionId\": 221, \"maxWireVersion\": 27, \"ok\": 1.0}"}
2026-01-10 18:18:10,602 - pymongo.topology - DEBUG - {"message": "Server heartbeat started", "topologyId": {"$oid": "6962785d3127086e3f0188e5"}, "driverConnectionId": 1, "serverConnectionId": 221, "serverHost": "localhost", "serverPort": 27017, "awaited": true}
2026-01-10 18:18:12,460 - httpcore.http11 - DEBUG - receive_response_headers.complete return_value=(b'HTTP/1.1', 200, b'OK', [(b'Server', b'nginx/1.18.0'), (b'Date', b'Sat, 10 Jan 2026 16:18:12 GMT'), (b'Content-Type', b'application/json'), (b'Content-Length', b'23'), (b'Connection', b'keep-alive'), (b'Strict-Transport-Security', b'max-age=31536000; includeSubDomains; preload'), (b'Access-Control-Allow-Origin', b'*'), (b'Access-Control-Allow-Methods', b'GET, POST, OPTIONS'), (b'Access-Control-Expose-Headers', b'Content-Length,Content-Type,Date,Server,Connection')])
2026-01-10 18:18:12,460 - httpx - INFO - HTTP Request: POST https://api.telegram.org/bot8490932438:AAFVy70Urq5Cj0h7gUKJbECBv3z9-apYZtM/getUpdates "HTTP/1.1 200 OK"
2026-01-10 18:18:12,460 - httpcore.http11 - DEBUG - receive_response_body.started request=<Request [b'POST']>
2026-01-10 18:18:12,461 - httpcore.http11 - DEBUG - receive_response_body.complete
2026-01-10 18:18:12,461 - httpcore.http11 - DEBUG - response_closed.started
2026-01-10 18:18:12,461 - httpcore.http11 - DEBUG - response_closed.complete
2026-01-10 18:18:12,461 - telegram.ext.ExtBot - DEBUG - Call to Bot API endpoint `getUpdates` finished with return value `[]`
2026-01-10 18:18:12,461 - telegram.ext.ExtBot - DEBUG - No new updates found.
2026-01-10 18:18:12,462 - telegram.ext.ExtBot - DEBUG - Calling Bot API endpoint `getUpdates` with parameters `{'timeout': datetime.timedelta(seconds=10), 'offset': 328648466, 'allowed_updates': [<UpdateType.MESSAGE>, <UpdateType.EDITED_MESSAGE>, <UpdateType.CHANNEL_POST>, <UpdateType.EDITED_CHANNEL_POST>, <UpdateType.INLINE_QUERY>, <UpdateType.CHOSEN_INLINE_RESULT>, <UpdateType.CALLBACK_QUERY>, <UpdateType.SHIPPING_QUERY>, <UpdateType.PRE_CHECKOUT_QUERY>, <UpdateType.POLL>, <UpdateType.POLL_ANSWER>, <UpdateType.MY_CHAT_MEMBER>, <UpdateType.CHAT_MEMBER>, <UpdateType.CHAT_JOIN_REQUEST>, <UpdateType.CHAT_BOOST>, <UpdateType.REMOVED_CHAT_BOOST>, <UpdateType.MESSAGE_REACTION>, <UpdateType.MESSAGE_REACTION_COUNT>, <UpdateType.BUSINESS_CONNECTION>, <UpdateType.BUSINESS_MESSAGE>, <UpdateType.EDITED_BUSINESS_MESSAGE>, <UpdateType.DELETED_BUSINESS_MESSAGES>, <UpdateType.PURCHASED_PAID_MEDIA>]}`
2026-01-10 18:18:12,463 - httpcore.http11 - DEBUG - send_request_headers.started request=<Request [b'POST']>
2026-01-10 18:18:12,463 - httpcore.http11 - DEBUG - send_request_headers.complete
2026-01-10 18:18:12,463 - httpcore.http11 - DEBUG - send_request_body.started request=<Request [b'POST']>
2026-01-10 18:18:12,464 - httpcore.http11 - DEBUG - send_request_body.complete
2026-01-10 18:18:12,464 - httpcore.http11 - DEBUG - receive_response_headers.started request=<Request [b'POST']>
2026-01-10 18:18:20,668 - pymongo.topology - DEBUG - {"message": "Server heartbeat succeeded", "topologyId": {"$oid": "6962785d3127086e3f0188e5"}, "driverConnectionId": 1, "serverConnectionId": 221, "serverHost": "localhost", "serverPort": 27017, "awaited": true, "durationMS": 10065.302083268762, "reply": "{\"isWritablePrimary\": true, \"topologyVersion\": {\"processId\": {\"$oid\": \"695c03b553e27f5a444409fe\"}}, \"maxBsonObjectSize\": 16777216, \"maxMessageSizeBytes\": 48000000, \"maxWriteBatchSize\": 100000, \"localTime\": {\"$date\": \"2026-01-10T16:18:20.667Z\"}, \"logicalSessionTimeoutMinutes\": 30, \"connectionId\": 221, \"maxWireVersion\": 27, \"ok\": 1.0}"}
2026-01-10 18:18:20,668 - pymongo.topology - DEBUG - {"message": "Server heartbeat started", "topologyId": {"$oid": "6962785d3127086e3f0188e5"}, "driverConnectionId": 1, "serverConnectionId": 221, "serverHost": "localhost", "serverPort": 27017, "awaited": true}
2026-01-10 18:18:22,597 - httpcore.http11 - DEBUG - receive_response_headers.complete return_value=(b'HTTP/1.1', 200, b'OK', [(b'Server', b'nginx/1.18.0'), (b'Date', b'Sat, 10 Jan 2026 16:18:22 GMT'), (b'Content-Type', b'application/json'), (b'Content-Length', b'23'), (b'Connection', b'keep-alive'), (b'Strict-Transport-Security', b'max-age=31536000; includeSubDomains; preload'), (b'Access-Control-Allow-Origin', b'*'), (b'Access-Control-Allow-Methods', b'GET, POST, OPTIONS'), (b'Access-Control-Expose-Headers', b'Content-Length,Content-Type,Date,Server,Connection')])
2026-01-10 18:18:22,598 - httpx - INFO - HTTP Request: POST https://api.telegram.org/bot8490932438:AAFVy70Urq5Cj0h7gUKJbECBv3z9-apYZtM/getUpdates "HTTP/1.1 200 OK"
2026-01-10 18:18:22,598 - httpcore.http11 - DEBUG - receive_response_body.started request=<Request [b'POST']>
2026-01-10 18:18:22,598 - httpcore.http11 - DEBUG - receive_response_body.complete
2026-01-10 18:18:22,599 - httpcore.http11 - DEBUG - response_closed.started
2026-01-10 18:18:22,599 - httpcore.http11 - DEBUG - response_closed.complete
2026-01-10 18:18:22,599 - telegram.ext.ExtBot - DEBUG - Call to Bot API endpoint `getUpdates` finished with return value `[]`
2026-01-10 18:18:22,599 - telegram.ext.ExtBot - DEBUG - No new updates found.
2026-01-10 18:18:22,600 - telegram.ext.ExtBot - DEBUG - Calling Bot API endpoint `getUpdates` with parameters `{'timeout': datetime.timedelta(seconds=10), 'offset': 328648466, 'allowed_updates': [<UpdateType.MESSAGE>, <UpdateType.EDITED_MESSAGE>, <UpdateType.CHANNEL_POST>, <UpdateType.EDITED_CHANNEL_POST>, <UpdateType.INLINE_QUERY>, <UpdateType.CHOSEN_INLINE_RESULT>, <UpdateType.CALLBACK_QUERY>, <UpdateType.SHIPPING_QUERY>, <UpdateType.PRE_CHECKOUT_QUERY>, <UpdateType.POLL>, <UpdateType.POLL_ANSWER>, <UpdateType.MY_CHAT_MEMBER>, <UpdateType.CHAT_MEMBER>, <UpdateType.CHAT_JOIN_REQUEST>, <UpdateType.CHAT_BOOST>, <UpdateType.REMOVED_CHAT_BOOST>, <UpdateType.MESSAGE_REACTION>, <UpdateType.MESSAGE_REACTION_COUNT>, <UpdateType.BUSINESS_CONNECTION>, <UpdateType.BUSINESS_MESSAGE>, <UpdateType.EDITED_BUSINESS_MESSAGE>, <UpdateType.DELETED_BUSINESS_MESSAGES>, <UpdateType.PURCHASED_PAID_MEDIA>]}`
2026-01-10 18:18:22,601 - httpcore.http11 - DEBUG - send_request_headers.started request=<Request [b'POST']>
2026-01-10 18:18:22,601 - httpcore.http11 - DEBUG - send_request_headers.complete
2026-01-10 18:18:22,601 - httpcore.http11 - DEBUG - send_request_body.started request=<Request [b'POST']>
2026-01-10 18:18:22,602 - httpcore.http11 - DEBUG - send_request_body.complete
2026-01-10 18:18:22,602 - httpcore.http11 - DEBUG - receive_response_headers.started request=<Request [b'POST']>
2026-01-10 18:18:30,687 - pymongo.topology - DEBUG - {"message": "Server heartbeat succeeded", "topologyId": {"$oid": "6962785d3127086e3f0188e5"}, "driverConnectionId": 1, "serverConnectionId": 221, "serverHost": "localhost", "serverPort": 27017, "awaited": true, "durationMS": 10018.626041244715, "reply": "{\"isWritablePrimary\": true, \"topologyVersion\": {\"processId\": {\"$oid\": \"695c03b553e27f5a444409fe\"}}, \"maxBsonObjectSize\": 16777216, \"maxMessageSizeBytes\": 48000000, \"maxWriteBatchSize\": 100000, \"localTime\": {\"$date\": \"2026-01-10T16:18:30.687Z\"}, \"logicalSessionTimeoutMinutes\": 30, \"connectionId\": 221, \"maxWireVersion\": 27, \"ok\": 1.0}"}
2026-01-10 18:18:30,688 - pymongo.topology - DEBUG - {"message": "Server heartbeat started", "topologyId": {"$oid": "6962785d3127086e3f0188e5"}, "driverConnectionId": 1, "serverConnectionId": 221, "serverHost": "localhost", "serverPort": 27017, "awaited": true}
2026-01-10 18:18:32,733 - httpcore.http11 - DEBUG - receive_response_headers.complete return_value=(b'HTTP/1.1', 200, b'OK', [(b'Server', b'nginx/1.18.0'), (b'Date', b'Sat, 10 Jan 2026 16:18:32 GMT'), (b'Content-Type', b'application/json'), (b'Content-Length', b'23'), (b'Connection', b'keep-alive'), (b'Strict-Transport-Security', b'max-age=31536000; includeSubDomains; preload'), (b'Access-Control-Allow-Origin', b'*'), (b'Access-Control-Allow-Methods', b'GET, POST, OPTIONS'), (b'Access-Control-Expose-Headers', b'Content-Length,Content-Type,Date,Server,Connection')])
2026-01-10 18:18:32,734 - httpx - INFO - HTTP Request: POST https://api.telegram.org/bot8490932438:AAFVy70Urq5Cj0h7gUKJbECBv3z9-apYZtM/getUpdates "HTTP/1.1 200 OK"
2026-01-10 18:18:32,734 - httpcore.http11 - DEBUG - receive_response_body.started request=<Request [b'POST']>
2026-01-10 18:18:32,734 - httpcore.http11 - DEBUG - receive_response_body.complete
2026-01-10 18:18:32,734 - httpcore.http11 - DEBUG - response_closed.started
2026-01-10 18:18:32,734 - httpcore.http11 - DEBUG - response_closed.complete
2026-01-10 18:18:32,734 - telegram.ext.ExtBot - DEBUG - Call to Bot API endpoint `getUpdates` finished with return value `[]`
2026-01-10 18:18:32,734 - telegram.ext.ExtBot - DEBUG - No new updates found.
2026-01-10 18:18:32,735 - telegram.ext.ExtBot - DEBUG - Calling Bot API endpoint `getUpdates` with parameters `{'timeout': datetime.timedelta(seconds=10), 'offset': 328648466, 'allowed_updates': [<UpdateType.MESSAGE>, <UpdateType.EDITED_MESSAGE>, <UpdateType.CHANNEL_POST>, <UpdateType.EDITED_CHANNEL_POST>, <UpdateType.INLINE_QUERY>, <UpdateType.CHOSEN_INLINE_RESULT>, <UpdateType.CALLBACK_QUERY>, <UpdateType.SHIPPING_QUERY>, <UpdateType.PRE_CHECKOUT_QUERY>, <UpdateType.POLL>, <UpdateType.POLL_ANSWER>, <UpdateType.MY_CHAT_MEMBER>, <UpdateType.CHAT_MEMBER>, <UpdateType.CHAT_JOIN_REQUEST>, <UpdateType.CHAT_BOOST>, <UpdateType.REMOVED_CHAT_BOOST>, <UpdateType.MESSAGE_REACTION>, <UpdateType.MESSAGE_REACTION_COUNT>, <UpdateType.BUSINESS_CONNECTION>, <UpdateType.BUSINESS_MESSAGE>, <UpdateType.EDITED_BUSINESS_MESSAGE>, <UpdateType.DELETED_BUSINESS_MESSAGES>, <UpdateType.PURCHASED_PAID_MEDIA>]}`
2026-01-10 18:18:32,735 - httpcore.http11 - DEBUG - send_request_headers.started request=<Request [b'POST']>
2026-01-10 18:18:32,736 - httpcore.http11 - DEBUG - send_request_headers.complete
2026-01-10 18:18:32,736 - httpcore.http11 - DEBUG - send_request_body.started request=<Request [b'POST']>
2026-01-10 18:18:32,736 - httpcore.http11 - DEBUG - send_request_body.complete
2026-01-10 18:18:32,736 - httpcore.http11 - DEBUG - receive_response_headers.started request=<Request [b'POST']>
2026-01-10 18:18:40,728 - pymongo.topology - DEBUG - {"message": "Server heartbeat succeeded", "topologyId": {"$oid": "6962785d3127086e3f0188e5"}, "driverConnectionId": 1, "serverConnectionId": 221, "serverHost": "localhost", "serverPort": 27017, "awaited": true, "durationMS": 10039.831459056586, "reply": "{\"isWritablePrimary\": true, \"topologyVersion\": {\"processId\": {\"$oid\": \"695c03b553e27f5a444409fe\"}}, \"maxBsonObjectSize\": 16777216, \"maxMessageSizeBytes\": 48000000, \"maxWriteBatchSize\": 100000, \"localTime\": {\"$date\": \"2026-01-10T16:18:40.727Z\"}, \"logicalSessionTimeoutMinutes\": 30, \"connectionId\": 221, \"maxWireVersion\": 27, \"ok\": 1.0}"}
2026-01-10 18:18:40,731 - pymongo.topology - DEBUG - {"message": "Server heartbeat started", "topologyId": {"$oid": "6962785d3127086e3f0188e5"}, "driverConnectionId": 1, "serverConnectionId": 221, "serverHost": "localhost", "serverPort": 27017, "awaited": true}
2026-01-10 18:18:42,870 - httpcore.http11 - DEBUG - receive_response_headers.complete return_value=(b'HTTP/1.1', 200, b'OK', [(b'Server', b'nginx/1.18.0'), (b'Date', b'Sat, 10 Jan 2026 16:18:42 GMT'), (b'Content-Type', b'application/json'), (b'Content-Length', b'23'), (b'Connection', b'keep-alive'), (b'Strict-Transport-Security', b'max-age=31536000; includeSubDomains; preload'), (b'Access-Control-Allow-Origin', b'*'), (b'Access-Control-Allow-Methods', b'GET, POST, OPTIONS'), (b'Access-Control-Expose-Headers', b'Content-Length,Content-Type,Date,Server,Connection')])
2026-01-10 18:18:42,871 - httpx - INFO - HTTP Request: POST https://api.telegram.org/bot8490932438:AAFVy70Urq5Cj0h7gUKJbECBv3z9-apYZtM/getUpdates "HTTP/1.1 200 OK"
2026-01-10 18:18:42,871 - httpcore.http11 - DEBUG - receive_response_body.started request=<Request [b'POST']>
2026-01-10 18:18:42,871 - httpcore.http11 - DEBUG - receive_response_body.complete
2026-01-10 18:18:42,871 - httpcore.http11 - DEBUG - response_closed.started
2026-01-10 18:18:42,872 - httpcore.http11 - DEBUG - response_closed.complete
2026-01-10 18:18:42,872 - telegram.ext.ExtBot - DEBUG - Call to Bot API endpoint `getUpdates` finished with return value `[]`
2026-01-10 18:18:42,872 - telegram.ext.ExtBot - DEBUG - No new updates found.
2026-01-10 18:18:42,873 - telegram.ext.ExtBot - DEBUG - Calling Bot API endpoint `getUpdates` with parameters `{'timeout': datetime.timedelta(seconds=10), 'offset': 328648466, 'allowed_updates': [<UpdateType.MESSAGE>, <UpdateType.EDITED_MESSAGE>, <UpdateType.CHANNEL_POST>, <UpdateType.EDITED_CHANNEL_POST>, <UpdateType.INLINE_QUERY>, <UpdateType.CHOSEN_INLINE_RESULT>, <UpdateType.CALLBACK_QUERY>, <UpdateType.SHIPPING_QUERY>, <UpdateType.PRE_CHECKOUT_QUERY>, <UpdateType.POLL>, <UpdateType.POLL_ANSWER>, <UpdateType.MY_CHAT_MEMBER>, <UpdateType.CHAT_MEMBER>, <UpdateType.CHAT_JOIN_REQUEST>, <UpdateType.CHAT_BOOST>, <UpdateType.REMOVED_CHAT_BOOST>, <UpdateType.MESSAGE_REACTION>, <UpdateType.MESSAGE_REACTION_COUNT>, <UpdateType.BUSINESS_CONNECTION>, <UpdateType.BUSINESS_MESSAGE>, <UpdateType.EDITED_BUSINESS_MESSAGE>, <UpdateType.DELETED_BUSINESS_MESSAGES>, <UpdateType.PURCHASED_PAID_MEDIA>]}`
2026-01-10 18:18:42,873 - httpcore.http11 - DEBUG - send_request_headers.started request=<Request [b'POST']>
2026-01-10 18:18:42,874 - httpcore.http11 - DEBUG - send_request_headers.complete
2026-01-10 18:18:42,874 - httpcore.http11 - DEBUG - send_request_body.started request=<Request [b'POST']>
2026-01-10 18:18:42,874 - httpcore.http11 - DEBUG - send_request_body.complete
2026-01-10 18:18:42,874 - httpcore.http11 - DEBUG - receive_response_headers.started request=<Request [b'POST']>
2026-01-10 18:18:50,733 - pymongo.topology - DEBUG - {"message": "Server heartbeat succeeded", "topologyId": {"$oid": "6962785d3127086e3f0188e5"}, "driverConnectionId": 1, "serverConnectionId": 221, "serverHost": "localhost", "serverPort": 27017, "awaited": true, "durationMS": 10001.618000213057, "reply": "{\"isWritablePrimary\": true, \"topologyVersion\": {\"processId\": {\"$oid\": \"695c03b553e27f5a444409fe\"}}, \"maxBsonObjectSize\": 16777216, \"maxMessageSizeBytes\": 48000000, \"maxWriteBatchSize\": 100000, \"localTime\": {\"$date\": \"2026-01-10T16:18:50.733Z\"}, \"logicalSessionTimeoutMinutes\": 30, \"connectionId\": 221, \"maxWireVersion\": 27, \"ok\": 1.0}"}
2026-01-10 18:18:50,734 - pymongo.topology - DEBUG - {"message": "Server heartbeat started", "topologyId": {"$oid": "6962785d3127086e3f0188e5"}, "driverConnectionId": 1, "serverConnectionId": 221, "serverHost": "localhost", "serverPort": 27017, "awaited": true}
2026-01-10 18:18:53,008 - httpcore.http11 - DEBUG - receive_response_headers.complete return_value=(b'HTTP/1.1', 200, b'OK', [(b'Server', b'nginx/1.18.0'), (b'Date', b'Sat, 10 Jan 2026 16:18:53 GMT'), (b'Content-Type', b'application/json'), (b'Content-Length', b'23'), (b'Connection', b'keep-alive'), (b'Strict-Transport-Security', b'max-age=31536000; includeSubDomains; preload'), (b'Access-Control-Allow-Origin', b'*'), (b'Access-Control-Allow-Methods', b'GET, POST, OPTIONS'), (b'Access-Control-Expose-Headers', b'Content-Length,Content-Type,Date,Server,Connection')])
2026-01-10 18:18:53,009 - httpx - INFO - HTTP Request: POST https://api.telegram.org/bot8490932438:AAFVy70Urq5Cj0h7gUKJbECBv3z9-apYZtM/getUpdates "HTTP/1.1 200 OK"
2026-01-10 18:18:53,009 - httpcore.http11 - DEBUG - receive_response_body.started request=<Request [b'POST']>
2026-01-10 18:18:53,009 - httpcore.http11 - DEBUG - receive_response_body.complete
2026-01-10 18:18:53,009 - httpcore.http11 - DEBUG - response_closed.started
2026-01-10 18:18:53,010 - httpcore.http11 - DEBUG - response_closed.complete
2026-01-10 18:18:53,010 - telegram.ext.ExtBot - DEBUG - Call to Bot API endpoint `getUpdates` finished with return value `[]`
2026-01-10 18:18:53,010 - telegram.ext.ExtBot - DEBUG - No new updates found.
2026-01-10 18:18:53,010 - telegram.ext.ExtBot - DEBUG - Calling Bot API endpoint `getUpdates` with parameters `{'timeout': datetime.timedelta(seconds=10), 'offset': 328648466, 'allowed_updates': [<UpdateType.MESSAGE>, <UpdateType.EDITED_MESSAGE>, <UpdateType.CHANNEL_POST>, <UpdateType.EDITED_CHANNEL_POST>, <UpdateType.INLINE_QUERY>, <UpdateType.CHOSEN_INLINE_RESULT>, <UpdateType.CALLBACK_QUERY>, <UpdateType.SHIPPING_QUERY>, <UpdateType.PRE_CHECKOUT_QUERY>, <UpdateType.POLL>, <UpdateType.POLL_ANSWER>, <UpdateType.MY_CHAT_MEMBER>, <UpdateType.CHAT_MEMBER>, <UpdateType.CHAT_JOIN_REQUEST>, <UpdateType.CHAT_BOOST>, <UpdateType.REMOVED_CHAT_BOOST>, <UpdateType.MESSAGE_REACTION>, <UpdateType.MESSAGE_REACTION_COUNT>, <UpdateType.BUSINESS_CONNECTION>, <UpdateType.BUSINESS_MESSAGE>, <UpdateType.EDITED_BUSINESS_MESSAGE>, <UpdateType.DELETED_BUSINESS_MESSAGES>, <UpdateType.PURCHASED_PAID_MEDIA>]}`
2026-01-10 18:18:53,011 - httpcore.http11 - DEBUG - send_request_headers.started request=<Request [b'POST']>
2026-01-10 18:18:53,012 - httpcore.http11 - DEBUG - send_request_headers.complete
2026-01-10 18:18:53,012 - httpcore.http11 - DEBUG - send_request_body.started request=<Request [b'POST']>
2026-01-10 18:18:53,012 - httpcore.http11 - DEBUG - send_request_body.complete
2026-01-10 18:18:53,012 - httpcore.http11 - DEBUG - receive_response_headers.started request=<Request [b'POST']>
2026-01-10 18:19:00,800 - pymongo.topology - DEBUG - {"message": "Server heartbeat succeeded", "topologyId": {"$oid": "6962785d3127086e3f0188e5"}, "driverConnectionId": 1, "serverConnectionId": 221, "serverHost": "localhost", "serverPort": 27017, "awaited": true, "durationMS": 10065.750082954764, "reply": "{\"isWritablePrimary\": true, \"topologyVersion\": {\"processId\": {\"$oid\": \"695c03b553e27f5a444409fe\"}}, \"maxBsonObjectSize\": 16777216, \"maxMessageSizeBytes\": 48000000, \"maxWriteBatchSize\": 100000, \"localTime\": {\"$date\": \"2026-01-10T16:19:00.800Z\"}, \"logicalSessionTimeoutMinutes\": 30, \"connectionId\": 221, \"maxWireVersion\": 27, \"ok\": 1.0}"}
2026-01-10 18:19:00,801 - pymongo.topology - DEBUG - {"message": "Server heartbeat started", "topologyId": {"$oid": "6962785d3127086e3f0188e5"}, "driverConnectionId": 1, "serverConnectionId": 221, "serverHost": "localhost", "serverPort": 27017, "awaited": true}
2026-01-10 18:19:03,095 - httpcore.http11 - DEBUG - receive_response_headers.complete return_value=(b'HTTP/1.1', 200, b'OK', [(b'Server', b'nginx/1.18.0'), (b'Date', b'Sat, 10 Jan 2026 16:19:03 GMT'), (b'Content-Type', b'application/json'), (b'Content-Length', b'23'), (b'Connection', b'keep-alive'), (b'Strict-Transport-Security', b'max-age=31536000; includeSubDomains; preload'), (b'Access-Control-Allow-Origin', b'*'), (b'Access-Control-Allow-Methods', b'GET, POST, OPTIONS'), (b'Access-Control-Expose-Headers', b'Content-Length,Content-Type,Date,Server,Connection')])
2026-01-10 18:19:03,095 - httpx - INFO - HTTP Request: POST https://api.telegram.org/bot8490932438:AAFVy70Urq5Cj0h7gUKJbECBv3z9-apYZtM/getUpdates "HTTP/1.1 200 OK"
2026-01-10 18:19:03,096 - httpcore.http11 - DEBUG - receive_response_body.started request=<Request [b'POST']>
2026-01-10 18:19:03,096 - httpcore.http11 - DEBUG - receive_response_body.complete
2026-01-10 18:19:03,096 - httpcore.http11 - DEBUG - response_closed.started
2026-01-10 18:19:03,096 - httpcore.http11 - DEBUG - response_closed.complete
2026-01-10 18:19:03,096 - telegram.ext.ExtBot - DEBUG - Call to Bot API endpoint `getUpdates` finished with return value `[]`
2026-01-10 18:19:03,096 - telegram.ext.ExtBot - DEBUG - No new updates found.
2026-01-10 18:19:03,096 - telegram.ext.ExtBot - DEBUG - Calling Bot API endpoint `getUpdates` with parameters `{'timeout': datetime.timedelta(seconds=10), 'offset': 328648466, 'allowed_updates': [<UpdateType.MESSAGE>, <UpdateType.EDITED_MESSAGE>, <UpdateType.CHANNEL_POST>, <UpdateType.EDITED_CHANNEL_POST>, <UpdateType.INLINE_QUERY>, <UpdateType.CHOSEN_INLINE_RESULT>, <UpdateType.CALLBACK_QUERY>, <UpdateType.SHIPPING_QUERY>, <UpdateType.PRE_CHECKOUT_QUERY>, <UpdateType.POLL>, <UpdateType.POLL_ANSWER>, <UpdateType.MY_CHAT_MEMBER>, <UpdateType.CHAT_MEMBER>, <UpdateType.CHAT_JOIN_REQUEST>, <UpdateType.CHAT_BOOST>, <UpdateType.REMOVED_CHAT_BOOST>, <UpdateType.MESSAGE_REACTION>, <UpdateType.MESSAGE_REACTION_COUNT>, <UpdateType.BUSINESS_CONNECTION>, <UpdateType.BUSINESS_MESSAGE>, <UpdateType.EDITED_BUSINESS_MESSAGE>, <UpdateType.DELETED_BUSINESS_MESSAGES>, <UpdateType.PURCHASED_PAID_MEDIA>]}`
2026-01-10 18:19:03,097 - httpcore.http11 - DEBUG - send_request_headers.started request=<Request [b'POST']>
2026-01-10 18:19:03,097 - httpcore.http11 - DEBUG - send_request_headers.complete
2026-01-10 18:19:03,097 - httpcore.http11 - DEBUG - send_request_body.started request=<Request [b'POST']>
2026-01-10 18:19:03,097 - httpcore.http11 - DEBUG - send_request_body.complete
2026-01-10 18:19:03,097 - httpcore.http11 - DEBUG - receive_response_headers.started request=<Request [b'POST']>
2026-01-10 18:19:10,863 - pymongo.topology - DEBUG - {"message": "Server heartbeat succeeded", "topologyId": {"$oid": "6962785d3127086e3f0188e5"}, "driverConnectionId": 1, "serverConnectionId": 221, "serverHost": "localhost", "serverPort": 27017, "awaited": true, "durationMS": 10061.097417026758, "reply": "{\"isWritablePrimary\": true, \"topologyVersion\": {\"processId\": {\"$oid\": \"695c03b553e27f5a444409fe\"}}, \"maxBsonObjectSize\": 16777216, \"maxMessageSizeBytes\": 48000000, \"maxWriteBatchSize\": 100000, \"localTime\": {\"$date\": \"2026-01-10T16:19:10.862Z\"}, \"logicalSessionTimeoutMinutes\": 30, \"connectionId\": 221, \"maxWireVersion\": 27, \"ok\": 1.0}"}
2026-01-10 18:19:10,864 - pymongo.topology - DEBUG - {"message": "Server heartbeat started", "topologyId": {"$oid": "6962785d3127086e3f0188e5"}, "driverConnectionId": 1, "serverConnectionId": 221, "serverHost": "localhost", "serverPort": 27017, "awaited": true}
2026-01-10 18:19:13,283 - httpcore.http11 - DEBUG - receive_response_headers.complete return_value=(b'HTTP/1.1', 200, b'OK', [(b'Server', b'nginx/1.18.0'), (b'Date', b'Sat, 10 Jan 2026 16:19:13 GMT'), (b'Content-Type', b'application/json'), (b'Content-Length', b'23'), (b'Connection', b'keep-alive'), (b'Strict-Transport-Security', b'max-age=31536000; includeSubDomains; preload'), (b'Access-Control-Allow-Origin', b'*'), (b'Access-Control-Allow-Methods', b'GET, POST, OPTIONS'), (b'Access-Control-Expose-Headers', b'Content-Length,Content-Type,Date,Server,Connection')])
2026-01-10 18:19:13,284 - httpx - INFO - HTTP Request: POST https://api.telegram.org/bot8490932438:AAFVy70Urq5Cj0h7gUKJbECBv3z9-apYZtM/getUpdates "HTTP/1.1 200 OK"
2026-01-10 18:19:13,284 - httpcore.http11 - DEBUG - receive_response_body.started request=<Request [b'POST']>
2026-01-10 18:19:13,285 - httpcore.http11 - DEBUG - receive_response_body.complete
2026-01-10 18:19:13,285 - httpcore.http11 - DEBUG - response_closed.started
2026-01-10 18:19:13,285 - httpcore.http11 - DEBUG - response_closed.complete
2026-01-10 18:19:13,286 - telegram.ext.ExtBot - DEBUG - Call to Bot API endpoint `getUpdates` finished with return value `[]`
2026-01-10 18:19:13,286 - telegram.ext.ExtBot - DEBUG - No new updates found.
2026-01-10 18:19:13,286 - telegram.ext.ExtBot - DEBUG - Calling Bot API endpoint `getUpdates` with parameters `{'timeout': datetime.timedelta(seconds=10), 'offset': 328648466, 'allowed_updates': [<UpdateType.MESSAGE>, <UpdateType.EDITED_MESSAGE>, <UpdateType.CHANNEL_POST>, <UpdateType.EDITED_CHANNEL_POST>, <UpdateType.INLINE_QUERY>, <UpdateType.CHOSEN_INLINE_RESULT>, <UpdateType.CALLBACK_QUERY>, <UpdateType.SHIPPING_QUERY>, <UpdateType.PRE_CHECKOUT_QUERY>, <UpdateType.POLL>, <UpdateType.POLL_ANSWER>, <UpdateType.MY_CHAT_MEMBER>, <UpdateType.CHAT_MEMBER>, <UpdateType.CHAT_JOIN_REQUEST>, <UpdateType.CHAT_BOOST>, <UpdateType.REMOVED_CHAT_BOOST>, <UpdateType.MESSAGE_REACTION>, <UpdateType.MESSAGE_REACTION_COUNT>, <UpdateType.BUSINESS_CONNECTION>, <UpdateType.BUSINESS_MESSAGE>, <UpdateType.EDITED_BUSINESS_MESSAGE>, <UpdateType.DELETED_BUSINESS_MESSAGES>, <UpdateType.PURCHASED_PAID_MEDIA>]}`
2026-01-10 18:19:13,287 - httpcore.http11 - DEBUG - send_request_headers.started request=<Request [b'POST']>
2026-01-10 18:19:13,288 - httpcore.http11 - DEBUG - send_request_headers.complete
2026-01-10 18:19:13,288 - httpcore.http11 - DEBUG - send_request_body.started request=<Request [b'POST']>
2026-01-10 18:19:13,288 - httpcore.http11 - DEBUG - send_request_body.complete
2026-01-10 18:19:13,289 - httpcore.http11 - DEBUG - receive_response_headers.started request=<Request [b'POST']>
2026-01-10 18:19:20,931 - pymongo.topology - DEBUG - {"message": "Server heartbeat succeeded", "topologyId": {"$oid": "6962785d3127086e3f0188e5"}, "driverConnectionId": 1, "serverConnectionId": 221, "serverHost": "localhost", "serverPort": 27017, "awaited": true, "durationMS": 10066.87670899555, "reply": "{\"isWritablePrimary\": true, \"topologyVersion\": {\"processId\": {\"$oid\": \"695c03b553e27f5a444409fe\"}}, \"maxBsonObjectSize\": 16777216, \"maxMessageSizeBytes\": 48000000, \"maxWriteBatchSize\": 100000, \"localTime\": {\"$date\": \"2026-01-10T16:19:20.930Z\"}, \"logicalSessionTimeoutMinutes\": 30, \"connectionId\": 221, \"maxWireVersion\": 27, \"ok\": 1.0}"}
2026-01-10 18:19:20,932 - pymongo.topology - DEBUG - {"message": "Server heartbeat started", "topologyId": {"$oid": "6962785d3127086e3f0188e5"}, "driverConnectionId": 1, "serverConnectionId": 221, "serverHost": "localhost", "serverPort": 27017, "awaited": true}
2026-01-10 18:19:23,420 - httpcore.http11 - DEBUG - receive_response_headers.complete return_value=(b'HTTP/1.1', 200, b'OK', [(b'Server', b'nginx/1.18.0'), (b'Date', b'Sat, 10 Jan 2026 16:19:23 GMT'), (b'Content-Type', b'application/json'), (b'Content-Length', b'23'), (b'Connection', b'keep-alive'), (b'Strict-Transport-Security', b'max-age=31536000; includeSubDomains; preload'), (b'Access-Control-Allow-Origin', b'*'), (b'Access-Control-Allow-Methods', b'GET, POST, OPTIONS'), (b'Access-Control-Expose-Headers', b'Content-Length,Content-Type,Date,Server,Connection')])
2026-01-10 18:19:23,421 - httpx - INFO - HTTP Request: POST https://api.telegram.org/bot8490932438:AAFVy70Urq5Cj0h7gUKJbECBv3z9-apYZtM/getUpdates "HTTP/1.1 200 OK"
2026-01-10 18:19:23,421 - httpcore.http11 - DEBUG - receive_response_body.started request=<Request [b'POST']>
2026-01-10 18:19:23,421 - httpcore.http11 - DEBUG - receive_response_body.complete
2026-01-10 18:19:23,421 - httpcore.http11 - DEBUG - response_closed.started
2026-01-10 18:19:23,421 - httpcore.http11 - DEBUG - response_closed.complete
2026-01-10 18:19:23,422 - telegram.ext.ExtBot - DEBUG - Call to Bot API endpoint `getUpdates` finished with return value `[]`
2026-01-10 18:19:23,422 - telegram.ext.ExtBot - DEBUG - No new updates found.
2026-01-10 18:19:23,422 - telegram.ext.ExtBot - DEBUG - Calling Bot API endpoint `getUpdates` with parameters `{'timeout': datetime.timedelta(seconds=10), 'offset': 328648466, 'allowed_updates': [<UpdateType.MESSAGE>, <UpdateType.EDITED_MESSAGE>, <UpdateType.CHANNEL_POST>, <UpdateType.EDITED_CHANNEL_POST>, <UpdateType.INLINE_QUERY>, <UpdateType.CHOSEN_INLINE_RESULT>, <UpdateType.CALLBACK_QUERY>, <UpdateType.SHIPPING_QUERY>, <UpdateType.PRE_CHECKOUT_QUERY>, <UpdateType.POLL>, <UpdateType.POLL_ANSWER>, <UpdateType.MY_CHAT_MEMBER>, <UpdateType.CHAT_MEMBER>, <UpdateType.CHAT_JOIN_REQUEST>, <UpdateType.CHAT_BOOST>, <UpdateType.REMOVED_CHAT_BOOST>, <UpdateType.MESSAGE_REACTION>, <UpdateType.MESSAGE_REACTION_COUNT>, <UpdateType.BUSINESS_CONNECTION>, <UpdateType.BUSINESS_MESSAGE>, <UpdateType.EDITED_BUSINESS_MESSAGE>, <UpdateType.DELETED_BUSINESS_MESSAGES>, <UpdateType.PURCHASED_PAID_MEDIA>]}`
2026-01-10 18:19:23,423 - httpcore.http11 - DEBUG - send_request_headers.started request=<Request [b'POST']>
2026-01-10 18:19:23,423 - httpcore.http11 - DEBUG - send_request_headers.complete
2026-01-10 18:19:23,423 - httpcore.http11 - DEBUG - send_request_body.started request=<Request [b'POST']>
2026-01-10 18:19:23,423 - httpcore.http11 - DEBUG - send_request_body.complete
2026-01-10 18:19:23,423 - httpcore.http11 - DEBUG - receive_response_headers.started request=<Request [b'POST']>
2026-01-10 18:19:31,001 - pymongo.topology - DEBUG - {"message": "Server heartbeat succeeded", "topologyId": {"$oid": "6962785d3127086e3f0188e5"}, "driverConnectionId": 1, "serverConnectionId": 221, "serverHost": "localhost", "serverPort": 27017, "awaited": true, "durationMS": 10069.067374803126, "reply": "{\"isWritablePrimary\": true, \"topologyVersion\": {\"processId\": {\"$oid\": \"695c03b553e27f5a444409fe\"}}, \"maxBsonObjectSize\": 16777216, \"maxMessageSizeBytes\": 48000000, \"maxWriteBatchSize\": 100000, \"localTime\": {\"$date\": \"2026-01-10T16:19:31Z\"}, \"logicalSessionTimeoutMinutes\": 30, \"connectionId\": 221, \"maxWireVersion\": 27, \"ok\": 1.0}"}
2026-01-10 18:19:31,002 - pymongo.topology - DEBUG - {"message": "Server heartbeat started", "topologyId": {"$oid": "6962785d3127086e3f0188e5"}, "driverConnectionId": 1, "serverConnectionId": 221, "serverHost": "localhost", "serverPort": 27017, "awaited": true}
2026-01-10 18:19:33,519 - httpcore.http11 - DEBUG - receive_response_headers.complete return_value=(b'HTTP/1.1', 200, b'OK', [(b'Server', b'nginx/1.18.0'), (b'Date', b'Sat, 10 Jan 2026 16:19:33 GMT'), (b'Content-Type', b'application/json'), (b'Content-Length', b'23'), (b'Connection', b'keep-alive'), (b'Strict-Transport-Security', b'max-age=31536000; includeSubDomains; preload'), (b'Access-Control-Allow-Origin', b'*'), (b'Access-Control-Allow-Methods', b'GET, POST, OPTIONS'), (b'Access-Control-Expose-Headers', b'Content-Length,Content-Type,Date,Server,Connection')])
2026-01-10 18:19:33,519 - httpx - INFO - HTTP Request: POST https://api.telegram.org/bot8490932438:AAFVy70Urq5Cj0h7gUKJbECBv3z9-apYZtM/getUpdates "HTTP/1.1 200 OK"
2026-01-10 18:19:33,520 - httpcore.http11 - DEBUG - receive_response_body.started request=<Request [b'POST']>
2026-01-10 18:19:33,520 - httpcore.http11 - DEBUG - receive_response_body.complete
2026-01-10 18:19:33,520 - httpcore.http11 - DEBUG - response_closed.started
2026-01-10 18:19:33,520 - httpcore.http11 - DEBUG - response_closed.complete
2026-01-10 18:19:33,521 - telegram.ext.ExtBot - DEBUG - Call to Bot API endpoint `getUpdates` finished with return value `[]`
2026-01-10 18:19:33,521 - telegram.ext.ExtBot - DEBUG - No new updates found.
2026-01-10 18:19:33,521 - telegram.ext.ExtBot - DEBUG - Calling Bot API endpoint `getUpdates` with parameters `{'timeout': datetime.timedelta(seconds=10), 'offset': 328648466, 'allowed_updates': [<UpdateType.MESSAGE>, <UpdateType.EDITED_MESSAGE>, <UpdateType.CHANNEL_POST>, <UpdateType.EDITED_CHANNEL_POST>, <UpdateType.INLINE_QUERY>, <UpdateType.CHOSEN_INLINE_RESULT>, <UpdateType.CALLBACK_QUERY>, <UpdateType.SHIPPING_QUERY>, <UpdateType.PRE_CHECKOUT_QUERY>, <UpdateType.POLL>, <UpdateType.POLL_ANSWER>, <UpdateType.MY_CHAT_MEMBER>, <UpdateType.CHAT_MEMBER>, <UpdateType.CHAT_JOIN_REQUEST>, <UpdateType.CHAT_BOOST>, <UpdateType.REMOVED_CHAT_BOOST>, <UpdateType.MESSAGE_REACTION>, <UpdateType.MESSAGE_REACTION_COUNT>, <UpdateType.BUSINESS_CONNECTION>, <UpdateType.BUSINESS_MESSAGE>, <UpdateType.EDITED_BUSINESS_MESSAGE>, <UpdateType.DELETED_BUSINESS_MESSAGES>, <UpdateType.PURCHASED_PAID_MEDIA>]}`
2026-01-10 18:19:33,522 - httpcore.http11 - DEBUG - send_request_headers.started request=<Request [b'POST']>
2026-01-10 18:19:33,523 - httpcore.http11 - DEBUG - send_request_headers.complete
2026-01-10 18:19:33,523 - httpcore.http11 - DEBUG - send_request_body.started request=<Request [b'POST']>
2026-01-10 18:19:33,523 - httpcore.http11 - DEBUG - send_request_body.complete
2026-01-10 18:19:33,523 - httpcore.http11 - DEBUG - receive_response_headers.started request=<Request [b'POST']>
2026-01-10 18:19:41,064 - pymongo.topology - DEBUG - {"message": "Server heartbeat succeeded", "topologyId": {"$oid": "6962785d3127086e3f0188e5"}, "driverConnectionId": 1, "serverConnectionId": 221, "serverHost": "localhost", "serverPort": 27017, "awaited": true, "durationMS": 10061.579667031765, "reply": "{\"isWritablePrimary\": true, \"topologyVersion\": {\"processId\": {\"$oid\": \"695c03b553e27f5a444409fe\"}}, \"maxBsonObjectSize\": 16777216, \"maxMessageSizeBytes\": 48000000, \"maxWriteBatchSize\": 100000, \"localTime\": {\"$date\": \"2026-01-10T16:19:41.063Z\"}, \"logicalSessionTimeoutMinutes\": 30, \"connectionId\": 221, \"maxWireVersion\": 27, \"ok\": 1.0}"}
2026-01-10 18:19:41,065 - pymongo.topology - DEBUG - {"message": "Server heartbeat started", "topologyId": {"$oid": "6962785d3127086e3f0188e5"}, "driverConnectionId": 1, "serverConnectionId": 221, "serverHost": "localhost", "serverPort": 27017, "awaited": true}
2026-01-10 18:19:43,696 - httpcore.http11 - DEBUG - receive_response_headers.complete return_value=(b'HTTP/1.1', 200, b'OK', [(b'Server', b'nginx/1.18.0'), (b'Date', b'Sat, 10 Jan 2026 16:19:43 GMT'), (b'Content-Type', b'application/json'), (b'Content-Length', b'23'), (b'Connection', b'keep-alive'), (b'Strict-Transport-Security', b'max-age=31536000; includeSubDomains; preload'), (b'Access-Control-Allow-Origin', b'*'), (b'Access-Control-Allow-Methods', b'GET, POST, OPTIONS'), (b'Access-Control-Expose-Headers', b'Content-Length,Content-Type,Date,Server,Connection')])
2026-01-10 18:19:43,697 - httpx - INFO - HTTP Request: POST https://api.telegram.org/bot8490932438:AAFVy70Urq5Cj0h7gUKJbECBv3z9-apYZtM/getUpdates "HTTP/1.1 200 OK"
2026-01-10 18:19:43,697 - httpcore.http11 - DEBUG - receive_response_body.started request=<Request [b'POST']>
2026-01-10 18:19:43,697 - httpcore.http11 - DEBUG - receive_response_body.complete
2026-01-10 18:19:43,697 - httpcore.http11 - DEBUG - response_closed.started
2026-01-10 18:19:43,697 - httpcore.http11 - DEBUG - response_closed.complete
2026-01-10 18:19:43,698 - telegram.ext.ExtBot - DEBUG - Call to Bot API endpoint `getUpdates` finished with return value `[]`
2026-01-10 18:19:43,698 - telegram.ext.ExtBot - DEBUG - No new updates found.
2026-01-10 18:19:43,698 - telegram.ext.ExtBot - DEBUG - Calling Bot API endpoint `getUpdates` with parameters `{'timeout': datetime.timedelta(seconds=10), 'offset': 328648466, 'allowed_updates': [<UpdateType.MESSAGE>, <UpdateType.EDITED_MESSAGE>, <UpdateType.CHANNEL_POST>, <UpdateType.EDITED_CHANNEL_POST>, <UpdateType.INLINE_QUERY>, <UpdateType.CHOSEN_INLINE_RESULT>, <UpdateType.CALLBACK_QUERY>, <UpdateType.SHIPPING_QUERY>, <UpdateType.PRE_CHECKOUT_QUERY>, <UpdateType.POLL>, <UpdateType.POLL_ANSWER>, <UpdateType.MY_CHAT_MEMBER>, <UpdateType.CHAT_MEMBER>, <UpdateType.CHAT_JOIN_REQUEST>, <UpdateType.CHAT_BOOST>, <UpdateType.REMOVED_CHAT_BOOST>, <UpdateType.MESSAGE_REACTION>, <UpdateType.MESSAGE_REACTION_COUNT>, <UpdateType.BUSINESS_CONNECTION>, <UpdateType.BUSINESS_MESSAGE>, <UpdateType.EDITED_BUSINESS_MESSAGE>, <UpdateType.DELETED_BUSINESS_MESSAGES>, <UpdateType.PURCHASED_PAID_MEDIA>]}`
2026-01-10 18:19:43,699 - httpcore.http11 - DEBUG - send_request_headers.started request=<Request [b'POST']>
2026-01-10 18:19:43,700 - httpcore.http11 - DEBUG - send_request_headers.complete
2026-01-10 18:19:43,700 - httpcore.http11 - DEBUG - send_request_body.started request=<Request [b'POST']>
2026-01-10 18:19:43,701 - httpcore.http11 - DEBUG - send_request_body.complete
2026-01-10 18:19:43,701 - httpcore.http11 - DEBUG - receive_response_headers.started request=<Request [b'POST']>
2026-01-10 18:19:51,137 - pymongo.topology - DEBUG - {"message": "Server heartbeat succeeded", "topologyId": {"$oid": "6962785d3127086e3f0188e5"}, "driverConnectionId": 1, "serverConnectionId": 221, "serverHost": "localhost", "serverPort": 27017, "awaited": true, "durationMS": 10072.431291919202, "reply": "{\"isWritablePrimary\": true, \"topologyVersion\": {\"processId\": {\"$oid\": \"695c03b553e27f5a444409fe\"}}, \"maxBsonObjectSize\": 16777216, \"maxMessageSizeBytes\": 48000000, \"maxWriteBatchSize\": 100000, \"localTime\": {\"$date\": \"2026-01-10T16:19:51.137Z\"}, \"logicalSessionTimeoutMinutes\": 30, \"connectionId\": 221, \"maxWireVersion\": 27, \"ok\": 1.0}"}
2026-01-10 18:19:51,138 - pymongo.topology - DEBUG - {"message": "Server heartbeat started", "topologyId": {"$oid": "6962785d3127086e3f0188e5"}, "driverConnectionId": 1, "serverConnectionId": 221, "serverHost": "localhost", "serverPort": 27017, "awaited": true}
2026-01-10 18:19:53,836 - httpcore.http11 - DEBUG - receive_response_headers.complete return_value=(b'HTTP/1.1', 200, b'OK', [(b'Server', b'nginx/1.18.0'), (b'Date', b'Sat, 10 Jan 2026 16:19:53 GMT'), (b'Content-Type', b'application/json'), (b'Content-Length', b'23'), (b'Connection', b'keep-alive'), (b'Strict-Transport-Security', b'max-age=31536000; includeSubDomains; preload'), (b'Access-Control-Allow-Origin', b'*'), (b'Access-Control-Allow-Methods', b'GET, POST, OPTIONS'), (b'Access-Control-Expose-Headers', b'Content-Length,Content-Type,Date,Server,Connection')])
2026-01-10 18:19:53,837 - httpx - INFO - HTTP Request: POST https://api.telegram.org/bot8490932438:AAFVy70Urq5Cj0h7gUKJbECBv3z9-apYZtM/getUpdates "HTTP/1.1 200 OK"
2026-01-10 18:19:53,837 - httpcore.http11 - DEBUG - receive_response_body.started request=<Request [b'POST']>
2026-01-10 18:19:53,837 - httpcore.http11 - DEBUG - receive_response_body.complete
2026-01-10 18:19:53,837 - httpcore.http11 - DEBUG - response_closed.started
2026-01-10 18:19:53,838 - httpcore.http11 - DEBUG - response_closed.complete
2026-01-10 18:19:53,838 - telegram.ext.ExtBot - DEBUG - Call to Bot API endpoint `getUpdates` finished with return value `[]`
2026-01-10 18:19:53,838 - telegram.ext.ExtBot - DEBUG - No new updates found.
2026-01-10 18:19:53,839 - telegram.ext.ExtBot - DEBUG - Calling Bot API endpoint `getUpdates` with parameters `{'timeout': datetime.timedelta(seconds=10), 'offset': 328648466, 'allowed_updates': [<UpdateType.MESSAGE>, <UpdateType.EDITED_MESSAGE>, <UpdateType.CHANNEL_POST>, <UpdateType.EDITED_CHANNEL_POST>, <UpdateType.INLINE_QUERY>, <UpdateType.CHOSEN_INLINE_RESULT>, <UpdateType.CALLBACK_QUERY>, <UpdateType.SHIPPING_QUERY>, <UpdateType.PRE_CHECKOUT_QUERY>, <UpdateType.POLL>, <UpdateType.POLL_ANSWER>, <UpdateType.MY_CHAT_MEMBER>, <UpdateType.CHAT_MEMBER>, <UpdateType.CHAT_JOIN_REQUEST>, <UpdateType.CHAT_BOOST>, <UpdateType.REMOVED_CHAT_BOOST>, <UpdateType.MESSAGE_REACTION>, <UpdateType.MESSAGE_REACTION_COUNT>, <UpdateType.BUSINESS_CONNECTION>, <UpdateType.BUSINESS_MESSAGE>, <UpdateType.EDITED_BUSINESS_MESSAGE>, <UpdateType.DELETED_BUSINESS_MESSAGES>, <UpdateType.PURCHASED_PAID_MEDIA>]}`
2026-01-10 18:19:53,840 - httpcore.http11 - DEBUG - send_request_headers.started request=<Request [b'POST']>
2026-01-10 18:19:53,840 - httpcore.http11 - DEBUG - send_request_headers.complete
2026-01-10 18:19:53,840 - httpcore.http11 - DEBUG - send_request_body.started request=<Request [b'POST']>
2026-01-10 18:19:53,840 - httpcore.http11 - DEBUG - send_request_body.complete
2026-01-10 18:19:53,840 - httpcore.http11 - DEBUG - receive_response_headers.started request=<Request [b'POST']>
2026-01-10 18:20:01,197 - pymongo.topology - DEBUG - {"message": "Server heartbeat succeeded", "topologyId": {"$oid": "6962785d3127086e3f0188e5"}, "driverConnectionId": 1, "serverConnectionId": 221, "serverHost": "localhost", "serverPort": 27017, "awaited": true, "durationMS": 10058.431208133698, "reply": "{\"isWritablePrimary\": true, \"topologyVersion\": {\"processId\": {\"$oid\": \"695c03b553e27f5a444409fe\"}}, \"maxBsonObjectSize\": 16777216, \"maxMessageSizeBytes\": 48000000, \"maxWriteBatchSize\": 100000, \"localTime\": {\"$date\": \"2026-01-10T16:20:01.196Z\"}, \"logicalSessionTimeoutMinutes\": 30, \"connectionId\": 221, \"maxWireVersion\": 27, \"ok\": 1.0}"}
2026-01-10 18:20:01,198 - pymongo.topology - DEBUG - {"message": "Server heartbeat started", "topologyId": {"$oid": "6962785d3127086e3f0188e5"}, "driverConnectionId": 1, "serverConnectionId": 221, "serverHost": "localhost", "serverPort": 27017, "awaited": true}
2026-01-10 18:20:03,971 - httpcore.http11 - DEBUG - receive_response_headers.complete return_value=(b'HTTP/1.1', 200, b'OK', [(b'Server', b'nginx/1.18.0'), (b'Date', b'Sat, 10 Jan 2026 16:20:04 GMT'), (b'Content-Type', b'application/json'), (b'Content-Length', b'23'), (b'Connection', b'close'), (b'Strict-Transport-Security', b'max-age=31536000; includeSubDomains; preload'), (b'Access-Control-Allow-Origin', b'*'), (b'Access-Control-Allow-Methods', b'GET, POST, OPTIONS'), (b'Access-Control-Expose-Headers', b'Content-Length,Content-Type,Date,Server,Connection')])
2026-01-10 18:20:03,972 - httpx - INFO - HTTP Request: POST https://api.telegram.org/bot8490932438:AAFVy70Urq5Cj0h7gUKJbECBv3z9-apYZtM/getUpdates "HTTP/1.1 200 OK"
2026-01-10 18:20:03,972 - httpcore.http11 - DEBUG - receive_response_body.started request=<Request [b'POST']>
2026-01-10 18:20:03,972 - httpcore.http11 - DEBUG - receive_response_body.complete
2026-01-10 18:20:03,972 - httpcore.http11 - DEBUG - response_closed.started
2026-01-10 18:20:03,973 - httpcore.http11 - DEBUG - response_closed.complete
2026-01-10 18:20:03,973 - telegram.ext.ExtBot - DEBUG - Call to Bot API endpoint `getUpdates` finished with return value `[]`
2026-01-10 18:20:03,973 - telegram.ext.ExtBot - DEBUG - No new updates found.
2026-01-10 18:20:03,974 - telegram.ext.ExtBot - DEBUG - Calling Bot API endpoint `getUpdates` with parameters `{'timeout': datetime.timedelta(seconds=10), 'offset': 328648466, 'allowed_updates': [<UpdateType.MESSAGE>, <UpdateType.EDITED_MESSAGE>, <UpdateType.CHANNEL_POST>, <UpdateType.EDITED_CHANNEL_POST>, <UpdateType.INLINE_QUERY>, <UpdateType.CHOSEN_INLINE_RESULT>, <UpdateType.CALLBACK_QUERY>, <UpdateType.SHIPPING_QUERY>, <UpdateType.PRE_CHECKOUT_QUERY>, <UpdateType.POLL>, <UpdateType.POLL_ANSWER>, <UpdateType.MY_CHAT_MEMBER>, <UpdateType.CHAT_MEMBER>, <UpdateType.CHAT_JOIN_REQUEST>, <UpdateType.CHAT_BOOST>, <UpdateType.REMOVED_CHAT_BOOST>, <UpdateType.MESSAGE_REACTION>, <UpdateType.MESSAGE_REACTION_COUNT>, <UpdateType.BUSINESS_CONNECTION>, <UpdateType.BUSINESS_MESSAGE>, <UpdateType.EDITED_BUSINESS_MESSAGE>, <UpdateType.DELETED_BUSINESS_MESSAGES>, <UpdateType.PURCHASED_PAID_MEDIA>]}`
2026-01-10 18:20:03,974 - httpcore.connection - DEBUG - connect_tcp.started host='api.telegram.org' port=443 local_address=None timeout=5.0 socket_options=None
2026-01-10 18:20:04,069 - httpcore.connection - DEBUG - connect_tcp.complete return_value=<httpcore._backends.anyio.AnyIOStream object at 0x10bc78ed0>
2026-01-10 18:20:04,069 - httpcore.connection - DEBUG - start_tls.started ssl_context=<ssl.SSLContext object at 0x10b82f140> server_hostname='api.telegram.org' timeout=5.0
2026-01-10 18:20:04,158 - httpcore.connection - DEBUG - start_tls.complete return_value=<httpcore._backends.anyio.AnyIOStream object at 0x10bc79150>
2026-01-10 18:20:04,159 - httpcore.http11 - DEBUG - send_request_headers.started request=<Request [b'POST']>
2026-01-10 18:20:04,159 - httpcore.http11 - DEBUG - send_request_headers.complete
2026-01-10 18:20:04,160 - httpcore.http11 - DEBUG - send_request_body.started request=<Request [b'POST']>
2026-01-10 18:20:04,160 - httpcore.http11 - DEBUG - send_request_body.complete
2026-01-10 18:20:04,160 - httpcore.http11 - DEBUG - receive_response_headers.started request=<Request [b'POST']>
2026-01-10 18:20:11,268 - pymongo.topology - DEBUG - {"message": "Server heartbeat succeeded", "topologyId": {"$oid": "6962785d3127086e3f0188e5"}, "driverConnectionId": 1, "serverConnectionId": 221, "serverHost": "localhost", "serverPort": 27017, "awaited": true, "durationMS": 10069.461333099753, "reply": "{\"isWritablePrimary\": true, \"topologyVersion\": {\"processId\": {\"$oid\": \"695c03b553e27f5a444409fe\"}}, \"maxBsonObjectSize\": 16777216, \"maxMessageSizeBytes\": 48000000, \"maxWriteBatchSize\": 100000, \"localTime\": {\"$date\": \"2026-01-10T16:20:11.267Z\"}, \"logicalSessionTimeoutMinutes\": 30, \"connectionId\": 221, \"maxWireVersion\": 27, \"ok\": 1.0}"}
2026-01-10 18:20:11,268 - pymongo.topology - DEBUG - {"message": "Server heartbeat started", "topologyId": {"$oid": "6962785d3127086e3f0188e5"}, "driverConnectionId": 1, "serverConnectionId": 221, "serverHost": "localhost", "serverPort": 27017, "awaited": true}
2026-01-10 18:20:14,317 - httpcore.http11 - DEBUG - receive_response_headers.complete return_value=(b'HTTP/1.1', 200, b'OK', [(b'Server', b'nginx/1.18.0'), (b'Date', b'Sat, 10 Jan 2026 16:20:14 GMT'), (b'Content-Type', b'application/json'), (b'Content-Length', b'23'), (b'Connection', b'keep-alive'), (b'Strict-Transport-Security', b'max-age=31536000; includeSubDomains; preload'), (b'Access-Control-Allow-Origin', b'*'), (b'Access-Control-Allow-Methods', b'GET, POST, OPTIONS'), (b'Access-Control-Expose-Headers', b'Content-Length,Content-Type,Date,Server,Connection')])
2026-01-10 18:20:14,318 - httpx - INFO - HTTP Request: POST https://api.telegram.org/bot8490932438:AAFVy70Urq5Cj0h7gUKJbECBv3z9-apYZtM/getUpdates "HTTP/1.1 200 OK"
2026-01-10 18:20:14,318 - httpcore.http11 - DEBUG - receive_response_body.started request=<Request [b'POST']>
2026-01-10 18:20:14,319 - httpcore.http11 - DEBUG - receive_response_body.complete
2026-01-10 18:20:14,319 - httpcore.http11 - DEBUG - response_closed.started
2026-01-10 18:20:14,319 - httpcore.http11 - DEBUG - response_closed.complete
2026-01-10 18:20:14,320 - telegram.ext.ExtBot - DEBUG - Call to Bot API endpoint `getUpdates` finished with return value `[]`
2026-01-10 18:20:14,320 - telegram.ext.ExtBot - DEBUG - No new updates found.
2026-01-10 18:20:14,320 - telegram.ext.ExtBot - DEBUG - Calling Bot API endpoint `getUpdates` with parameters `{'timeout': datetime.timedelta(seconds=10), 'offset': 328648466, 'allowed_updates': [<UpdateType.MESSAGE>, <UpdateType.EDITED_MESSAGE>, <UpdateType.CHANNEL_POST>, <UpdateType.EDITED_CHANNEL_POST>, <UpdateType.INLINE_QUERY>, <UpdateType.CHOSEN_INLINE_RESULT>, <UpdateType.CALLBACK_QUERY>, <UpdateType.SHIPPING_QUERY>, <UpdateType.PRE_CHECKOUT_QUERY>, <UpdateType.POLL>, <UpdateType.POLL_ANSWER>, <UpdateType.MY_CHAT_MEMBER>, <UpdateType.CHAT_MEMBER>, <UpdateType.CHAT_JOIN_REQUEST>, <UpdateType.CHAT_BOOST>, <UpdateType.REMOVED_CHAT_BOOST>, <UpdateType.MESSAGE_REACTION>, <UpdateType.MESSAGE_REACTION_COUNT>, <UpdateType.BUSINESS_CONNECTION>, <UpdateType.BUSINESS_MESSAGE>, <UpdateType.EDITED_BUSINESS_MESSAGE>, <UpdateType.DELETED_BUSINESS_MESSAGES>, <UpdateType.PURCHASED_PAID_MEDIA>]}`
2026-01-10 18:20:14,321 - httpcore.http11 - DEBUG - send_request_headers.started request=<Request [b'POST']>
2026-01-10 18:20:14,322 - httpcore.http11 - DEBUG - send_request_headers.complete
2026-01-10 18:20:14,322 - httpcore.http11 - DEBUG - send_request_body.started request=<Request [b'POST']>
2026-01-10 18:20:14,322 - httpcore.http11 - DEBUG - send_request_body.complete
2026-01-10 18:20:14,322 - httpcore.http11 - DEBUG - receive_response_headers.started request=<Request [b'POST']>
2026-01-10 18:20:21,324 - pymongo.topology - DEBUG - {"message": "Server heartbeat succeeded", "topologyId": {"$oid": "6962785d3127086e3f0188e5"}, "driverConnectionId": 1, "serverConnectionId": 221, "serverHost": "localhost", "serverPort": 27017, "awaited": true, "durationMS": 10054.883500095457, "reply": "{\"isWritablePrimary\": true, \"topologyVersion\": {\"processId\": {\"$oid\": \"695c03b553e27f5a444409fe\"}}, \"maxBsonObjectSize\": 16777216, \"maxMessageSizeBytes\": 48000000, \"maxWriteBatchSize\": 100000, \"localTime\": {\"$date\": \"2026-01-10T16:20:21.323Z\"}, \"logicalSessionTimeoutMinutes\": 30, \"connectionId\": 221, \"maxWireVersion\": 27, \"ok\": 1.0}"}
2026-01-10 18:20:21,325 - pymongo.topology - DEBUG - {"message": "Server heartbeat started", "topologyId": {"$oid": "6962785d3127086e3f0188e5"}, "driverConnectionId": 1, "serverConnectionId": 221, "serverHost": "localhost", "serverPort": 27017, "awaited": true}
2026-01-10 18:20:24,452 - httpcore.http11 - DEBUG - receive_response_headers.complete return_value=(b'HTTP/1.1', 200, b'OK', [(b'Server', b'nginx/1.18.0'), (b'Date', b'Sat, 10 Jan 2026 16:20:24 GMT'), (b'Content-Type', b'application/json'), (b'Content-Length', b'23'), (b'Connection', b'keep-alive'), (b'Strict-Transport-Security', b'max-age=31536000; includeSubDomains; preload'), (b'Access-Control-Allow-Origin', b'*'), (b'Access-Control-Allow-Methods', b'GET, POST, OPTIONS'), (b'Access-Control-Expose-Headers', b'Content-Length,Content-Type,Date,Server,Connection')])
2026-01-10 18:20:24,452 - httpx - INFO - HTTP Request: POST https://api.telegram.org/bot8490932438:AAFVy70Urq5Cj0h7gUKJbECBv3z9-apYZtM/getUpdates "HTTP/1.1 200 OK"
2026-01-10 18:20:24,453 - httpcore.http11 - DEBUG - receive_response_body.started request=<Request [b'POST']>
2026-01-10 18:20:24,453 - httpcore.http11 - DEBUG - receive_response_body.complete
2026-01-10 18:20:24,453 - httpcore.http11 - DEBUG - response_closed.started
2026-01-10 18:20:24,453 - httpcore.http11 - DEBUG - response_closed.complete
2026-01-10 18:20:24,454 - telegram.ext.ExtBot - DEBUG - Call to Bot API endpoint `getUpdates` finished with return value `[]`
2026-01-10 18:20:24,454 - telegram.ext.ExtBot - DEBUG - No new updates found.
2026-01-10 18:20:24,454 - telegram.ext.ExtBot - DEBUG - Calling Bot API endpoint `getUpdates` with parameters `{'timeout': datetime.timedelta(seconds=10), 'offset': 328648466, 'allowed_updates': [<UpdateType.MESSAGE>, <UpdateType.EDITED_MESSAGE>, <UpdateType.CHANNEL_POST>, <UpdateType.EDITED_CHANNEL_POST>, <UpdateType.INLINE_QUERY>, <UpdateType.CHOSEN_INLINE_RESULT>, <UpdateType.CALLBACK_QUERY>, <UpdateType.SHIPPING_QUERY>, <UpdateType.PRE_CHECKOUT_QUERY>, <UpdateType.POLL>, <UpdateType.POLL_ANSWER>, <UpdateType.MY_CHAT_MEMBER>, <UpdateType.CHAT_MEMBER>, <UpdateType.CHAT_JOIN_REQUEST>, <UpdateType.CHAT_BOOST>, <UpdateType.REMOVED_CHAT_BOOST>, <UpdateType.MESSAGE_REACTION>, <UpdateType.MESSAGE_REACTION_COUNT>, <UpdateType.BUSINESS_CONNECTION>, <UpdateType.BUSINESS_MESSAGE>, <UpdateType.EDITED_BUSINESS_MESSAGE>, <UpdateType.DELETED_BUSINESS_MESSAGES>, <UpdateType.PURCHASED_PAID_MEDIA>]}`
2026-01-10 18:20:24,455 - httpcore.http11 - DEBUG - send_request_headers.started request=<Request [b'POST']>
2026-01-10 18:20:24,456 - httpcore.http11 - DEBUG - send_request_headers.complete
2026-01-10 18:20:24,456 - httpcore.http11 - DEBUG - send_request_body.started request=<Request [b'POST']>
2026-01-10 18:20:24,456 - httpcore.http11 - DEBUG - send_request_body.complete
2026-01-10 18:20:24,457 - httpcore.http11 - DEBUG - receive_response_headers.started request=<Request [b'POST']>
2026-01-10 18:20:31,397 - pymongo.topology - DEBUG - {"message": "Server heartbeat succeeded", "topologyId": {"$oid": "6962785d3127086e3f0188e5"}, "driverConnectionId": 1, "serverConnectionId": 221, "serverHost": "localhost", "serverPort": 27017, "awaited": true, "durationMS": 10072.05633400008, "reply": "{\"isWritablePrimary\": true, \"topologyVersion\": {\"processId\": {\"$oid\": \"695c03b553e27f5a444409fe\"}}, \"maxBsonObjectSize\": 16777216, \"maxMessageSizeBytes\": 48000000, \"maxWriteBatchSize\": 100000, \"localTime\": {\"$date\": \"2026-01-10T16:20:31.396Z\"}, \"logicalSessionTimeoutMinutes\": 30, \"connectionId\": 221, \"maxWireVersion\": 27, \"ok\": 1.0}"}
2026-01-10 18:20:31,398 - pymongo.topology - DEBUG - {"message": "Server heartbeat started", "topologyId": {"$oid": "6962785d3127086e3f0188e5"}, "driverConnectionId": 1, "serverConnectionId": 221, "serverHost": "localhost", "serverPort": 27017, "awaited": true}
2026-01-10 18:20:34,544 - httpcore.http11 - DEBUG - receive_response_headers.complete return_value=(b'HTTP/1.1', 200, b'OK', [(b'Server', b'nginx/1.18.0'), (b'Date', b'Sat, 10 Jan 2026 16:20:34 GMT'), (b'Content-Type', b'application/json'), (b'Content-Length', b'23'), (b'Connection', b'keep-alive'), (b'Strict-Transport-Security', b'max-age=31536000; includeSubDomains; preload'), (b'Access-Control-Allow-Origin', b'*'), (b'Access-Control-Allow-Methods', b'GET, POST, OPTIONS'), (b'Access-Control-Expose-Headers', b'Content-Length,Content-Type,Date,Server,Connection')])
2026-01-10 18:20:34,545 - httpx - INFO - HTTP Request: POST https://api.telegram.org/bot8490932438:AAFVy70Urq5Cj0h7gUKJbECBv3z9-apYZtM/getUpdates "HTTP/1.1 200 OK"
2026-01-10 18:20:34,545 - httpcore.http11 - DEBUG - receive_response_body.started request=<Request [b'POST']>
2026-01-10 18:20:34,545 - httpcore.http11 - DEBUG - receive_response_body.complete
2026-01-10 18:20:34,545 - httpcore.http11 - DEBUG - response_closed.started
2026-01-10 18:20:34,545 - httpcore.http11 - DEBUG - response_closed.complete
2026-01-10 18:20:34,545 - telegram.ext.ExtBot - DEBUG - Call to Bot API endpoint `getUpdates` finished with return value `[]`
2026-01-10 18:20:34,545 - telegram.ext.ExtBot - DEBUG - No new updates found.
2026-01-10 18:20:34,546 - telegram.ext.ExtBot - DEBUG - Calling Bot API endpoint `getUpdates` with parameters `{'timeout': datetime.timedelta(seconds=10), 'offset': 328648466, 'allowed_updates': [<UpdateType.MESSAGE>, <UpdateType.EDITED_MESSAGE>, <UpdateType.CHANNEL_POST>, <UpdateType.EDITED_CHANNEL_POST>, <UpdateType.INLINE_QUERY>, <UpdateType.CHOSEN_INLINE_RESULT>, <UpdateType.CALLBACK_QUERY>, <UpdateType.SHIPPING_QUERY>, <UpdateType.PRE_CHECKOUT_QUERY>, <UpdateType.POLL>, <UpdateType.POLL_ANSWER>, <UpdateType.MY_CHAT_MEMBER>, <UpdateType.CHAT_MEMBER>, <UpdateType.CHAT_JOIN_REQUEST>, <UpdateType.CHAT_BOOST>, <UpdateType.REMOVED_CHAT_BOOST>, <UpdateType.MESSAGE_REACTION>, <UpdateType.MESSAGE_REACTION_COUNT>, <UpdateType.BUSINESS_CONNECTION>, <UpdateType.BUSINESS_MESSAGE>, <UpdateType.EDITED_BUSINESS_MESSAGE>, <UpdateType.DELETED_BUSINESS_MESSAGES>, <UpdateType.PURCHASED_PAID_MEDIA>]}`
2026-01-10 18:20:34,546 - httpcore.http11 - DEBUG - send_request_headers.started request=<Request [b'POST']>
2026-01-10 18:20:34,546 - httpcore.http11 - DEBUG - send_request_headers.complete
2026-01-10 18:20:34,546 - httpcore.http11 - DEBUG - send_request_body.started request=<Request [b'POST']>
2026-01-10 18:20:34,547 - httpcore.http11 - DEBUG - send_request_body.complete
2026-01-10 18:20:34,547 - httpcore.http11 - DEBUG - receive_response_headers.started request=<Request [b'POST']>
2026-01-10 18:20:41,399 - pymongo.topology - DEBUG - {"message": "Server heartbeat succeeded", "topologyId": {"$oid": "6962785d3127086e3f0188e5"}, "driverConnectionId": 1, "serverConnectionId": 221, "serverHost": "localhost", "serverPort": 27017, "awaited": true, "durationMS": 10000.39429217577, "reply": "{\"isWritablePrimary\": true, \"topologyVersion\": {\"processId\": {\"$oid\": \"695c03b553e27f5a444409fe\"}}, \"maxBsonObjectSize\": 16777216, \"maxMessageSizeBytes\": 48000000, \"maxWriteBatchSize\": 100000, \"localTime\": {\"$date\": \"2026-01-10T16:20:41.398Z\"}, \"logicalSessionTimeoutMinutes\": 30, \"connectionId\": 221, \"maxWireVersion\": 27, \"ok\": 1.0}"}
2026-01-10 18:20:41,399 - pymongo.topology - DEBUG - {"message": "Server heartbeat started", "topologyId": {"$oid": "6962785d3127086e3f0188e5"}, "driverConnectionId": 1, "serverConnectionId": 221, "serverHost": "localhost", "serverPort": 27017, "awaited": true}
2026-01-10 18:20:44,729 - httpcore.http11 - DEBUG - receive_response_headers.complete return_value=(b'HTTP/1.1', 200, b'OK', [(b'Server', b'nginx/1.18.0'), (b'Date', b'Sat, 10 Jan 2026 16:20:44 GMT'), (b'Content-Type', b'application/json'), (b'Content-Length', b'23'), (b'Connection', b'keep-alive'), (b'Strict-Transport-Security', b'max-age=31536000; includeSubDomains; preload'), (b'Access-Control-Allow-Origin', b'*'), (b'Access-Control-Allow-Methods', b'GET, POST, OPTIONS'), (b'Access-Control-Expose-Headers', b'Content-Length,Content-Type,Date,Server,Connection')])
2026-01-10 18:20:44,730 - httpx - INFO - HTTP Request: POST https://api.telegram.org/bot8490932438:AAFVy70Urq5Cj0h7gUKJbECBv3z9-apYZtM/getUpdates "HTTP/1.1 200 OK"
2026-01-10 18:20:44,730 - httpcore.http11 - DEBUG - receive_response_body.started request=<Request [b'POST']>
2026-01-10 18:20:44,731 - httpcore.http11 - DEBUG - receive_response_body.complete
2026-01-10 18:20:44,731 - httpcore.http11 - DEBUG - response_closed.started
2026-01-10 18:20:44,731 - httpcore.http11 - DEBUG - response_closed.complete
2026-01-10 18:20:44,731 - telegram.ext.ExtBot - DEBUG - Call to Bot API endpoint `getUpdates` finished with return value `[]`
2026-01-10 18:20:44,732 - telegram.ext.ExtBot - DEBUG - No new updates found.
2026-01-10 18:20:44,732 - telegram.ext.ExtBot - DEBUG - Calling Bot API endpoint `getUpdates` with parameters `{'timeout': datetime.timedelta(seconds=10), 'offset': 328648466, 'allowed_updates': [<UpdateType.MESSAGE>, <UpdateType.EDITED_MESSAGE>, <UpdateType.CHANNEL_POST>, <UpdateType.EDITED_CHANNEL_POST>, <UpdateType.INLINE_QUERY>, <UpdateType.CHOSEN_INLINE_RESULT>, <UpdateType.CALLBACK_QUERY>, <UpdateType.SHIPPING_QUERY>, <UpdateType.PRE_CHECKOUT_QUERY>, <UpdateType.POLL>, <UpdateType.POLL_ANSWER>, <UpdateType.MY_CHAT_MEMBER>, <UpdateType.CHAT_MEMBER>, <UpdateType.CHAT_JOIN_REQUEST>, <UpdateType.CHAT_BOOST>, <UpdateType.REMOVED_CHAT_BOOST>, <UpdateType.MESSAGE_REACTION>, <UpdateType.MESSAGE_REACTION_COUNT>, <UpdateType.BUSINESS_CONNECTION>, <UpdateType.BUSINESS_MESSAGE>, <UpdateType.EDITED_BUSINESS_MESSAGE>, <UpdateType.DELETED_BUSINESS_MESSAGES>, <UpdateType.PURCHASED_PAID_MEDIA>]}`
2026-01-10 18:20:44,733 - httpcore.http11 - DEBUG - send_request_headers.started request=<Request [b'POST']>
2026-01-10 18:20:44,733 - httpcore.http11 - DEBUG - send_request_headers.complete
2026-01-10 18:20:44,734 - httpcore.http11 - DEBUG - send_request_body.started request=<Request [b'POST']>
2026-01-10 18:20:44,734 - httpcore.http11 - DEBUG - send_request_body.complete
2026-01-10 18:20:44,734 - httpcore.http11 - DEBUG - receive_response_headers.started request=<Request [b'POST']>
2026-01-10 18:20:51,437 - pymongo.topology - DEBUG - {"message": "Server heartbeat succeeded", "topologyId": {"$oid": "6962785d3127086e3f0188e5"}, "driverConnectionId": 1, "serverConnectionId": 221, "serverHost": "localhost", "serverPort": 27017, "awaited": true, "durationMS": 10037.539292126894, "reply": "{\"isWritablePrimary\": true, \"topologyVersion\": {\"processId\": {\"$oid\": \"695c03b553e27f5a444409fe\"}}, \"maxBsonObjectSize\": 16777216, \"maxMessageSizeBytes\": 48000000, \"maxWriteBatchSize\": 100000, \"localTime\": {\"$date\": \"2026-01-10T16:20:51.437Z\"}, \"logicalSessionTimeoutMinutes\": 30, \"connectionId\": 221, \"maxWireVersion\": 27, \"ok\": 1.0}"}
2026-01-10 18:20:51,438 - pymongo.topology - DEBUG - {"message": "Server heartbeat started", "topologyId": {"$oid": "6962785d3127086e3f0188e5"}, "driverConnectionId": 1, "serverConnectionId": 221, "serverHost": "localhost", "serverPort": 27017, "awaited": true}
2026-01-10 18:20:54,865 - httpcore.http11 - DEBUG - receive_response_headers.complete return_value=(b'HTTP/1.1', 200, b'OK', [(b'Server', b'nginx/1.18.0'), (b'Date', b'Sat, 10 Jan 2026 16:20:54 GMT'), (b'Content-Type', b'application/json'), (b'Content-Length', b'23'), (b'Connection', b'keep-alive'), (b'Strict-Transport-Security', b'max-age=31536000; includeSubDomains; preload'), (b'Access-Control-Allow-Origin', b'*'), (b'Access-Control-Allow-Methods', b'GET, POST, OPTIONS'), (b'Access-Control-Expose-Headers', b'Content-Length,Content-Type,Date,Server,Connection')])
2026-01-10 18:20:54,865 - httpx - INFO - HTTP Request: POST https://api.telegram.org/bot8490932438:AAFVy70Urq5Cj0h7gUKJbECBv3z9-apYZtM/getUpdates "HTTP/1.1 200 OK"
2026-01-10 18:20:54,866 - httpcore.http11 - DEBUG - receive_response_body.started request=<Request [b'POST']>
2026-01-10 18:20:54,866 - httpcore.http11 - DEBUG - receive_response_body.complete
2026-01-10 18:20:54,866 - httpcore.http11 - DEBUG - response_closed.started
2026-01-10 18:20:54,866 - httpcore.http11 - DEBUG - response_closed.complete
2026-01-10 18:20:54,867 - telegram.ext.ExtBot - DEBUG - Call to Bot API endpoint `getUpdates` finished with return value `[]`
2026-01-10 18:20:54,867 - telegram.ext.ExtBot - DEBUG - No new updates found.
2026-01-10 18:20:54,867 - telegram.ext.ExtBot - DEBUG - Calling Bot API endpoint `getUpdates` with parameters `{'timeout': datetime.timedelta(seconds=10), 'offset': 328648466, 'allowed_updates': [<UpdateType.MESSAGE>, <UpdateType.EDITED_MESSAGE>, <UpdateType.CHANNEL_POST>, <UpdateType.EDITED_CHANNEL_POST>, <UpdateType.INLINE_QUERY>, <UpdateType.CHOSEN_INLINE_RESULT>, <UpdateType.CALLBACK_QUERY>, <UpdateType.SHIPPING_QUERY>, <UpdateType.PRE_CHECKOUT_QUERY>, <UpdateType.POLL>, <UpdateType.POLL_ANSWER>, <UpdateType.MY_CHAT_MEMBER>, <UpdateType.CHAT_MEMBER>, <UpdateType.CHAT_JOIN_REQUEST>, <UpdateType.CHAT_BOOST>, <UpdateType.REMOVED_CHAT_BOOST>, <UpdateType.MESSAGE_REACTION>, <UpdateType.MESSAGE_REACTION_COUNT>, <UpdateType.BUSINESS_CONNECTION>, <UpdateType.BUSINESS_MESSAGE>, <UpdateType.EDITED_BUSINESS_MESSAGE>, <UpdateType.DELETED_BUSINESS_MESSAGES>, <UpdateType.PURCHASED_PAID_MEDIA>]}`
2026-01-10 18:20:54,868 - httpcore.http11 - DEBUG - send_request_headers.started request=<Request [b'POST']>
2026-01-10 18:20:54,869 - httpcore.http11 - DEBUG - send_request_headers.complete
2026-01-10 18:20:54,869 - httpcore.http11 - DEBUG - send_request_body.started request=<Request [b'POST']>
2026-01-10 18:20:54,869 - httpcore.http11 - DEBUG - send_request_body.complete
2026-01-10 18:20:54,869 - httpcore.http11 - DEBUG - receive_response_headers.started request=<Request [b'POST']>
2026-01-10 18:21:01,507 - pymongo.topology - DEBUG - {"message": "Server heartbeat succeeded", "topologyId": {"$oid": "6962785d3127086e3f0188e5"}, "driverConnectionId": 1, "serverConnectionId": 221, "serverHost": "localhost", "serverPort": 27017, "awaited": true, "durationMS": 10068.302917294204, "reply": "{\"isWritablePrimary\": true, \"topologyVersion\": {\"processId\": {\"$oid\": \"695c03b553e27f5a444409fe\"}}, \"maxBsonObjectSize\": 16777216, \"maxMessageSizeBytes\": 48000000, \"maxWriteBatchSize\": 100000, \"localTime\": {\"$date\": \"2026-01-10T16:21:01.506Z\"}, \"logicalSessionTimeoutMinutes\": 30, \"connectionId\": 221, \"maxWireVersion\": 27, \"ok\": 1.0}"}
2026-01-10 18:21:01,507 - pymongo.topology - DEBUG - {"message": "Server heartbeat started", "topologyId": {"$oid": "6962785d3127086e3f0188e5"}, "driverConnectionId": 1, "serverConnectionId": 221, "serverHost": "localhost", "serverPort": 27017, "awaited": true}
2026-01-10 18:21:05,001 - httpcore.http11 - DEBUG - receive_response_headers.complete return_value=(b'HTTP/1.1', 200, b'OK', [(b'Server', b'nginx/1.18.0'), (b'Date', b'Sat, 10 Jan 2026 16:21:05 GMT'), (b'Content-Type', b'application/json'), (b'Content-Length', b'23'), (b'Connection', b'keep-alive'), (b'Strict-Transport-Security', b'max-age=31536000; includeSubDomains; preload'), (b'Access-Control-Allow-Origin', b'*'), (b'Access-Control-Allow-Methods', b'GET, POST, OPTIONS'), (b'Access-Control-Expose-Headers', b'Content-Length,Content-Type,Date,Server,Connection')])
2026-01-10 18:21:05,002 - httpx - INFO - HTTP Request: POST https://api.telegram.org/bot8490932438:AAFVy70Urq5Cj0h7gUKJbECBv3z9-apYZtM/getUpdates "HTTP/1.1 200 OK"
2026-01-10 18:21:05,003 - httpcore.http11 - DEBUG - receive_response_body.started request=<Request [b'POST']>
2026-01-10 18:21:05,003 - httpcore.http11 - DEBUG - receive_response_body.complete
2026-01-10 18:21:05,003 - httpcore.http11 - DEBUG - response_closed.started
2026-01-10 18:21:05,003 - httpcore.http11 - DEBUG - response_closed.complete
2026-01-10 18:21:05,004 - telegram.ext.ExtBot - DEBUG - Call to Bot API endpoint `getUpdates` finished with return value `[]`
2026-01-10 18:21:05,004 - telegram.ext.ExtBot - DEBUG - No new updates found.
2026-01-10 18:21:05,004 - telegram.ext.ExtBot - DEBUG - Calling Bot API endpoint `getUpdates` with parameters `{'timeout': datetime.timedelta(seconds=10), 'offset': 328648466, 'allowed_updates': [<UpdateType.MESSAGE>, <UpdateType.EDITED_MESSAGE>, <UpdateType.CHANNEL_POST>, <UpdateType.EDITED_CHANNEL_POST>, <UpdateType.INLINE_QUERY>, <UpdateType.CHOSEN_INLINE_RESULT>, <UpdateType.CALLBACK_QUERY>, <UpdateType.SHIPPING_QUERY>, <UpdateType.PRE_CHECKOUT_QUERY>, <UpdateType.POLL>, <UpdateType.POLL_ANSWER>, <UpdateType.MY_CHAT_MEMBER>, <UpdateType.CHAT_MEMBER>, <UpdateType.CHAT_JOIN_REQUEST>, <UpdateType.CHAT_BOOST>, <UpdateType.REMOVED_CHAT_BOOST>, <UpdateType.MESSAGE_REACTION>, <UpdateType.MESSAGE_REACTION_COUNT>, <UpdateType.BUSINESS_CONNECTION>, <UpdateType.BUSINESS_MESSAGE>, <UpdateType.EDITED_BUSINESS_MESSAGE>, <UpdateType.DELETED_BUSINESS_MESSAGES>, <UpdateType.PURCHASED_PAID_MEDIA>]}`
2026-01-10 18:21:05,005 - httpcore.http11 - DEBUG - send_request_headers.started request=<Request [b'POST']>
2026-01-10 18:21:05,006 - httpcore.http11 - DEBUG - send_request_headers.complete
2026-01-10 18:21:05,006 - httpcore.http11 - DEBUG - send_request_body.started request=<Request [b'POST']>
2026-01-10 18:21:05,006 - httpcore.http11 - DEBUG - send_request_body.complete
2026-01-10 18:21:05,006 - httpcore.http11 - DEBUG - receive_response_headers.started request=<Request [b'POST']>
2026-01-10 18:21:11,581 - pymongo.topology - DEBUG - {"message": "Server heartbeat succeeded", "topologyId": {"$oid": "6962785d3127086e3f0188e5"}, "driverConnectionId": 1, "serverConnectionId": 221, "serverHost": "localhost", "serverPort": 27017, "awaited": true, "durationMS": 10073.010500054806, "reply": "{\"isWritablePrimary\": true, \"topologyVersion\": {\"processId\": {\"$oid\": \"695c03b553e27f5a444409fe\"}}, \"maxBsonObjectSize\": 16777216, \"maxMessageSizeBytes\": 48000000, \"maxWriteBatchSize\": 100000, \"localTime\": {\"$date\": \"2026-01-10T16:21:11.580Z\"}, \"logicalSessionTimeoutMinutes\": 30, \"connectionId\": 221, \"maxWireVersion\": 27, \"ok\": 1.0}"}
2026-01-10 18:21:11,581 - pymongo.topology - DEBUG - {"message": "Server heartbeat started", "topologyId": {"$oid": "6962785d3127086e3f0188e5"}, "driverConnectionId": 1, "serverConnectionId": 221, "serverHost": "localhost", "serverPort": 27017, "awaited": true}
2026-01-10 18:21:15,087 - httpcore.http11 - DEBUG - receive_response_headers.complete return_value=(b'HTTP/1.1', 200, b'OK', [(b'Server', b'nginx/1.18.0'), (b'Date', b'Sat, 10 Jan 2026 16:21:15 GMT'), (b'Content-Type', b'application/json'), (b'Content-Length', b'23'), (b'Connection', b'keep-alive'), (b'Strict-Transport-Security', b'max-age=31536000; includeSubDomains; preload'), (b'Access-Control-Allow-Origin', b'*'), (b'Access-Control-Allow-Methods', b'GET, POST, OPTIONS'), (b'Access-Control-Expose-Headers', b'Content-Length,Content-Type,Date,Server,Connection')])
2026-01-10 18:21:15,087 - httpx - INFO - HTTP Request: POST https://api.telegram.org/bot8490932438:AAFVy70Urq5Cj0h7gUKJbECBv3z9-apYZtM/getUpdates "HTTP/1.1 200 OK"
2026-01-10 18:21:15,088 - httpcore.http11 - DEBUG - receive_response_body.started request=<Request [b'POST']>
2026-01-10 18:21:15,088 - httpcore.http11 - DEBUG - receive_response_body.complete
2026-01-10 18:21:15,088 - httpcore.http11 - DEBUG - response_closed.started
2026-01-10 18:21:15,088 - httpcore.http11 - DEBUG - response_closed.complete
2026-01-10 18:21:15,089 - telegram.ext.ExtBot - DEBUG - Call to Bot API endpoint `getUpdates` finished with return value `[]`
2026-01-10 18:21:15,089 - telegram.ext.ExtBot - DEBUG - No new updates found.
2026-01-10 18:21:15,089 - telegram.ext.ExtBot - DEBUG - Calling Bot API endpoint `getUpdates` with parameters `{'timeout': datetime.timedelta(seconds=10), 'offset': 328648466, 'allowed_updates': [<UpdateType.MESSAGE>, <UpdateType.EDITED_MESSAGE>, <UpdateType.CHANNEL_POST>, <UpdateType.EDITED_CHANNEL_POST>, <UpdateType.INLINE_QUERY>, <UpdateType.CHOSEN_INLINE_RESULT>, <UpdateType.CALLBACK_QUERY>, <UpdateType.SHIPPING_QUERY>, <UpdateType.PRE_CHECKOUT_QUERY>, <UpdateType.POLL>, <UpdateType.POLL_ANSWER>, <UpdateType.MY_CHAT_MEMBER>, <UpdateType.CHAT_MEMBER>, <UpdateType.CHAT_JOIN_REQUEST>, <UpdateType.CHAT_BOOST>, <UpdateType.REMOVED_CHAT_BOOST>, <UpdateType.MESSAGE_REACTION>, <UpdateType.MESSAGE_REACTION_COUNT>, <UpdateType.BUSINESS_CONNECTION>, <UpdateType.BUSINESS_MESSAGE>, <UpdateType.EDITED_BUSINESS_MESSAGE>, <UpdateType.DELETED_BUSINESS_MESSAGES>, <UpdateType.PURCHASED_PAID_MEDIA>]}`
2026-01-10 18:21:15,090 - httpcore.http11 - DEBUG - send_request_headers.started request=<Request [b'POST']>
2026-01-10 18:21:15,090 - httpcore.http11 - DEBUG - send_request_headers.complete
2026-01-10 18:21:15,091 - httpcore.http11 - DEBUG - send_request_body.started request=<Request [b'POST']>
2026-01-10 18:21:15,091 - httpcore.http11 - DEBUG - send_request_body.complete
2026-01-10 18:21:15,091 - httpcore.http11 - DEBUG - receive_response_headers.started request=<Request [b'POST']>
2026-01-10 18:21:21,644 - pymongo.topology - DEBUG - {"message": "Server heartbeat succeeded", "topologyId": {"$oid": "6962785d3127086e3f0188e5"}, "driverConnectionId": 1, "serverConnectionId": 221, "serverHost": "localhost", "serverPort": 27017, "awaited": true, "durationMS": 10062.562542036176, "reply": "{\"isWritablePrimary\": true, \"topologyVersion\": {\"processId\": {\"$oid\": \"695c03b553e27f5a444409fe\"}}, \"maxBsonObjectSize\": 16777216, \"maxMessageSizeBytes\": 48000000, \"maxWriteBatchSize\": 100000, \"localTime\": {\"$date\": \"2026-01-10T16:21:21.644Z\"}, \"logicalSessionTimeoutMinutes\": 30, \"connectionId\": 221, \"maxWireVersion\": 27, \"ok\": 1.0}"}
2026-01-10 18:21:21,645 - pymongo.topology - DEBUG - {"message": "Server heartbeat started", "topologyId": {"$oid": "6962785d3127086e3f0188e5"}, "driverConnectionId": 1, "serverConnectionId": 221, "serverHost": "localhost", "serverPort": 27017, "awaited": true}
2026-01-10 18:21:25,193 - httpcore.http11 - DEBUG - receive_response_headers.complete return_value=(b'HTTP/1.1', 200, b'OK', [(b'Server', b'nginx/1.18.0'), (b'Date', b'Sat, 10 Jan 2026 16:21:25 GMT'), (b'Content-Type', b'application/json'), (b'Content-Length', b'23'), (b'Connection', b'keep-alive'), (b'Strict-Transport-Security', b'max-age=31536000; includeSubDomains; preload'), (b'Access-Control-Allow-Origin', b'*'), (b'Access-Control-Allow-Methods', b'GET, POST, OPTIONS'), (b'Access-Control-Expose-Headers', b'Content-Length,Content-Type,Date,Server,Connection')])
2026-01-10 18:21:25,194 - httpx - INFO - HTTP Request: POST https://api.telegram.org/bot8490932438:AAFVy70Urq5Cj0h7gUKJbECBv3z9-apYZtM/getUpdates "HTTP/1.1 200 OK"
2026-01-10 18:21:25,194 - httpcore.http11 - DEBUG - receive_response_body.started request=<Request [b'POST']>
2026-01-10 18:21:25,194 - httpcore.http11 - DEBUG - receive_response_body.complete
2026-01-10 18:21:25,195 - httpcore.http11 - DEBUG - response_closed.started
2026-01-10 18:21:25,195 - httpcore.http11 - DEBUG - response_closed.complete
2026-01-10 18:21:25,195 - telegram.ext.ExtBot - DEBUG - Call to Bot API endpoint `getUpdates` finished with return value `[]`
2026-01-10 18:21:25,196 - telegram.ext.ExtBot - DEBUG - No new updates found.
2026-01-10 18:21:25,196 - telegram.ext.ExtBot - DEBUG - Calling Bot API endpoint `getUpdates` with parameters `{'timeout': datetime.timedelta(seconds=10), 'offset': 328648466, 'allowed_updates': [<UpdateType.MESSAGE>, <UpdateType.EDITED_MESSAGE>, <UpdateType.CHANNEL_POST>, <UpdateType.EDITED_CHANNEL_POST>, <UpdateType.INLINE_QUERY>, <UpdateType.CHOSEN_INLINE_RESULT>, <UpdateType.CALLBACK_QUERY>, <UpdateType.SHIPPING_QUERY>, <UpdateType.PRE_CHECKOUT_QUERY>, <UpdateType.POLL>, <UpdateType.POLL_ANSWER>, <UpdateType.MY_CHAT_MEMBER>, <UpdateType.CHAT_MEMBER>, <UpdateType.CHAT_JOIN_REQUEST>, <UpdateType.CHAT_BOOST>, <UpdateType.REMOVED_CHAT_BOOST>, <UpdateType.MESSAGE_REACTION>, <UpdateType.MESSAGE_REACTION_COUNT>, <UpdateType.BUSINESS_CONNECTION>, <UpdateType.BUSINESS_MESSAGE>, <UpdateType.EDITED_BUSINESS_MESSAGE>, <UpdateType.DELETED_BUSINESS_MESSAGES>, <UpdateType.PURCHASED_PAID_MEDIA>]}`
2026-01-10 18:21:25,197 - httpcore.http11 - DEBUG - send_request_headers.started request=<Request [b'POST']>
2026-01-10 18:21:25,197 - httpcore.http11 - DEBUG - send_request_headers.complete
2026-01-10 18:21:25,198 - httpcore.http11 - DEBUG - send_request_body.started request=<Request [b'POST']>
2026-01-10 18:21:25,198 - httpcore.http11 - DEBUG - send_request_body.complete
2026-01-10 18:21:25,198 - httpcore.http11 - DEBUG - receive_response_headers.started request=<Request [b'POST']>
2026-01-10 18:21:31,717 - pymongo.topology - DEBUG - {"message": "Server heartbeat succeeded", "topologyId": {"$oid": "6962785d3127086e3f0188e5"}, "driverConnectionId": 1, "serverConnectionId": 221, "serverHost": "localhost", "serverPort": 27017, "awaited": true, "durationMS": 10070.931166876107, "reply": "{\"isWritablePrimary\": true, \"topologyVersion\": {\"processId\": {\"$oid\": \"695c03b553e27f5a444409fe\"}}, \"maxBsonObjectSize\": 16777216, \"maxMessageSizeBytes\": 48000000, \"maxWriteBatchSize\": 100000, \"localTime\": {\"$date\": \"2026-01-10T16:21:31.716Z\"}, \"logicalSessionTimeoutMinutes\": 30, \"connectionId\": 221, \"maxWireVersion\": 27, \"ok\": 1.0}"}
2026-01-10 18:21:31,718 - pymongo.topology - DEBUG - {"message": "Server heartbeat started", "topologyId": {"$oid": "6962785d3127086e3f0188e5"}, "driverConnectionId": 1, "serverConnectionId": 221, "serverHost": "localhost", "serverPort": 27017, "awaited": true}
2026-01-10 18:21:35,312 - httpcore.http11 - DEBUG - receive_response_headers.complete return_value=(b'HTTP/1.1', 200, b'OK', [(b'Server', b'nginx/1.18.0'), (b'Date', b'Sat, 10 Jan 2026 16:21:35 GMT'), (b'Content-Type', b'application/json'), (b'Content-Length', b'23'), (b'Connection', b'keep-alive'), (b'Strict-Transport-Security', b'max-age=31536000; includeSubDomains; preload'), (b'Access-Control-Allow-Origin', b'*'), (b'Access-Control-Allow-Methods', b'GET, POST, OPTIONS'), (b'Access-Control-Expose-Headers', b'Content-Length,Content-Type,Date,Server,Connection')])
2026-01-10 18:21:35,313 - httpx - INFO - HTTP Request: POST https://api.telegram.org/bot8490932438:AAFVy70Urq5Cj0h7gUKJbECBv3z9-apYZtM/getUpdates "HTTP/1.1 200 OK"
2026-01-10 18:21:35,313 - httpcore.http11 - DEBUG - receive_response_body.started request=<Request [b'POST']>
2026-01-10 18:21:35,313 - httpcore.http11 - DEBUG - receive_response_body.complete
2026-01-10 18:21:35,314 - httpcore.http11 - DEBUG - response_closed.started
2026-01-10 18:21:35,314 - httpcore.http11 - DEBUG - response_closed.complete
2026-01-10 18:21:35,314 - telegram.ext.ExtBot - DEBUG - Call to Bot API endpoint `getUpdates` finished with return value `[]`
2026-01-10 18:21:35,314 - telegram.ext.ExtBot - DEBUG - No new updates found.
2026-01-10 18:21:35,315 - telegram.ext.ExtBot - DEBUG - Calling Bot API endpoint `getUpdates` with parameters `{'timeout': datetime.timedelta(seconds=10), 'offset': 328648466, 'allowed_updates': [<UpdateType.MESSAGE>, <UpdateType.EDITED_MESSAGE>, <UpdateType.CHANNEL_POST>, <UpdateType.EDITED_CHANNEL_POST>, <UpdateType.INLINE_QUERY>, <UpdateType.CHOSEN_INLINE_RESULT>, <UpdateType.CALLBACK_QUERY>, <UpdateType.SHIPPING_QUERY>, <UpdateType.PRE_CHECKOUT_QUERY>, <UpdateType.POLL>, <UpdateType.POLL_ANSWER>, <UpdateType.MY_CHAT_MEMBER>, <UpdateType.CHAT_MEMBER>, <UpdateType.CHAT_JOIN_REQUEST>, <UpdateType.CHAT_BOOST>, <UpdateType.REMOVED_CHAT_BOOST>, <UpdateType.MESSAGE_REACTION>, <UpdateType.MESSAGE_REACTION_COUNT>, <UpdateType.BUSINESS_CONNECTION>, <UpdateType.BUSINESS_MESSAGE>, <UpdateType.EDITED_BUSINESS_MESSAGE>, <UpdateType.DELETED_BUSINESS_MESSAGES>, <UpdateType.PURCHASED_PAID_MEDIA>]}`
2026-01-10 18:21:35,316 - httpcore.http11 - DEBUG - send_request_headers.started request=<Request [b'POST']>
2026-01-10 18:21:35,316 - httpcore.http11 - DEBUG - send_request_headers.complete
2026-01-10 18:21:35,316 - httpcore.http11 - DEBUG - send_request_body.started request=<Request [b'POST']>
2026-01-10 18:21:35,317 - httpcore.http11 - DEBUG - send_request_body.complete
2026-01-10 18:21:35,317 - httpcore.http11 - DEBUG - receive_response_headers.started request=<Request [b'POST']>
2026-01-10 18:21:41,789 - pymongo.topology - DEBUG - {"message": "Server heartbeat succeeded", "topologyId": {"$oid": "6962785d3127086e3f0188e5"}, "driverConnectionId": 1, "serverConnectionId": 221, "serverHost": "localhost", "serverPort": 27017, "awaited": true, "durationMS": 10070.549917407334, "reply": "{\"isWritablePrimary\": true, \"topologyVersion\": {\"processId\": {\"$oid\": \"695c03b553e27f5a444409fe\"}}, \"maxBsonObjectSize\": 16777216, \"maxMessageSizeBytes\": 48000000, \"maxWriteBatchSize\": 100000, \"localTime\": {\"$date\": \"2026-01-10T16:21:41.788Z\"}, \"logicalSessionTimeoutMinutes\": 30, \"connectionId\": 221, \"maxWireVersion\": 27, \"ok\": 1.0}"}
2026-01-10 18:21:41,790 - pymongo.topology - DEBUG - {"message": "Server heartbeat started", "topologyId": {"$oid": "6962785d3127086e3f0188e5"}, "driverConnectionId": 1, "serverConnectionId": 221, "serverHost": "localhost", "serverPort": 27017, "awaited": true}
2026-01-10 18:21:45,398 - httpcore.http11 - DEBUG - receive_response_headers.complete return_value=(b'HTTP/1.1', 200, b'OK', [(b'Server', b'nginx/1.18.0'), (b'Date', b'Sat, 10 Jan 2026 16:21:45 GMT'), (b'Content-Type', b'application/json'), (b'Content-Length', b'23'), (b'Connection', b'keep-alive'), (b'Strict-Transport-Security', b'max-age=31536000; includeSubDomains; preload'), (b'Access-Control-Allow-Origin', b'*'), (b'Access-Control-Allow-Methods', b'GET, POST, OPTIONS'), (b'Access-Control-Expose-Headers', b'Content-Length,Content-Type,Date,Server,Connection')])
2026-01-10 18:21:45,399 - httpx - INFO - HTTP Request: POST https://api.telegram.org/bot8490932438:AAFVy70Urq5Cj0h7gUKJbECBv3z9-apYZtM/getUpdates "HTTP/1.1 200 OK"
2026-01-10 18:21:45,399 - httpcore.http11 - DEBUG - receive_response_body.started request=<Request [b'POST']>
2026-01-10 18:21:45,399 - httpcore.http11 - DEBUG - receive_response_body.complete
2026-01-10 18:21:45,400 - httpcore.http11 - DEBUG - response_closed.started
2026-01-10 18:21:45,400 - httpcore.http11 - DEBUG - response_closed.complete
2026-01-10 18:21:45,400 - telegram.ext.ExtBot - DEBUG - Call to Bot API endpoint `getUpdates` finished with return value `[]`
2026-01-10 18:21:45,401 - telegram.ext.ExtBot - DEBUG - No new updates found.
2026-01-10 18:21:45,401 - telegram.ext.ExtBot - DEBUG - Calling Bot API endpoint `getUpdates` with parameters `{'timeout': datetime.timedelta(seconds=10), 'offset': 328648466, 'allowed_updates': [<UpdateType.MESSAGE>, <UpdateType.EDITED_MESSAGE>, <UpdateType.CHANNEL_POST>, <UpdateType.EDITED_CHANNEL_POST>, <UpdateType.INLINE_QUERY>, <UpdateType.CHOSEN_INLINE_RESULT>, <UpdateType.CALLBACK_QUERY>, <UpdateType.SHIPPING_QUERY>, <UpdateType.PRE_CHECKOUT_QUERY>, <UpdateType.POLL>, <UpdateType.POLL_ANSWER>, <UpdateType.MY_CHAT_MEMBER>, <UpdateType.CHAT_MEMBER>, <UpdateType.CHAT_JOIN_REQUEST>, <UpdateType.CHAT_BOOST>, <UpdateType.REMOVED_CHAT_BOOST>, <UpdateType.MESSAGE_REACTION>, <UpdateType.MESSAGE_REACTION_COUNT>, <UpdateType.BUSINESS_CONNECTION>, <UpdateType.BUSINESS_MESSAGE>, <UpdateType.EDITED_BUSINESS_MESSAGE>, <UpdateType.DELETED_BUSINESS_MESSAGES>, <UpdateType.PURCHASED_PAID_MEDIA>]}`
2026-01-10 18:21:45,402 - httpcore.http11 - DEBUG - send_request_headers.started request=<Request [b'POST']>
2026-01-10 18:21:45,402 - httpcore.http11 - DEBUG - send_request_headers.complete
2026-01-10 18:21:45,402 - httpcore.http11 - DEBUG - send_request_body.started request=<Request [b'POST']>
2026-01-10 18:21:45,403 - httpcore.http11 - DEBUG - send_request_body.complete
2026-01-10 18:21:45,403 - httpcore.http11 - DEBUG - receive_response_headers.started request=<Request [b'POST']>
2026-01-10 18:21:51,863 - pymongo.topology - DEBUG - {"message": "Server heartbeat succeeded", "topologyId": {"$oid": "6962785d3127086e3f0188e5"}, "driverConnectionId": 1, "serverConnectionId": 221, "serverHost": "localhost", "serverPort": 27017, "awaited": true, "durationMS": 10072.949416004121, "reply": "{\"isWritablePrimary\": true, \"topologyVersion\": {\"processId\": {\"$oid\": \"695c03b553e27f5a444409fe\"}}, \"maxBsonObjectSize\": 16777216, \"maxMessageSizeBytes\": 48000000, \"maxWriteBatchSize\": 100000, \"localTime\": {\"$date\": \"2026-01-10T16:21:51.862Z\"}, \"logicalSessionTimeoutMinutes\": 30, \"connectionId\": 221, \"maxWireVersion\": 27, \"ok\": 1.0}"}
2026-01-10 18:21:51,864 - pymongo.topology - DEBUG - {"message": "Server heartbeat started", "topologyId": {"$oid": "6962785d3127086e3f0188e5"}, "driverConnectionId": 1, "serverConnectionId": 221, "serverHost": "localhost", "serverPort": 27017, "awaited": true}
2026-01-10 18:21:55,588 - httpcore.http11 - DEBUG - receive_response_headers.complete return_value=(b'HTTP/1.1', 200, b'OK', [(b'Server', b'nginx/1.18.0'), (b'Date', b'Sat, 10 Jan 2026 16:21:55 GMT'), (b'Content-Type', b'application/json'), (b'Content-Length', b'23'), (b'Connection', b'keep-alive'), (b'Strict-Transport-Security', b'max-age=31536000; includeSubDomains; preload'), (b'Access-Control-Allow-Origin', b'*'), (b'Access-Control-Allow-Methods', b'GET, POST, OPTIONS'), (b'Access-Control-Expose-Headers', b'Content-Length,Content-Type,Date,Server,Connection')])
2026-01-10 18:21:55,588 - httpx - INFO - HTTP Request: POST https://api.telegram.org/bot8490932438:AAFVy70Urq5Cj0h7gUKJbECBv3z9-apYZtM/getUpdates "HTTP/1.1 200 OK"
2026-01-10 18:21:55,589 - httpcore.http11 - DEBUG - receive_response_body.started request=<Request [b'POST']>
2026-01-10 18:21:55,589 - httpcore.http11 - DEBUG - receive_response_body.complete
2026-01-10 18:21:55,589 - httpcore.http11 - DEBUG - response_closed.started
2026-01-10 18:21:55,589 - httpcore.http11 - DEBUG - response_closed.complete
2026-01-10 18:21:55,590 - telegram.ext.ExtBot - DEBUG - Call to Bot API endpoint `getUpdates` finished with return value `[]`
2026-01-10 18:21:55,590 - telegram.ext.ExtBot - DEBUG - No new updates found.
2026-01-10 18:21:55,591 - telegram.ext.ExtBot - DEBUG - Calling Bot API endpoint `getUpdates` with parameters `{'timeout': datetime.timedelta(seconds=10), 'offset': 328648466, 'allowed_updates': [<UpdateType.MESSAGE>, <UpdateType.EDITED_MESSAGE>, <UpdateType.CHANNEL_POST>, <UpdateType.EDITED_CHANNEL_POST>, <UpdateType.INLINE_QUERY>, <UpdateType.CHOSEN_INLINE_RESULT>, <UpdateType.CALLBACK_QUERY>, <UpdateType.SHIPPING_QUERY>, <UpdateType.PRE_CHECKOUT_QUERY>, <UpdateType.POLL>, <UpdateType.POLL_ANSWER>, <UpdateType.MY_CHAT_MEMBER>, <UpdateType.CHAT_MEMBER>, <UpdateType.CHAT_JOIN_REQUEST>, <UpdateType.CHAT_BOOST>, <UpdateType.REMOVED_CHAT_BOOST>, <UpdateType.MESSAGE_REACTION>, <UpdateType.MESSAGE_REACTION_COUNT>, <UpdateType.BUSINESS_CONNECTION>, <UpdateType.BUSINESS_MESSAGE>, <UpdateType.EDITED_BUSINESS_MESSAGE>, <UpdateType.DELETED_BUSINESS_MESSAGES>, <UpdateType.PURCHASED_PAID_MEDIA>]}`
2026-01-10 18:21:55,591 - httpcore.http11 - DEBUG - send_request_headers.started request=<Request [b'POST']>
2026-01-10 18:21:55,592 - httpcore.http11 - DEBUG - send_request_headers.complete
2026-01-10 18:21:55,592 - httpcore.http11 - DEBUG - send_request_body.started request=<Request [b'POST']>
2026-01-10 18:21:55,592 - httpcore.http11 - DEBUG - send_request_body.complete
2026-01-10 18:21:55,592 - httpcore.http11 - DEBUG - receive_response_headers.started request=<Request [b'POST']>
2026-01-10 18:22:01,895 - pymongo.topology - DEBUG - {"message": "Server heartbeat succeeded", "topologyId": {"$oid": "6962785d3127086e3f0188e5"}, "driverConnectionId": 1, "serverConnectionId": 221, "serverHost": "localhost", "serverPort": 27017, "awaited": true, "durationMS": 10030.642374884337, "reply": "{\"isWritablePrimary\": true, \"topologyVersion\": {\"processId\": {\"$oid\": \"695c03b553e27f5a444409fe\"}}, \"maxBsonObjectSize\": 16777216, \"maxMessageSizeBytes\": 48000000, \"maxWriteBatchSize\": 100000, \"localTime\": {\"$date\": \"2026-01-10T16:22:01.894Z\"}, \"logicalSessionTimeoutMinutes\": 30, \"connectionId\": 221, \"maxWireVersion\": 27, \"ok\": 1.0}"}
2026-01-10 18:22:01,896 - pymongo.topology - DEBUG - {"message": "Server heartbeat started", "topologyId": {"$oid": "6962785d3127086e3f0188e5"}, "driverConnectionId": 1, "serverConnectionId": 221, "serverHost": "localhost", "serverPort": 27017, "awaited": true}
2026-01-10 18:22:05,674 - httpcore.http11 - DEBUG - receive_response_headers.complete return_value=(b'HTTP/1.1', 200, b'OK', [(b'Server', b'nginx/1.18.0'), (b'Date', b'Sat, 10 Jan 2026 16:22:05 GMT'), (b'Content-Type', b'application/json'), (b'Content-Length', b'23'), (b'Connection', b'keep-alive'), (b'Strict-Transport-Security', b'max-age=31536000; includeSubDomains; preload'), (b'Access-Control-Allow-Origin', b'*'), (b'Access-Control-Allow-Methods', b'GET, POST, OPTIONS'), (b'Access-Control-Expose-Headers', b'Content-Length,Content-Type,Date,Server,Connection')])
2026-01-10 18:22:05,675 - httpx - INFO - HTTP Request: POST https://api.telegram.org/bot8490932438:AAFVy70Urq5Cj0h7gUKJbECBv3z9-apYZtM/getUpdates "HTTP/1.1 200 OK"
2026-01-10 18:22:05,675 - httpcore.http11 - DEBUG - receive_response_body.started request=<Request [b'POST']>
2026-01-10 18:22:05,675 - httpcore.http11 - DEBUG - receive_response_body.complete
2026-01-10 18:22:05,676 - httpcore.http11 - DEBUG - response_closed.started
2026-01-10 18:22:05,676 - httpcore.http11 - DEBUG - response_closed.complete
2026-01-10 18:22:05,676 - telegram.ext.ExtBot - DEBUG - Call to Bot API endpoint `getUpdates` finished with return value `[]`
2026-01-10 18:22:05,676 - telegram.ext.ExtBot - DEBUG - No new updates found.
2026-01-10 18:22:05,677 - telegram.ext.ExtBot - DEBUG - Calling Bot API endpoint `getUpdates` with parameters `{'timeout': datetime.timedelta(seconds=10), 'offset': 328648466, 'allowed_updates': [<UpdateType.MESSAGE>, <UpdateType.EDITED_MESSAGE>, <UpdateType.CHANNEL_POST>, <UpdateType.EDITED_CHANNEL_POST>, <UpdateType.INLINE_QUERY>, <UpdateType.CHOSEN_INLINE_RESULT>, <UpdateType.CALLBACK_QUERY>, <UpdateType.SHIPPING_QUERY>, <UpdateType.PRE_CHECKOUT_QUERY>, <UpdateType.POLL>, <UpdateType.POLL_ANSWER>, <UpdateType.MY_CHAT_MEMBER>, <UpdateType.CHAT_MEMBER>, <UpdateType.CHAT_JOIN_REQUEST>, <UpdateType.CHAT_BOOST>, <UpdateType.REMOVED_CHAT_BOOST>, <UpdateType.MESSAGE_REACTION>, <UpdateType.MESSAGE_REACTION_COUNT>, <UpdateType.BUSINESS_CONNECTION>, <UpdateType.BUSINESS_MESSAGE>, <UpdateType.EDITED_BUSINESS_MESSAGE>, <UpdateType.DELETED_BUSINESS_MESSAGES>, <UpdateType.PURCHASED_PAID_MEDIA>]}`
2026-01-10 18:22:05,678 - httpcore.http11 - DEBUG - send_request_headers.started request=<Request [b'POST']>
2026-01-10 18:22:05,678 - httpcore.http11 - DEBUG - send_request_headers.complete
2026-01-10 18:22:05,678 - httpcore.http11 - DEBUG - send_request_body.started request=<Request [b'POST']>
2026-01-10 18:22:05,679 - httpcore.http11 - DEBUG - send_request_body.complete
2026-01-10 18:22:05,679 - httpcore.http11 - DEBUG - receive_response_headers.started request=<Request [b'POST']>
2026-01-10 18:22:11,968 - pymongo.topology - DEBUG - {"message": "Server heartbeat succeeded", "topologyId": {"$oid": "6962785d3127086e3f0188e5"}, "driverConnectionId": 1, "serverConnectionId": 221, "serverHost": "localhost", "serverPort": 27017, "awaited": true, "durationMS": 10071.90458290279, "reply": "{\"isWritablePrimary\": true, \"topologyVersion\": {\"processId\": {\"$oid\": \"695c03b553e27f5a444409fe\"}}, \"maxBsonObjectSize\": 16777216, \"maxMessageSizeBytes\": 48000000, \"maxWriteBatchSize\": 100000, \"localTime\": {\"$date\": \"2026-01-10T16:22:11.967Z\"}, \"logicalSessionTimeoutMinutes\": 30, \"connectionId\": 221, \"maxWireVersion\": 27, \"ok\": 1.0}"}
2026-01-10 18:22:11,969 - pymongo.topology - DEBUG - {"message": "Server heartbeat started", "topologyId": {"$oid": "6962785d3127086e3f0188e5"}, "driverConnectionId": 1, "serverConnectionId": 221, "serverHost": "localhost", "serverPort": 27017, "awaited": true}
2026-01-10 18:22:15,862 - httpcore.http11 - DEBUG - receive_response_headers.complete return_value=(b'HTTP/1.1', 200, b'OK', [(b'Server', b'nginx/1.18.0'), (b'Date', b'Sat, 10 Jan 2026 16:22:15 GMT'), (b'Content-Type', b'application/json'), (b'Content-Length', b'23'), (b'Connection', b'keep-alive'), (b'Strict-Transport-Security', b'max-age=31536000; includeSubDomains; preload'), (b'Access-Control-Allow-Origin', b'*'), (b'Access-Control-Allow-Methods', b'GET, POST, OPTIONS'), (b'Access-Control-Expose-Headers', b'Content-Length,Content-Type,Date,Server,Connection')])
2026-01-10 18:22:15,863 - httpx - INFO - HTTP Request: POST https://api.telegram.org/bot8490932438:AAFVy70Urq5Cj0h7gUKJbECBv3z9-apYZtM/getUpdates "HTTP/1.1 200 OK"
2026-01-10 18:22:15,863 - httpcore.http11 - DEBUG - receive_response_body.started request=<Request [b'POST']>
2026-01-10 18:22:15,864 - httpcore.http11 - DEBUG - receive_response_body.complete
2026-01-10 18:22:15,864 - httpcore.http11 - DEBUG - response_closed.started
2026-01-10 18:22:15,864 - httpcore.http11 - DEBUG - response_closed.complete
2026-01-10 18:22:15,865 - telegram.ext.ExtBot - DEBUG - Call to Bot API endpoint `getUpdates` finished with return value `[]`
2026-01-10 18:22:15,865 - telegram.ext.ExtBot - DEBUG - No new updates found.
2026-01-10 18:22:15,865 - telegram.ext.ExtBot - DEBUG - Calling Bot API endpoint `getUpdates` with parameters `{'timeout': datetime.timedelta(seconds=10), 'offset': 328648466, 'allowed_updates': [<UpdateType.MESSAGE>, <UpdateType.EDITED_MESSAGE>, <UpdateType.CHANNEL_POST>, <UpdateType.EDITED_CHANNEL_POST>, <UpdateType.INLINE_QUERY>, <UpdateType.CHOSEN_INLINE_RESULT>, <UpdateType.CALLBACK_QUERY>, <UpdateType.SHIPPING_QUERY>, <UpdateType.PRE_CHECKOUT_QUERY>, <UpdateType.POLL>, <UpdateType.POLL_ANSWER>, <UpdateType.MY_CHAT_MEMBER>, <UpdateType.CHAT_MEMBER>, <UpdateType.CHAT_JOIN_REQUEST>, <UpdateType.CHAT_BOOST>, <UpdateType.REMOVED_CHAT_BOOST>, <UpdateType.MESSAGE_REACTION>, <UpdateType.MESSAGE_REACTION_COUNT>, <UpdateType.BUSINESS_CONNECTION>, <UpdateType.BUSINESS_MESSAGE>, <UpdateType.EDITED_BUSINESS_MESSAGE>, <UpdateType.DELETED_BUSINESS_MESSAGES>, <UpdateType.PURCHASED_PAID_MEDIA>]}`
2026-01-10 18:22:15,866 - httpcore.http11 - DEBUG - send_request_headers.started request=<Request [b'POST']>
2026-01-10 18:22:15,867 - httpcore.http11 - DEBUG - send_request_headers.complete
2026-01-10 18:22:15,867 - httpcore.http11 - DEBUG - send_request_body.started request=<Request [b'POST']>
2026-01-10 18:22:15,867 - httpcore.http11 - DEBUG - send_request_body.complete
2026-01-10 18:22:15,867 - httpcore.http11 - DEBUG - receive_response_headers.started request=<Request [b'POST']>
2026-01-10 18:22:22,002 - pymongo.topology - DEBUG - {"message": "Server heartbeat succeeded", "topologyId": {"$oid": "6962785d3127086e3f0188e5"}, "driverConnectionId": 1, "serverConnectionId": 221, "serverHost": "localhost", "serverPort": 27017, "awaited": true, "durationMS": 10032.994874753058, "reply": "{\"isWritablePrimary\": true, \"topologyVersion\": {\"processId\": {\"$oid\": \"695c03b553e27f5a444409fe\"}}, \"maxBsonObjectSize\": 16777216, \"maxMessageSizeBytes\": 48000000, \"maxWriteBatchSize\": 100000, \"localTime\": {\"$date\": \"2026-01-10T16:22:22.001Z\"}, \"logicalSessionTimeoutMinutes\": 30, \"connectionId\": 221, \"maxWireVersion\": 27, \"ok\": 1.0}"}
2026-01-10 18:22:22,003 - pymongo.topology - DEBUG - {"message": "Server heartbeat started", "topologyId": {"$oid": "6962785d3127086e3f0188e5"}, "driverConnectionId": 1, "serverConnectionId": 221, "serverHost": "localhost", "serverPort": 27017, "awaited": true}
2026-01-10 18:22:26,001 - httpcore.http11 - DEBUG - receive_response_headers.complete return_value=(b'HTTP/1.1', 200, b'OK', [(b'Server', b'nginx/1.18.0'), (b'Date', b'Sat, 10 Jan 2026 16:22:26 GMT'), (b'Content-Type', b'application/json'), (b'Content-Length', b'23'), (b'Connection', b'keep-alive'), (b'Strict-Transport-Security', b'max-age=31536000; includeSubDomains; preload'), (b'Access-Control-Allow-Origin', b'*'), (b'Access-Control-Allow-Methods', b'GET, POST, OPTIONS'), (b'Access-Control-Expose-Headers', b'Content-Length,Content-Type,Date,Server,Connection')])
2026-01-10 18:22:26,001 - httpx - INFO - HTTP Request: POST https://api.telegram.org/bot8490932438:AAFVy70Urq5Cj0h7gUKJbECBv3z9-apYZtM/getUpdates "HTTP/1.1 200 OK"
2026-01-10 18:22:26,002 - httpcore.http11 - DEBUG - receive_response_body.started request=<Request [b'POST']>
2026-01-10 18:22:26,002 - httpcore.http11 - DEBUG - receive_response_body.complete
2026-01-10 18:22:26,002 - httpcore.http11 - DEBUG - response_closed.started
2026-01-10 18:22:26,002 - httpcore.http11 - DEBUG - response_closed.complete
2026-01-10 18:22:26,003 - telegram.ext.ExtBot - DEBUG - Call to Bot API endpoint `getUpdates` finished with return value `[]`
2026-01-10 18:22:26,003 - telegram.ext.ExtBot - DEBUG - No new updates found.
2026-01-10 18:22:26,003 - telegram.ext.ExtBot - DEBUG - Calling Bot API endpoint `getUpdates` with parameters `{'timeout': datetime.timedelta(seconds=10), 'offset': 328648466, 'allowed_updates': [<UpdateType.MESSAGE>, <UpdateType.EDITED_MESSAGE>, <UpdateType.CHANNEL_POST>, <UpdateType.EDITED_CHANNEL_POST>, <UpdateType.INLINE_QUERY>, <UpdateType.CHOSEN_INLINE_RESULT>, <UpdateType.CALLBACK_QUERY>, <UpdateType.SHIPPING_QUERY>, <UpdateType.PRE_CHECKOUT_QUERY>, <UpdateType.POLL>, <UpdateType.POLL_ANSWER>, <UpdateType.MY_CHAT_MEMBER>, <UpdateType.CHAT_MEMBER>, <UpdateType.CHAT_JOIN_REQUEST>, <UpdateType.CHAT_BOOST>, <UpdateType.REMOVED_CHAT_BOOST>, <UpdateType.MESSAGE_REACTION>, <UpdateType.MESSAGE_REACTION_COUNT>, <UpdateType.BUSINESS_CONNECTION>, <UpdateType.BUSINESS_MESSAGE>, <UpdateType.EDITED_BUSINESS_MESSAGE>, <UpdateType.DELETED_BUSINESS_MESSAGES>, <UpdateType.PURCHASED_PAID_MEDIA>]}`
2026-01-10 18:22:26,004 - httpcore.http11 - DEBUG - send_request_headers.started request=<Request [b'POST']>
2026-01-10 18:22:26,005 - httpcore.http11 - DEBUG - send_request_headers.complete
2026-01-10 18:22:26,005 - httpcore.http11 - DEBUG - send_request_body.started request=<Request [b'POST']>
2026-01-10 18:22:26,005 - httpcore.http11 - DEBUG - send_request_body.complete
2026-01-10 18:22:26,005 - httpcore.http11 - DEBUG - receive_response_headers.started request=<Request [b'POST']>
2026-01-10 18:22:32,068 - pymongo.topology - DEBUG - {"message": "Server heartbeat succeeded", "topologyId": {"$oid": "6962785d3127086e3f0188e5"}, "driverConnectionId": 1, "serverConnectionId": 221, "serverHost": "localhost", "serverPort": 27017, "awaited": true, "durationMS": 10064.926499966532, "reply": "{\"isWritablePrimary\": true, \"topologyVersion\": {\"processId\": {\"$oid\": \"695c03b553e27f5a444409fe\"}}, \"maxBsonObjectSize\": 16777216, \"maxMessageSizeBytes\": 48000000, \"maxWriteBatchSize\": 100000, \"localTime\": {\"$date\": \"2026-01-10T16:22:32.067Z\"}, \"logicalSessionTimeoutMinutes\": 30, \"connectionId\": 221, \"maxWireVersion\": 27, \"ok\": 1.0}"}
2026-01-10 18:22:32,069 - pymongo.topology - DEBUG - {"message": "Server heartbeat started", "topologyId": {"$oid": "6962785d3127086e3f0188e5"}, "driverConnectionId": 1, "serverConnectionId": 221, "serverHost": "localhost", "serverPort": 27017, "awaited": true}
2026-01-10 18:22:36,138 - httpcore.http11 - DEBUG - receive_response_headers.complete return_value=(b'HTTP/1.1', 200, b'OK', [(b'Server', b'nginx/1.18.0'), (b'Date', b'Sat, 10 Jan 2026 16:22:36 GMT'), (b'Content-Type', b'application/json'), (b'Content-Length', b'23'), (b'Connection', b'keep-alive'), (b'Strict-Transport-Security', b'max-age=31536000; includeSubDomains; preload'), (b'Access-Control-Allow-Origin', b'*'), (b'Access-Control-Allow-Methods', b'GET, POST, OPTIONS'), (b'Access-Control-Expose-Headers', b'Content-Length,Content-Type,Date,Server,Connection')])
2026-01-10 18:22:36,139 - httpx - INFO - HTTP Request: POST https://api.telegram.org/bot8490932438:AAFVy70Urq5Cj0h7gUKJbECBv3z9-apYZtM/getUpdates "HTTP/1.1 200 OK"
2026-01-10 18:22:36,139 - httpcore.http11 - DEBUG - receive_response_body.started request=<Request [b'POST']>
2026-01-10 18:22:36,139 - httpcore.http11 - DEBUG - receive_response_body.complete
2026-01-10 18:22:36,140 - httpcore.http11 - DEBUG - response_closed.started
2026-01-10 18:22:36,140 - httpcore.http11 - DEBUG - response_closed.complete
2026-01-10 18:22:36,140 - telegram.ext.ExtBot - DEBUG - Call to Bot API endpoint `getUpdates` finished with return value `[]`
2026-01-10 18:22:36,140 - telegram.ext.ExtBot - DEBUG - No new updates found.
2026-01-10 18:22:36,141 - telegram.ext.ExtBot - DEBUG - Calling Bot API endpoint `getUpdates` with parameters `{'timeout': datetime.timedelta(seconds=10), 'offset': 328648466, 'allowed_updates': [<UpdateType.MESSAGE>, <UpdateType.EDITED_MESSAGE>, <UpdateType.CHANNEL_POST>, <UpdateType.EDITED_CHANNEL_POST>, <UpdateType.INLINE_QUERY>, <UpdateType.CHOSEN_INLINE_RESULT>, <UpdateType.CALLBACK_QUERY>, <UpdateType.SHIPPING_QUERY>, <UpdateType.PRE_CHECKOUT_QUERY>, <UpdateType.POLL>, <UpdateType.POLL_ANSWER>, <UpdateType.MY_CHAT_MEMBER>, <UpdateType.CHAT_MEMBER>, <UpdateType.CHAT_JOIN_REQUEST>, <UpdateType.CHAT_BOOST>, <UpdateType.REMOVED_CHAT_BOOST>, <UpdateType.MESSAGE_REACTION>, <UpdateType.MESSAGE_REACTION_COUNT>, <UpdateType.BUSINESS_CONNECTION>, <UpdateType.BUSINESS_MESSAGE>, <UpdateType.EDITED_BUSINESS_MESSAGE>, <UpdateType.DELETED_BUSINESS_MESSAGES>, <UpdateType.PURCHASED_PAID_MEDIA>]}`
2026-01-10 18:22:36,142 - httpcore.http11 - DEBUG - send_request_headers.started request=<Request [b'POST']>
2026-01-10 18:22:36,142 - httpcore.http11 - DEBUG - send_request_headers.complete
2026-01-10 18:22:36,142 - httpcore.http11 - DEBUG - send_request_body.started request=<Request [b'POST']>
2026-01-10 18:22:36,143 - httpcore.http11 - DEBUG - send_request_body.complete
2026-01-10 18:22:36,143 - httpcore.http11 - DEBUG - receive_response_headers.started request=<Request [b'POST']>
2026-01-10 18:22:42,102 - pymongo.topology - DEBUG - {"message": "Server heartbeat succeeded", "topologyId": {"$oid": "6962785d3127086e3f0188e5"}, "driverConnectionId": 1, "serverConnectionId": 221, "serverHost": "localhost", "serverPort": 27017, "awaited": true, "durationMS": 10033.036417327821, "reply": "{\"isWritablePrimary\": true, \"topologyVersion\": {\"processId\": {\"$oid\": \"695c03b553e27f5a444409fe\"}}, \"maxBsonObjectSize\": 16777216, \"maxMessageSizeBytes\": 48000000, \"maxWriteBatchSize\": 100000, \"localTime\": {\"$date\": \"2026-01-10T16:22:42.102Z\"}, \"logicalSessionTimeoutMinutes\": 30, \"connectionId\": 221, \"maxWireVersion\": 27, \"ok\": 1.0}"}
2026-01-10 18:22:42,103 - pymongo.topology - DEBUG - {"message": "Server heartbeat started", "topologyId": {"$oid": "6962785d3127086e3f0188e5"}, "driverConnectionId": 1, "serverConnectionId": 221, "serverHost": "localhost", "serverPort": 27017, "awaited": true}
2026-01-10 18:22:46,276 - httpcore.http11 - DEBUG - receive_response_headers.complete return_value=(b'HTTP/1.1', 200, b'OK', [(b'Server', b'nginx/1.18.0'), (b'Date', b'Sat, 10 Jan 2026 16:22:46 GMT'), (b'Content-Type', b'application/json'), (b'Content-Length', b'23'), (b'Connection', b'keep-alive'), (b'Strict-Transport-Security', b'max-age=31536000; includeSubDomains; preload'), (b'Access-Control-Allow-Origin', b'*'), (b'Access-Control-Allow-Methods', b'GET, POST, OPTIONS'), (b'Access-Control-Expose-Headers', b'Content-Length,Content-Type,Date,Server,Connection')])
2026-01-10 18:22:46,277 - httpx - INFO - HTTP Request: POST https://api.telegram.org/bot8490932438:AAFVy70Urq5Cj0h7gUKJbECBv3z9-apYZtM/getUpdates "HTTP/1.1 200 OK"
2026-01-10 18:22:46,277 - httpcore.http11 - DEBUG - receive_response_body.started request=<Request [b'POST']>
2026-01-10 18:22:46,277 - httpcore.http11 - DEBUG - receive_response_body.complete
2026-01-10 18:22:46,277 - httpcore.http11 - DEBUG - response_closed.started
2026-01-10 18:22:46,278 - httpcore.http11 - DEBUG - response_closed.complete
2026-01-10 18:22:46,278 - telegram.ext.ExtBot - DEBUG - Call to Bot API endpoint `getUpdates` finished with return value `[]`
2026-01-10 18:22:46,278 - telegram.ext.ExtBot - DEBUG - No new updates found.
2026-01-10 18:22:46,278 - telegram.ext.ExtBot - DEBUG - Calling Bot API endpoint `getUpdates` with parameters `{'timeout': datetime.timedelta(seconds=10), 'offset': 328648466, 'allowed_updates': [<UpdateType.MESSAGE>, <UpdateType.EDITED_MESSAGE>, <UpdateType.CHANNEL_POST>, <UpdateType.EDITED_CHANNEL_POST>, <UpdateType.INLINE_QUERY>, <UpdateType.CHOSEN_INLINE_RESULT>, <UpdateType.CALLBACK_QUERY>, <UpdateType.SHIPPING_QUERY>, <UpdateType.PRE_CHECKOUT_QUERY>, <UpdateType.POLL>, <UpdateType.POLL_ANSWER>, <UpdateType.MY_CHAT_MEMBER>, <UpdateType.CHAT_MEMBER>, <UpdateType.CHAT_JOIN_REQUEST>, <UpdateType.CHAT_BOOST>, <UpdateType.REMOVED_CHAT_BOOST>, <UpdateType.MESSAGE_REACTION>, <UpdateType.MESSAGE_REACTION_COUNT>, <UpdateType.BUSINESS_CONNECTION>, <UpdateType.BUSINESS_MESSAGE>, <UpdateType.EDITED_BUSINESS_MESSAGE>, <UpdateType.DELETED_BUSINESS_MESSAGES>, <UpdateType.PURCHASED_PAID_MEDIA>]}`
2026-01-10 18:22:46,279 - httpcore.http11 - DEBUG - send_request_headers.started request=<Request [b'POST']>
2026-01-10 18:22:46,280 - httpcore.http11 - DEBUG - send_request_headers.complete
2026-01-10 18:22:46,280 - httpcore.http11 - DEBUG - send_request_body.started request=<Request [b'POST']>
2026-01-10 18:22:46,280 - httpcore.http11 - DEBUG - send_request_body.complete
2026-01-10 18:22:46,280 - httpcore.http11 - DEBUG - receive_response_headers.started request=<Request [b'POST']>
2026-01-10 18:22:52,174 - pymongo.topology - DEBUG - {"message": "Server heartbeat succeeded", "topologyId": {"$oid": "6962785d3127086e3f0188e5"}, "driverConnectionId": 1, "serverConnectionId": 221, "serverHost": "localhost", "serverPort": 27017, "awaited": true, "durationMS": 10070.280542131513, "reply": "{\"isWritablePrimary\": true, \"topologyVersion\": {\"processId\": {\"$oid\": \"695c03b553e27f5a444409fe\"}}, \"maxBsonObjectSize\": 16777216, \"maxMessageSizeBytes\": 48000000, \"maxWriteBatchSize\": 100000, \"localTime\": {\"$date\": \"2026-01-10T16:22:52.173Z\"}, \"logicalSessionTimeoutMinutes\": 30, \"connectionId\": 221, \"maxWireVersion\": 27, \"ok\": 1.0}"}
2026-01-10 18:22:52,175 - pymongo.topology - DEBUG - {"message": "Server heartbeat started", "topologyId": {"$oid": "6962785d3127086e3f0188e5"}, "driverConnectionId": 1, "serverConnectionId": 221, "serverHost": "localhost", "serverPort": 27017, "awaited": true}
2026-01-10 18:22:56,416 - httpcore.http11 - DEBUG - receive_response_headers.complete return_value=(b'HTTP/1.1', 200, b'OK', [(b'Server', b'nginx/1.18.0'), (b'Date', b'Sat, 10 Jan 2026 16:22:56 GMT'), (b'Content-Type', b'application/json'), (b'Content-Length', b'23'), (b'Connection', b'keep-alive'), (b'Strict-Transport-Security', b'max-age=31536000; includeSubDomains; preload'), (b'Access-Control-Allow-Origin', b'*'), (b'Access-Control-Allow-Methods', b'GET, POST, OPTIONS'), (b'Access-Control-Expose-Headers', b'Content-Length,Content-Type,Date,Server,Connection')])
2026-01-10 18:22:56,417 - httpx - INFO - HTTP Request: POST https://api.telegram.org/bot8490932438:AAFVy70Urq5Cj0h7gUKJbECBv3z9-apYZtM/getUpdates "HTTP/1.1 200 OK"
2026-01-10 18:22:56,417 - httpcore.http11 - DEBUG - receive_response_body.started request=<Request [b'POST']>
2026-01-10 18:22:56,418 - httpcore.http11 - DEBUG - receive_response_body.complete
2026-01-10 18:22:56,418 - httpcore.http11 - DEBUG - response_closed.started
2026-01-10 18:22:56,418 - httpcore.http11 - DEBUG - response_closed.complete
2026-01-10 18:22:56,418 - telegram.ext.ExtBot - DEBUG - Call to Bot API endpoint `getUpdates` finished with return value `[]`
2026-01-10 18:22:56,419 - telegram.ext.ExtBot - DEBUG - No new updates found.
2026-01-10 18:22:56,419 - telegram.ext.ExtBot - DEBUG - Calling Bot API endpoint `getUpdates` with parameters `{'timeout': datetime.timedelta(seconds=10), 'offset': 328648466, 'allowed_updates': [<UpdateType.MESSAGE>, <UpdateType.EDITED_MESSAGE>, <UpdateType.CHANNEL_POST>, <UpdateType.EDITED_CHANNEL_POST>, <UpdateType.INLINE_QUERY>, <UpdateType.CHOSEN_INLINE_RESULT>, <UpdateType.CALLBACK_QUERY>, <UpdateType.SHIPPING_QUERY>, <UpdateType.PRE_CHECKOUT_QUERY>, <UpdateType.POLL>, <UpdateType.POLL_ANSWER>, <UpdateType.MY_CHAT_MEMBER>, <UpdateType.CHAT_MEMBER>, <UpdateType.CHAT_JOIN_REQUEST>, <UpdateType.CHAT_BOOST>, <UpdateType.REMOVED_CHAT_BOOST>, <UpdateType.MESSAGE_REACTION>, <UpdateType.MESSAGE_REACTION_COUNT>, <UpdateType.BUSINESS_CONNECTION>, <UpdateType.BUSINESS_MESSAGE>, <UpdateType.EDITED_BUSINESS_MESSAGE>, <UpdateType.DELETED_BUSINESS_MESSAGES>, <UpdateType.PURCHASED_PAID_MEDIA>]}`
2026-01-10 18:22:56,420 - httpcore.http11 - DEBUG - send_request_headers.started request=<Request [b'POST']>
2026-01-10 18:22:56,420 - httpcore.http11 - DEBUG - send_request_headers.complete
2026-01-10 18:22:56,420 - httpcore.http11 - DEBUG - send_request_body.started request=<Request [b'POST']>
2026-01-10 18:22:56,421 - httpcore.http11 - DEBUG - send_request_body.complete
2026-01-10 18:22:56,421 - httpcore.http11 - DEBUG - receive_response_headers.started request=<Request [b'POST']>
2026-01-10 18:23:02,227 - pymongo.topology - DEBUG - {"message": "Server heartbeat succeeded", "topologyId": {"$oid": "6962785d3127086e3f0188e5"}, "driverConnectionId": 1, "serverConnectionId": 221, "serverHost": "localhost", "serverPort": 27017, "awaited": true, "durationMS": 10052.211542148143, "reply": "{\"isWritablePrimary\": true, \"topologyVersion\": {\"processId\": {\"$oid\": \"695c03b553e27f5a444409fe\"}}, \"maxBsonObjectSize\": 16777216, \"maxMessageSizeBytes\": 48000000, \"maxWriteBatchSize\": 100000, \"localTime\": {\"$date\": \"2026-01-10T16:23:02.226Z\"}, \"logicalSessionTimeoutMinutes\": 30, \"connectionId\": 221, \"maxWireVersion\": 27, \"ok\": 1.0}"}
2026-01-10 18:23:02,228 - pymongo.topology - DEBUG - {"message": "Server heartbeat started", "topologyId": {"$oid": "6962785d3127086e3f0188e5"}, "driverConnectionId": 1, "serverConnectionId": 221, "serverHost": "localhost", "serverPort": 27017, "awaited": true}
2026-01-10 18:23:06,501 - httpcore.http11 - DEBUG - receive_response_headers.complete return_value=(b'HTTP/1.1', 200, b'OK', [(b'Server', b'nginx/1.18.0'), (b'Date', b'Sat, 10 Jan 2026 16:23:06 GMT'), (b'Content-Type', b'application/json'), (b'Content-Length', b'23'), (b'Connection', b'keep-alive'), (b'Strict-Transport-Security', b'max-age=31536000; includeSubDomains; preload'), (b'Access-Control-Allow-Origin', b'*'), (b'Access-Control-Allow-Methods', b'GET, POST, OPTIONS'), (b'Access-Control-Expose-Headers', b'Content-Length,Content-Type,Date,Server,Connection')])
2026-01-10 18:23:06,502 - httpx - INFO - HTTP Request: POST https://api.telegram.org/bot8490932438:AAFVy70Urq5Cj0h7gUKJbECBv3z9-apYZtM/getUpdates "HTTP/1.1 200 OK"
2026-01-10 18:23:06,502 - httpcore.http11 - DEBUG - receive_response_body.started request=<Request [b'POST']>
2026-01-10 18:23:06,502 - httpcore.http11 - DEBUG - receive_response_body.complete
2026-01-10 18:23:06,502 - httpcore.http11 - DEBUG - response_closed.started
2026-01-10 18:23:06,502 - httpcore.http11 - DEBUG - response_closed.complete
2026-01-10 18:23:06,503 - telegram.ext.ExtBot - DEBUG - Call to Bot API endpoint `getUpdates` finished with return value `[]`
2026-01-10 18:23:06,503 - telegram.ext.ExtBot - DEBUG - No new updates found.
2026-01-10 18:23:06,503 - telegram.ext.ExtBot - DEBUG - Calling Bot API endpoint `getUpdates` with parameters `{'timeout': datetime.timedelta(seconds=10), 'offset': 328648466, 'allowed_updates': [<UpdateType.MESSAGE>, <UpdateType.EDITED_MESSAGE>, <UpdateType.CHANNEL_POST>, <UpdateType.EDITED_CHANNEL_POST>, <UpdateType.INLINE_QUERY>, <UpdateType.CHOSEN_INLINE_RESULT>, <UpdateType.CALLBACK_QUERY>, <UpdateType.SHIPPING_QUERY>, <UpdateType.PRE_CHECKOUT_QUERY>, <UpdateType.POLL>, <UpdateType.POLL_ANSWER>, <UpdateType.MY_CHAT_MEMBER>, <UpdateType.CHAT_MEMBER>, <UpdateType.CHAT_JOIN_REQUEST>, <UpdateType.CHAT_BOOST>, <UpdateType.REMOVED_CHAT_BOOST>, <UpdateType.MESSAGE_REACTION>, <UpdateType.MESSAGE_REACTION_COUNT>, <UpdateType.BUSINESS_CONNECTION>, <UpdateType.BUSINESS_MESSAGE>, <UpdateType.EDITED_BUSINESS_MESSAGE>, <UpdateType.DELETED_BUSINESS_MESSAGES>, <UpdateType.PURCHASED_PAID_MEDIA>]}`
2026-01-10 18:23:06,504 - httpcore.http11 - DEBUG - send_request_headers.started request=<Request [b'POST']>
2026-01-10 18:23:06,505 - httpcore.http11 - DEBUG - send_request_headers.complete
2026-01-10 18:23:06,505 - httpcore.http11 - DEBUG - send_request_body.started request=<Request [b'POST']>
2026-01-10 18:23:06,505 - httpcore.http11 - DEBUG - send_request_body.complete
2026-01-10 18:23:06,505 - httpcore.http11 - DEBUG - receive_response_headers.started request=<Request [b'POST']>
2026-01-10 18:23:12,300 - pymongo.topology - DEBUG - {"message": "Server heartbeat succeeded", "topologyId": {"$oid": "6962785d3127086e3f0188e5"}, "driverConnectionId": 1, "serverConnectionId": 221, "serverHost": "localhost", "serverPort": 27017, "awaited": true, "durationMS": 10071.694000158459, "reply": "{\"isWritablePrimary\": true, \"topologyVersion\": {\"processId\": {\"$oid\": \"695c03b553e27f5a444409fe\"}}, \"maxBsonObjectSize\": 16777216, \"maxMessageSizeBytes\": 48000000, \"maxWriteBatchSize\": 100000, \"localTime\": {\"$date\": \"2026-01-10T16:23:12.299Z\"}, \"logicalSessionTimeoutMinutes\": 30, \"connectionId\": 221, \"maxWireVersion\": 27, \"ok\": 1.0}"}
2026-01-10 18:23:12,301 - pymongo.topology - DEBUG - {"message": "Server heartbeat started", "topologyId": {"$oid": "6962785d3127086e3f0188e5"}, "driverConnectionId": 1, "serverConnectionId": 221, "serverHost": "localhost", "serverPort": 27017, "awaited": true}
2026-01-10 18:23:16,689 - httpcore.http11 - DEBUG - receive_response_headers.complete return_value=(b'HTTP/1.1', 200, b'OK', [(b'Server', b'nginx/1.18.0'), (b'Date', b'Sat, 10 Jan 2026 16:23:16 GMT'), (b'Content-Type', b'application/json'), (b'Content-Length', b'23'), (b'Connection', b'keep-alive'), (b'Strict-Transport-Security', b'max-age=31536000; includeSubDomains; preload'), (b'Access-Control-Allow-Origin', b'*'), (b'Access-Control-Allow-Methods', b'GET, POST, OPTIONS'), (b'Access-Control-Expose-Headers', b'Content-Length,Content-Type,Date,Server,Connection')])
2026-01-10 18:23:16,689 - httpx - INFO - HTTP Request: POST https://api.telegram.org/bot8490932438:AAFVy70Urq5Cj0h7gUKJbECBv3z9-apYZtM/getUpdates "HTTP/1.1 200 OK"
2026-01-10 18:23:16,690 - httpcore.http11 - DEBUG - receive_response_body.started request=<Request [b'POST']>
2026-01-10 18:23:16,690 - httpcore.http11 - DEBUG - receive_response_body.complete
2026-01-10 18:23:16,690 - httpcore.http11 - DEBUG - response_closed.started
2026-01-10 18:23:16,690 - httpcore.http11 - DEBUG - response_closed.complete
2026-01-10 18:23:16,690 - telegram.ext.ExtBot - DEBUG - Call to Bot API endpoint `getUpdates` finished with return value `[]`
2026-01-10 18:23:16,691 - telegram.ext.ExtBot - DEBUG - No new updates found.
2026-01-10 18:23:16,691 - telegram.ext.ExtBot - DEBUG - Calling Bot API endpoint `getUpdates` with parameters `{'timeout': datetime.timedelta(seconds=10), 'offset': 328648466, 'allowed_updates': [<UpdateType.MESSAGE>, <UpdateType.EDITED_MESSAGE>, <UpdateType.CHANNEL_POST>, <UpdateType.EDITED_CHANNEL_POST>, <UpdateType.INLINE_QUERY>, <UpdateType.CHOSEN_INLINE_RESULT>, <UpdateType.CALLBACK_QUERY>, <UpdateType.SHIPPING_QUERY>, <UpdateType.PRE_CHECKOUT_QUERY>, <UpdateType.POLL>, <UpdateType.POLL_ANSWER>, <UpdateType.MY_CHAT_MEMBER>, <UpdateType.CHAT_MEMBER>, <UpdateType.CHAT_JOIN_REQUEST>, <UpdateType.CHAT_BOOST>, <UpdateType.REMOVED_CHAT_BOOST>, <UpdateType.MESSAGE_REACTION>, <UpdateType.MESSAGE_REACTION_COUNT>, <UpdateType.BUSINESS_CONNECTION>, <UpdateType.BUSINESS_MESSAGE>, <UpdateType.EDITED_BUSINESS_MESSAGE>, <UpdateType.DELETED_BUSINESS_MESSAGES>, <UpdateType.PURCHASED_PAID_MEDIA>]}`
2026-01-10 18:23:16,692 - httpcore.http11 - DEBUG - send_request_headers.started request=<Request [b'POST']>
2026-01-10 18:23:16,692 - httpcore.http11 - DEBUG - send_request_headers.complete
2026-01-10 18:23:16,692 - httpcore.http11 - DEBUG - send_request_body.started request=<Request [b'POST']>
2026-01-10 18:23:16,693 - httpcore.http11 - DEBUG - send_request_body.complete
2026-01-10 18:23:16,693 - httpcore.http11 - DEBUG - receive_response_headers.started request=<Request [b'POST']>
2026-01-10 18:23:22,318 - pymongo.topology - DEBUG - {"message": "Server heartbeat succeeded", "topologyId": {"$oid": "6962785d3127086e3f0188e5"}, "driverConnectionId": 1, "serverConnectionId": 221, "serverHost": "localhost", "serverPort": 27017, "awaited": true, "durationMS": 10016.431665979326, "reply": "{\"isWritablePrimary\": true, \"topologyVersion\": {\"processId\": {\"$oid\": \"695c03b553e27f5a444409fe\"}}, \"maxBsonObjectSize\": 16777216, \"maxMessageSizeBytes\": 48000000, \"maxWriteBatchSize\": 100000, \"localTime\": {\"$date\": \"2026-01-10T16:23:22.317Z\"}, \"logicalSessionTimeoutMinutes\": 30, \"connectionId\": 221, \"maxWireVersion\": 27, \"ok\": 1.0}"}
2026-01-10 18:23:22,319 - pymongo.topology - DEBUG - {"message": "Server heartbeat started", "topologyId": {"$oid": "6962785d3127086e3f0188e5"}, "driverConnectionId": 1, "serverConnectionId": 221, "serverHost": "localhost", "serverPort": 27017, "awaited": true}
2026-01-10 18:23:26,828 - httpcore.http11 - DEBUG - receive_response_headers.complete return_value=(b'HTTP/1.1', 200, b'OK', [(b'Server', b'nginx/1.18.0'), (b'Date', b'Sat, 10 Jan 2026 16:23:26 GMT'), (b'Content-Type', b'application/json'), (b'Content-Length', b'23'), (b'Connection', b'keep-alive'), (b'Strict-Transport-Security', b'max-age=31536000; includeSubDomains; preload'), (b'Access-Control-Allow-Origin', b'*'), (b'Access-Control-Allow-Methods', b'GET, POST, OPTIONS'), (b'Access-Control-Expose-Headers', b'Content-Length,Content-Type,Date,Server,Connection')])
2026-01-10 18:23:26,829 - httpx - INFO - HTTP Request: POST https://api.telegram.org/bot8490932438:AAFVy70Urq5Cj0h7gUKJbECBv3z9-apYZtM/getUpdates "HTTP/1.1 200 OK"
2026-01-10 18:23:26,829 - httpcore.http11 - DEBUG - receive_response_body.started request=<Request [b'POST']>
2026-01-10 18:23:26,829 - httpcore.http11 - DEBUG - receive_response_body.complete
2026-01-10 18:23:26,830 - httpcore.http11 - DEBUG - response_closed.started
2026-01-10 18:23:26,830 - httpcore.http11 - DEBUG - response_closed.complete
2026-01-10 18:23:26,831 - telegram.ext.ExtBot - DEBUG - Call to Bot API endpoint `getUpdates` finished with return value `[]`
2026-01-10 18:23:26,831 - telegram.ext.ExtBot - DEBUG - No new updates found.
2026-01-10 18:23:26,831 - telegram.ext.ExtBot - DEBUG - Calling Bot API endpoint `getUpdates` with parameters `{'timeout': datetime.timedelta(seconds=10), 'offset': 328648466, 'allowed_updates': [<UpdateType.MESSAGE>, <UpdateType.EDITED_MESSAGE>, <UpdateType.CHANNEL_POST>, <UpdateType.EDITED_CHANNEL_POST>, <UpdateType.INLINE_QUERY>, <UpdateType.CHOSEN_INLINE_RESULT>, <UpdateType.CALLBACK_QUERY>, <UpdateType.SHIPPING_QUERY>, <UpdateType.PRE_CHECKOUT_QUERY>, <UpdateType.POLL>, <UpdateType.POLL_ANSWER>, <UpdateType.MY_CHAT_MEMBER>, <UpdateType.CHAT_MEMBER>, <UpdateType.CHAT_JOIN_REQUEST>, <UpdateType.CHAT_BOOST>, <UpdateType.REMOVED_CHAT_BOOST>, <UpdateType.MESSAGE_REACTION>, <UpdateType.MESSAGE_REACTION_COUNT>, <UpdateType.BUSINESS_CONNECTION>, <UpdateType.BUSINESS_MESSAGE>, <UpdateType.EDITED_BUSINESS_MESSAGE>, <UpdateType.DELETED_BUSINESS_MESSAGES>, <UpdateType.PURCHASED_PAID_MEDIA>]}`
2026-01-10 18:23:26,832 - httpcore.http11 - DEBUG - send_request_headers.started request=<Request [b'POST']>
2026-01-10 18:23:26,832 - httpcore.http11 - DEBUG - send_request_headers.complete
2026-01-10 18:23:26,832 - httpcore.http11 - DEBUG - send_request_body.started request=<Request [b'POST']>
2026-01-10 18:23:26,833 - httpcore.http11 - DEBUG - send_request_body.complete
2026-01-10 18:23:26,833 - httpcore.http11 - DEBUG - receive_response_headers.started request=<Request [b'POST']>
2026-01-10 18:23:32,359 - pymongo.topology - DEBUG - {"message": "Server heartbeat succeeded", "topologyId": {"$oid": "6962785d3127086e3f0188e5"}, "driverConnectionId": 1, "serverConnectionId": 221, "serverHost": "localhost", "serverPort": 27017, "awaited": true, "durationMS": 10039.552791975439, "reply": "{\"isWritablePrimary\": true, \"topologyVersion\": {\"processId\": {\"$oid\": \"695c03b553e27f5a444409fe\"}}, \"maxBsonObjectSize\": 16777216, \"maxMessageSizeBytes\": 48000000, \"maxWriteBatchSize\": 100000, \"localTime\": {\"$date\": \"2026-01-10T16:23:32.358Z\"}, \"logicalSessionTimeoutMinutes\": 30, \"connectionId\": 221, \"maxWireVersion\": 27, \"ok\": 1.0}"}
2026-01-10 18:23:32,361 - pymongo.topology - DEBUG - {"message": "Server heartbeat started", "topologyId": {"$oid": "6962785d3127086e3f0188e5"}, "driverConnectionId": 1, "serverConnectionId": 221, "serverHost": "localhost", "serverPort": 27017, "awaited": true}
2026-01-10 18:23:36,913 - httpcore.http11 - DEBUG - receive_response_headers.complete return_value=(b'HTTP/1.1', 200, b'OK', [(b'Server', b'nginx/1.18.0'), (b'Date', b'Sat, 10 Jan 2026 16:23:37 GMT'), (b'Content-Type', b'application/json'), (b'Content-Length', b'23'), (b'Connection', b'keep-alive'), (b'Strict-Transport-Security', b'max-age=31536000; includeSubDomains; preload'), (b'Access-Control-Allow-Origin', b'*'), (b'Access-Control-Allow-Methods', b'GET, POST, OPTIONS'), (b'Access-Control-Expose-Headers', b'Content-Length,Content-Type,Date,Server,Connection')])
2026-01-10 18:23:36,913 - httpx - INFO - HTTP Request: POST https://api.telegram.org/bot8490932438:AAFVy70Urq5Cj0h7gUKJbECBv3z9-apYZtM/getUpdates "HTTP/1.1 200 OK"
2026-01-10 18:23:36,914 - httpcore.http11 - DEBUG - receive_response_body.started request=<Request [b'POST']>
2026-01-10 18:23:36,914 - httpcore.http11 - DEBUG - receive_response_body.complete
2026-01-10 18:23:36,914 - httpcore.http11 - DEBUG - response_closed.started
2026-01-10 18:23:36,914 - httpcore.http11 - DEBUG - response_closed.complete
2026-01-10 18:23:36,915 - telegram.ext.ExtBot - DEBUG - Call to Bot API endpoint `getUpdates` finished with return value `[]`
2026-01-10 18:23:36,915 - telegram.ext.ExtBot - DEBUG - No new updates found.
2026-01-10 18:23:36,915 - telegram.ext.ExtBot - DEBUG - Calling Bot API endpoint `getUpdates` with parameters `{'timeout': datetime.timedelta(seconds=10), 'offset': 328648466, 'allowed_updates': [<UpdateType.MESSAGE>, <UpdateType.EDITED_MESSAGE>, <UpdateType.CHANNEL_POST>, <UpdateType.EDITED_CHANNEL_POST>, <UpdateType.INLINE_QUERY>, <UpdateType.CHOSEN_INLINE_RESULT>, <UpdateType.CALLBACK_QUERY>, <UpdateType.SHIPPING_QUERY>, <UpdateType.PRE_CHECKOUT_QUERY>, <UpdateType.POLL>, <UpdateType.POLL_ANSWER>, <UpdateType.MY_CHAT_MEMBER>, <UpdateType.CHAT_MEMBER>, <UpdateType.CHAT_JOIN_REQUEST>, <UpdateType.CHAT_BOOST>, <UpdateType.REMOVED_CHAT_BOOST>, <UpdateType.MESSAGE_REACTION>, <UpdateType.MESSAGE_REACTION_COUNT>, <UpdateType.BUSINESS_CONNECTION>, <UpdateType.BUSINESS_MESSAGE>, <UpdateType.EDITED_BUSINESS_MESSAGE>, <UpdateType.DELETED_BUSINESS_MESSAGES>, <UpdateType.PURCHASED_PAID_MEDIA>]}`
2026-01-10 18:23:36,916 - httpcore.http11 - DEBUG - send_request_headers.started request=<Request [b'POST']>
2026-01-10 18:23:36,917 - httpcore.http11 - DEBUG - send_request_headers.complete
2026-01-10 18:23:36,917 - httpcore.http11 - DEBUG - send_request_body.started request=<Request [b'POST']>
2026-01-10 18:23:36,917 - httpcore.http11 - DEBUG - send_request_body.complete
2026-01-10 18:23:36,917 - httpcore.http11 - DEBUG - receive_response_headers.started request=<Request [b'POST']>
2026-01-10 18:23:42,493 - pymongo.topology - DEBUG - {"message": "Server heartbeat succeeded", "topologyId": {"$oid": "6962785d3127086e3f0188e5"}, "driverConnectionId": 1, "serverConnectionId": 221, "serverHost": "localhost", "serverPort": 27017, "awaited": true, "durationMS": 10131.367582827806, "reply": "{\"isWritablePrimary\": true, \"topologyVersion\": {\"processId\": {\"$oid\": \"695c03b553e27f5a444409fe\"}}, \"maxBsonObjectSize\": 16777216, \"maxMessageSizeBytes\": 48000000, \"maxWriteBatchSize\": 100000, \"localTime\": {\"$date\": \"2026-01-10T16:23:42.492Z\"}, \"logicalSessionTimeoutMinutes\": 30, \"connectionId\": 221, \"maxWireVersion\": 27, \"ok\": 1.0}"}
2026-01-10 18:23:42,494 - pymongo.topology - DEBUG - {"message": "Server heartbeat started", "topologyId": {"$oid": "6962785d3127086e3f0188e5"}, "driverConnectionId": 1, "serverConnectionId": 221, "serverHost": "localhost", "serverPort": 27017, "awaited": true}
2026-01-10 18:23:47,102 - httpcore.http11 - DEBUG - receive_response_headers.complete return_value=(b'HTTP/1.1', 200, b'OK', [(b'Server', b'nginx/1.18.0'), (b'Date', b'Sat, 10 Jan 2026 16:23:47 GMT'), (b'Content-Type', b'application/json'), (b'Content-Length', b'23'), (b'Connection', b'keep-alive'), (b'Strict-Transport-Security', b'max-age=31536000; includeSubDomains; preload'), (b'Access-Control-Allow-Origin', b'*'), (b'Access-Control-Allow-Methods', b'GET, POST, OPTIONS'), (b'Access-Control-Expose-Headers', b'Content-Length,Content-Type,Date,Server,Connection')])
2026-01-10 18:23:47,102 - httpx - INFO - HTTP Request: POST https://api.telegram.org/bot8490932438:AAFVy70Urq5Cj0h7gUKJbECBv3z9-apYZtM/getUpdates "HTTP/1.1 200 OK"
2026-01-10 18:23:47,103 - httpcore.http11 - DEBUG - receive_response_body.started request=<Request [b'POST']>
2026-01-10 18:23:47,103 - httpcore.http11 - DEBUG - receive_response_body.complete
2026-01-10 18:23:47,103 - httpcore.http11 - DEBUG - response_closed.started
2026-01-10 18:23:47,104 - httpcore.http11 - DEBUG - response_closed.complete
2026-01-10 18:23:47,104 - telegram.ext.ExtBot - DEBUG - Call to Bot API endpoint `getUpdates` finished with return value `[]`
2026-01-10 18:23:47,104 - telegram.ext.ExtBot - DEBUG - No new updates found.
2026-01-10 18:23:47,105 - telegram.ext.ExtBot - DEBUG - Calling Bot API endpoint `getUpdates` with parameters `{'timeout': datetime.timedelta(seconds=10), 'offset': 328648466, 'allowed_updates': [<UpdateType.MESSAGE>, <UpdateType.EDITED_MESSAGE>, <UpdateType.CHANNEL_POST>, <UpdateType.EDITED_CHANNEL_POST>, <UpdateType.INLINE_QUERY>, <UpdateType.CHOSEN_INLINE_RESULT>, <UpdateType.CALLBACK_QUERY>, <UpdateType.SHIPPING_QUERY>, <UpdateType.PRE_CHECKOUT_QUERY>, <UpdateType.POLL>, <UpdateType.POLL_ANSWER>, <UpdateType.MY_CHAT_MEMBER>, <UpdateType.CHAT_MEMBER>, <UpdateType.CHAT_JOIN_REQUEST>, <UpdateType.CHAT_BOOST>, <UpdateType.REMOVED_CHAT_BOOST>, <UpdateType.MESSAGE_REACTION>, <UpdateType.MESSAGE_REACTION_COUNT>, <UpdateType.BUSINESS_CONNECTION>, <UpdateType.BUSINESS_MESSAGE>, <UpdateType.EDITED_BUSINESS_MESSAGE>, <UpdateType.DELETED_BUSINESS_MESSAGES>, <UpdateType.PURCHASED_PAID_MEDIA>]}`
2026-01-10 18:23:47,106 - httpcore.http11 - DEBUG - send_request_headers.started request=<Request [b'POST']>
2026-01-10 18:23:47,106 - httpcore.http11 - DEBUG - send_request_headers.complete
2026-01-10 18:23:47,106 - httpcore.http11 - DEBUG - send_request_body.started request=<Request [b'POST']>
2026-01-10 18:23:47,107 - httpcore.http11 - DEBUG - send_request_body.complete
2026-01-10 18:23:47,107 - httpcore.http11 - DEBUG - receive_response_headers.started request=<Request [b'POST']>
2026-01-10 18:23:52,572 - pymongo.topology - DEBUG - {"message": "Server heartbeat succeeded", "topologyId": {"$oid": "6962785d3127086e3f0188e5"}, "driverConnectionId": 1, "serverConnectionId": 221, "serverHost": "localhost", "serverPort": 27017, "awaited": true, "durationMS": 10077.898417133838, "reply": "{\"isWritablePrimary\": true, \"topologyVersion\": {\"processId\": {\"$oid\": \"695c03b553e27f5a444409fe\"}}, \"maxBsonObjectSize\": 16777216, \"maxMessageSizeBytes\": 48000000, \"maxWriteBatchSize\": 100000, \"localTime\": {\"$date\": \"2026-01-10T16:23:52.571Z\"}, \"logicalSessionTimeoutMinutes\": 30, \"connectionId\": 221, \"maxWireVersion\": 27, \"ok\": 1.0}"}
2026-01-10 18:23:52,573 - pymongo.topology - DEBUG - {"message": "Server heartbeat started", "topologyId": {"$oid": "6962785d3127086e3f0188e5"}, "driverConnectionId": 1, "serverConnectionId": 221, "serverHost": "localhost", "serverPort": 27017, "awaited": true}
2026-01-10 18:23:57,241 - httpcore.http11 - DEBUG - receive_response_headers.complete return_value=(b'HTTP/1.1', 200, b'OK', [(b'Server', b'nginx/1.18.0'), (b'Date', b'Sat, 10 Jan 2026 16:23:57 GMT'), (b'Content-Type', b'application/json'), (b'Content-Length', b'23'), (b'Connection', b'keep-alive'), (b'Strict-Transport-Security', b'max-age=31536000; includeSubDomains; preload'), (b'Access-Control-Allow-Origin', b'*'), (b'Access-Control-Allow-Methods', b'GET, POST, OPTIONS'), (b'Access-Control-Expose-Headers', b'Content-Length,Content-Type,Date,Server,Connection')])
2026-01-10 18:23:57,241 - httpx - INFO - HTTP Request: POST https://api.telegram.org/bot8490932438:AAFVy70Urq5Cj0h7gUKJbECBv3z9-apYZtM/getUpdates "HTTP/1.1 200 OK"
2026-01-10 18:23:57,242 - httpcore.http11 - DEBUG - receive_response_body.started request=<Request [b'POST']>
2026-01-10 18:23:57,242 - httpcore.http11 - DEBUG - receive_response_body.complete
2026-01-10 18:23:57,242 - httpcore.http11 - DEBUG - response_closed.started
2026-01-10 18:23:57,243 - httpcore.http11 - DEBUG - response_closed.complete
2026-01-10 18:23:57,244 - telegram.ext.ExtBot - DEBUG - Call to Bot API endpoint `getUpdates` finished with return value `[]`
2026-01-10 18:23:57,244 - telegram.ext.ExtBot - DEBUG - No new updates found.
2026-01-10 18:23:57,245 - telegram.ext.ExtBot - DEBUG - Calling Bot API endpoint `getUpdates` with parameters `{'timeout': datetime.timedelta(seconds=10), 'offset': 328648466, 'allowed_updates': [<UpdateType.MESSAGE>, <UpdateType.EDITED_MESSAGE>, <UpdateType.CHANNEL_POST>, <UpdateType.EDITED_CHANNEL_POST>, <UpdateType.INLINE_QUERY>, <UpdateType.CHOSEN_INLINE_RESULT>, <UpdateType.CALLBACK_QUERY>, <UpdateType.SHIPPING_QUERY>, <UpdateType.PRE_CHECKOUT_QUERY>, <UpdateType.POLL>, <UpdateType.POLL_ANSWER>, <UpdateType.MY_CHAT_MEMBER>, <UpdateType.CHAT_MEMBER>, <UpdateType.CHAT_JOIN_REQUEST>, <UpdateType.CHAT_BOOST>, <UpdateType.REMOVED_CHAT_BOOST>, <UpdateType.MESSAGE_REACTION>, <UpdateType.MESSAGE_REACTION_COUNT>, <UpdateType.BUSINESS_CONNECTION>, <UpdateType.BUSINESS_MESSAGE>, <UpdateType.EDITED_BUSINESS_MESSAGE>, <UpdateType.DELETED_BUSINESS_MESSAGES>, <UpdateType.PURCHASED_PAID_MEDIA>]}`
2026-01-10 18:23:57,246 - httpcore.http11 - DEBUG - send_request_headers.started request=<Request [b'POST']>
2026-01-10 18:23:57,246 - httpcore.http11 - DEBUG - send_request_headers.complete
2026-01-10 18:23:57,246 - httpcore.http11 - DEBUG - send_request_body.started request=<Request [b'POST']>
2026-01-10 18:23:57,246 - httpcore.http11 - DEBUG - send_request_body.complete
2026-01-10 18:23:57,246 - httpcore.http11 - DEBUG - receive_response_headers.started request=<Request [b'POST']>
2026-01-10 18:24:02,681 - pymongo.topology - DEBUG - {"message": "Server heartbeat succeeded", "topologyId": {"$oid": "6962785d3127086e3f0188e5"}, "driverConnectionId": 1, "serverConnectionId": 221, "serverHost": "localhost", "serverPort": 27017, "awaited": true, "durationMS": 10107.755417004228, "reply": "{\"isWritablePrimary\": true, \"topologyVersion\": {\"processId\": {\"$oid\": \"695c03b553e27f5a444409fe\"}}, \"maxBsonObjectSize\": 16777216, \"maxMessageSizeBytes\": 48000000, \"maxWriteBatchSize\": 100000, \"localTime\": {\"$date\": \"2026-01-10T16:24:02.680Z\"}, \"logicalSessionTimeoutMinutes\": 30, \"connectionId\": 221, \"maxWireVersion\": 27, \"ok\": 1.0}"}
2026-01-10 18:24:02,682 - pymongo.topology - DEBUG - {"message": "Server heartbeat started", "topologyId": {"$oid": "6962785d3127086e3f0188e5"}, "driverConnectionId": 1, "serverConnectionId": 221, "serverHost": "localhost", "serverPort": 27017, "awaited": true}
2026-01-10 18:24:07,375 - httpcore.http11 - DEBUG - receive_response_headers.complete return_value=(b'HTTP/1.1', 200, b'OK', [(b'Server', b'nginx/1.18.0'), (b'Date', b'Sat, 10 Jan 2026 16:24:07 GMT'), (b'Content-Type', b'application/json'), (b'Content-Length', b'23'), (b'Connection', b'keep-alive'), (b'Strict-Transport-Security', b'max-age=31536000; includeSubDomains; preload'), (b'Access-Control-Allow-Origin', b'*'), (b'Access-Control-Allow-Methods', b'GET, POST, OPTIONS'), (b'Access-Control-Expose-Headers', b'Content-Length,Content-Type,Date,Server,Connection')])
2026-01-10 18:24:07,376 - httpx - INFO - HTTP Request: POST https://api.telegram.org/bot8490932438:AAFVy70Urq5Cj0h7gUKJbECBv3z9-apYZtM/getUpdates "HTTP/1.1 200 OK"
2026-01-10 18:24:07,376 - httpcore.http11 - DEBUG - receive_response_body.started request=<Request [b'POST']>
2026-01-10 18:24:07,376 - httpcore.http11 - DEBUG - receive_response_body.complete
2026-01-10 18:24:07,376 - httpcore.http11 - DEBUG - response_closed.started
2026-01-10 18:24:07,376 - httpcore.http11 - DEBUG - response_closed.complete
2026-01-10 18:24:07,376 - telegram.ext.ExtBot - DEBUG - Call to Bot API endpoint `getUpdates` finished with return value `[]`
2026-01-10 18:24:07,376 - telegram.ext.ExtBot - DEBUG - No new updates found.
2026-01-10 18:24:07,376 - telegram.ext.ExtBot - DEBUG - Calling Bot API endpoint `getUpdates` with parameters `{'timeout': datetime.timedelta(seconds=10), 'offset': 328648466, 'allowed_updates': [<UpdateType.MESSAGE>, <UpdateType.EDITED_MESSAGE>, <UpdateType.CHANNEL_POST>, <UpdateType.EDITED_CHANNEL_POST>, <UpdateType.INLINE_QUERY>, <UpdateType.CHOSEN_INLINE_RESULT>, <UpdateType.CALLBACK_QUERY>, <UpdateType.SHIPPING_QUERY>, <UpdateType.PRE_CHECKOUT_QUERY>, <UpdateType.POLL>, <UpdateType.POLL_ANSWER>, <UpdateType.MY_CHAT_MEMBER>, <UpdateType.CHAT_MEMBER>, <UpdateType.CHAT_JOIN_REQUEST>, <UpdateType.CHAT_BOOST>, <UpdateType.REMOVED_CHAT_BOOST>, <UpdateType.MESSAGE_REACTION>, <UpdateType.MESSAGE_REACTION_COUNT>, <UpdateType.BUSINESS_CONNECTION>, <UpdateType.BUSINESS_MESSAGE>, <UpdateType.EDITED_BUSINESS_MESSAGE>, <UpdateType.DELETED_BUSINESS_MESSAGES>, <UpdateType.PURCHASED_PAID_MEDIA>]}`
2026-01-10 18:24:07,376 - httpcore.http11 - DEBUG - send_request_headers.started request=<Request [b'POST']>
2026-01-10 18:24:07,376 - httpcore.http11 - DEBUG - send_request_headers.complete
2026-01-10 18:24:07,376 - httpcore.http11 - DEBUG - send_request_body.started request=<Request [b'POST']>
2026-01-10 18:24:07,377 - httpcore.http11 - DEBUG - send_request_body.complete
2026-01-10 18:24:07,377 - httpcore.http11 - DEBUG - receive_response_headers.started request=<Request [b'POST']>
2026-01-10 18:24:12,816 - pymongo.topology - DEBUG - {"message": "Server heartbeat succeeded", "topologyId": {"$oid": "6962785d3127086e3f0188e5"}, "driverConnectionId": 1, "serverConnectionId": 221, "serverHost": "localhost", "serverPort": 27017, "awaited": true, "durationMS": 10133.855709340423, "reply": "{\"isWritablePrimary\": true, \"topologyVersion\": {\"processId\": {\"$oid\": \"695c03b553e27f5a444409fe\"}}, \"maxBsonObjectSize\": 16777216, \"maxMessageSizeBytes\": 48000000, \"maxWriteBatchSize\": 100000, \"localTime\": {\"$date\": \"2026-01-10T16:24:12.815Z\"}, \"logicalSessionTimeoutMinutes\": 30, \"connectionId\": 221, \"maxWireVersion\": 27, \"ok\": 1.0}"}
2026-01-10 18:24:12,816 - pymongo.topology - DEBUG - {"message": "Server heartbeat started", "topologyId": {"$oid": "6962785d3127086e3f0188e5"}, "driverConnectionId": 1, "serverConnectionId": 221, "serverHost": "localhost", "serverPort": 27017, "awaited": true}
2026-01-10 18:24:17,514 - httpcore.http11 - DEBUG - receive_response_headers.complete return_value=(b'HTTP/1.1', 200, b'OK', [(b'Server', b'nginx/1.18.0'), (b'Date', b'Sat, 10 Jan 2026 16:24:17 GMT'), (b'Content-Type', b'application/json'), (b'Content-Length', b'23'), (b'Connection', b'keep-alive'), (b'Strict-Transport-Security', b'max-age=31536000; includeSubDomains; preload'), (b'Access-Control-Allow-Origin', b'*'), (b'Access-Control-Allow-Methods', b'GET, POST, OPTIONS'), (b'Access-Control-Expose-Headers', b'Content-Length,Content-Type,Date,Server,Connection')])
2026-01-10 18:24:17,514 - httpx - INFO - HTTP Request: POST https://api.telegram.org/bot8490932438:AAFVy70Urq5Cj0h7gUKJbECBv3z9-apYZtM/getUpdates "HTTP/1.1 200 OK"
2026-01-10 18:24:17,514 - httpcore.http11 - DEBUG - receive_response_body.started request=<Request [b'POST']>
2026-01-10 18:24:17,514 - httpcore.http11 - DEBUG - receive_response_body.complete
2026-01-10 18:24:17,515 - httpcore.http11 - DEBUG - response_closed.started
2026-01-10 18:24:17,515 - httpcore.http11 - DEBUG - response_closed.complete
2026-01-10 18:24:17,515 - telegram.ext.ExtBot - DEBUG - Call to Bot API endpoint `getUpdates` finished with return value `[]`
2026-01-10 18:24:17,515 - telegram.ext.ExtBot - DEBUG - No new updates found.
2026-01-10 18:24:17,515 - telegram.ext.ExtBot - DEBUG - Calling Bot API endpoint `getUpdates` with parameters `{'timeout': datetime.timedelta(seconds=10), 'offset': 328648466, 'allowed_updates': [<UpdateType.MESSAGE>, <UpdateType.EDITED_MESSAGE>, <UpdateType.CHANNEL_POST>, <UpdateType.EDITED_CHANNEL_POST>, <UpdateType.INLINE_QUERY>, <UpdateType.CHOSEN_INLINE_RESULT>, <UpdateType.CALLBACK_QUERY>, <UpdateType.SHIPPING_QUERY>, <UpdateType.PRE_CHECKOUT_QUERY>, <UpdateType.POLL>, <UpdateType.POLL_ANSWER>, <UpdateType.MY_CHAT_MEMBER>, <UpdateType.CHAT_MEMBER>, <UpdateType.CHAT_JOIN_REQUEST>, <UpdateType.CHAT_BOOST>, <UpdateType.REMOVED_CHAT_BOOST>, <UpdateType.MESSAGE_REACTION>, <UpdateType.MESSAGE_REACTION_COUNT>, <UpdateType.BUSINESS_CONNECTION>, <UpdateType.BUSINESS_MESSAGE>, <UpdateType.EDITED_BUSINESS_MESSAGE>, <UpdateType.DELETED_BUSINESS_MESSAGES>, <UpdateType.PURCHASED_PAID_MEDIA>]}`
2026-01-10 18:24:17,516 - httpcore.http11 - DEBUG - send_request_headers.started request=<Request [b'POST']>
2026-01-10 18:24:17,517 - httpcore.http11 - DEBUG - send_request_headers.complete
2026-01-10 18:24:17,517 - httpcore.http11 - DEBUG - send_request_body.started request=<Request [b'POST']>
2026-01-10 18:24:17,517 - httpcore.http11 - DEBUG - send_request_body.complete
2026-01-10 18:24:17,517 - httpcore.http11 - DEBUG - receive_response_headers.started request=<Request [b'POST']>
2026-01-10 18:24:22,847 - pymongo.topology - DEBUG - {"message": "Server heartbeat succeeded", "topologyId": {"$oid": "6962785d3127086e3f0188e5"}, "driverConnectionId": 1, "serverConnectionId": 221, "serverHost": "localhost", "serverPort": 27017, "awaited": true, "durationMS": 10030.796916689724, "reply": "{\"isWritablePrimary\": true, \"topologyVersion\": {\"processId\": {\"$oid\": \"695c03b553e27f5a444409fe\"}}, \"maxBsonObjectSize\": 16777216, \"maxMessageSizeBytes\": 48000000, \"maxWriteBatchSize\": 100000, \"localTime\": {\"$date\": \"2026-01-10T16:24:22.847Z\"}, \"logicalSessionTimeoutMinutes\": 30, \"connectionId\": 221, \"maxWireVersion\": 27, \"ok\": 1.0}"}
2026-01-10 18:24:22,848 - pymongo.topology - DEBUG - {"message": "Server heartbeat started", "topologyId": {"$oid": "6962785d3127086e3f0188e5"}, "driverConnectionId": 1, "serverConnectionId": 221, "serverHost": "localhost", "serverPort": 27017, "awaited": true}
2026-01-10 18:24:27,596 - httpcore.http11 - DEBUG - receive_response_headers.complete return_value=(b'HTTP/1.1', 200, b'OK', [(b'Server', b'nginx/1.18.0'), (b'Date', b'Sat, 10 Jan 2026 16:24:27 GMT'), (b'Content-Type', b'application/json'), (b'Content-Length', b'23'), (b'Connection', b'keep-alive'), (b'Strict-Transport-Security', b'max-age=31536000; includeSubDomains; preload'), (b'Access-Control-Allow-Origin', b'*'), (b'Access-Control-Allow-Methods', b'GET, POST, OPTIONS'), (b'Access-Control-Expose-Headers', b'Content-Length,Content-Type,Date,Server,Connection')])
2026-01-10 18:24:27,597 - httpx - INFO - HTTP Request: POST https://api.telegram.org/bot8490932438:AAFVy70Urq5Cj0h7gUKJbECBv3z9-apYZtM/getUpdates "HTTP/1.1 200 OK"
2026-01-10 18:24:27,597 - httpcore.http11 - DEBUG - receive_response_body.started request=<Request [b'POST']>
2026-01-10 18:24:27,597 - httpcore.http11 - DEBUG - receive_response_body.complete
2026-01-10 18:24:27,597 - httpcore.http11 - DEBUG - response_closed.started
2026-01-10 18:24:27,597 - httpcore.http11 - DEBUG - response_closed.complete
2026-01-10 18:24:27,597 - telegram.ext.ExtBot - DEBUG - Call to Bot API endpoint `getUpdates` finished with return value `[]`
2026-01-10 18:24:27,597 - telegram.ext.ExtBot - DEBUG - No new updates found.
2026-01-10 18:24:27,598 - telegram.ext.ExtBot - DEBUG - Calling Bot API endpoint `getUpdates` with parameters `{'timeout': datetime.timedelta(seconds=10), 'offset': 328648466, 'allowed_updates': [<UpdateType.MESSAGE>, <UpdateType.EDITED_MESSAGE>, <UpdateType.CHANNEL_POST>, <UpdateType.EDITED_CHANNEL_POST>, <UpdateType.INLINE_QUERY>, <UpdateType.CHOSEN_INLINE_RESULT>, <UpdateType.CALLBACK_QUERY>, <UpdateType.SHIPPING_QUERY>, <UpdateType.PRE_CHECKOUT_QUERY>, <UpdateType.POLL>, <UpdateType.POLL_ANSWER>, <UpdateType.MY_CHAT_MEMBER>, <UpdateType.CHAT_MEMBER>, <UpdateType.CHAT_JOIN_REQUEST>, <UpdateType.CHAT_BOOST>, <UpdateType.REMOVED_CHAT_BOOST>, <UpdateType.MESSAGE_REACTION>, <UpdateType.MESSAGE_REACTION_COUNT>, <UpdateType.BUSINESS_CONNECTION>, <UpdateType.BUSINESS_MESSAGE>, <UpdateType.EDITED_BUSINESS_MESSAGE>, <UpdateType.DELETED_BUSINESS_MESSAGES>, <UpdateType.PURCHASED_PAID_MEDIA>]}`
2026-01-10 18:24:27,598 - httpcore.http11 - DEBUG - send_request_headers.started request=<Request [b'POST']>
2026-01-10 18:24:27,598 - httpcore.http11 - DEBUG - send_request_headers.complete
2026-01-10 18:24:27,598 - httpcore.http11 - DEBUG - send_request_body.started request=<Request [b'POST']>
2026-01-10 18:24:27,599 - httpcore.http11 - DEBUG - send_request_body.complete
2026-01-10 18:24:27,599 - httpcore.http11 - DEBUG - receive_response_headers.started request=<Request [b'POST']>
2026-01-10 18:24:32,979 - pymongo.topology - DEBUG - {"message": "Server heartbeat succeeded", "topologyId": {"$oid": "6962785d3127086e3f0188e5"}, "driverConnectionId": 1, "serverConnectionId": 221, "serverHost": "localhost", "serverPort": 27017, "awaited": true, "durationMS": 10130.4800841026, "reply": "{\"isWritablePrimary\": true, \"topologyVersion\": {\"processId\": {\"$oid\": \"695c03b553e27f5a444409fe\"}}, \"maxBsonObjectSize\": 16777216, \"maxMessageSizeBytes\": 48000000, \"maxWriteBatchSize\": 100000, \"localTime\": {\"$date\": \"2026-01-10T16:24:32.978Z\"}, \"logicalSessionTimeoutMinutes\": 30, \"connectionId\": 221, \"maxWireVersion\": 27, \"ok\": 1.0}"}
2026-01-10 18:24:32,979 - pymongo.topology - DEBUG - {"message": "Server heartbeat started", "topologyId": {"$oid": "6962785d3127086e3f0188e5"}, "driverConnectionId": 1, "serverConnectionId": 221, "serverHost": "localhost", "serverPort": 27017, "awaited": true}
2026-01-10 18:24:37,679 - httpcore.http11 - DEBUG - receive_response_headers.complete return_value=(b'HTTP/1.1', 200, b'OK', [(b'Server', b'nginx/1.18.0'), (b'Date', b'Sat, 10 Jan 2026 16:24:37 GMT'), (b'Content-Type', b'application/json'), (b'Content-Length', b'23'), (b'Connection', b'keep-alive'), (b'Strict-Transport-Security', b'max-age=31536000; includeSubDomains; preload'), (b'Access-Control-Allow-Origin', b'*'), (b'Access-Control-Allow-Methods', b'GET, POST, OPTIONS'), (b'Access-Control-Expose-Headers', b'Content-Length,Content-Type,Date,Server,Connection')])
2026-01-10 18:24:37,681 - httpx - INFO - HTTP Request: POST https://api.telegram.org/bot8490932438:AAFVy70Urq5Cj0h7gUKJbECBv3z9-apYZtM/getUpdates "HTTP/1.1 200 OK"
2026-01-10 18:24:37,681 - httpcore.http11 - DEBUG - receive_response_body.started request=<Request [b'POST']>
2026-01-10 18:24:37,681 - httpcore.http11 - DEBUG - receive_response_body.complete
2026-01-10 18:24:37,681 - httpcore.http11 - DEBUG - response_closed.started
2026-01-10 18:24:37,682 - httpcore.http11 - DEBUG - response_closed.complete
2026-01-10 18:24:37,682 - telegram.ext.ExtBot - DEBUG - Call to Bot API endpoint `getUpdates` finished with return value `[]`
2026-01-10 18:24:37,682 - telegram.ext.ExtBot - DEBUG - No new updates found.
2026-01-10 18:24:37,683 - telegram.ext.ExtBot - DEBUG - Calling Bot API endpoint `getUpdates` with parameters `{'timeout': datetime.timedelta(seconds=10), 'offset': 328648466, 'allowed_updates': [<UpdateType.MESSAGE>, <UpdateType.EDITED_MESSAGE>, <UpdateType.CHANNEL_POST>, <UpdateType.EDITED_CHANNEL_POST>, <UpdateType.INLINE_QUERY>, <UpdateType.CHOSEN_INLINE_RESULT>, <UpdateType.CALLBACK_QUERY>, <UpdateType.SHIPPING_QUERY>, <UpdateType.PRE_CHECKOUT_QUERY>, <UpdateType.POLL>, <UpdateType.POLL_ANSWER>, <UpdateType.MY_CHAT_MEMBER>, <UpdateType.CHAT_MEMBER>, <UpdateType.CHAT_JOIN_REQUEST>, <UpdateType.CHAT_BOOST>, <UpdateType.REMOVED_CHAT_BOOST>, <UpdateType.MESSAGE_REACTION>, <UpdateType.MESSAGE_REACTION_COUNT>, <UpdateType.BUSINESS_CONNECTION>, <UpdateType.BUSINESS_MESSAGE>, <UpdateType.EDITED_BUSINESS_MESSAGE>, <UpdateType.DELETED_BUSINESS_MESSAGES>, <UpdateType.PURCHASED_PAID_MEDIA>]}`
2026-01-10 18:24:37,684 - httpcore.http11 - DEBUG - send_request_headers.started request=<Request [b'POST']>
2026-01-10 18:24:37,685 - httpcore.http11 - DEBUG - send_request_headers.complete
2026-01-10 18:24:37,685 - httpcore.http11 - DEBUG - send_request_body.started request=<Request [b'POST']>
2026-01-10 18:24:37,685 - httpcore.http11 - DEBUG - send_request_body.complete
2026-01-10 18:24:37,686 - httpcore.http11 - DEBUG - receive_response_headers.started request=<Request [b'POST']>
2026-01-10 18:24:43,031 - pymongo.topology - DEBUG - {"message": "Server heartbeat succeeded", "topologyId": {"$oid": "6962785d3127086e3f0188e5"}, "driverConnectionId": 1, "serverConnectionId": 221, "serverHost": "localhost", "serverPort": 27017, "awaited": true, "durationMS": 10051.868458278477, "reply": "{\"isWritablePrimary\": true, \"topologyVersion\": {\"processId\": {\"$oid\": \"695c03b553e27f5a444409fe\"}}, \"maxBsonObjectSize\": 16777216, \"maxMessageSizeBytes\": 48000000, \"maxWriteBatchSize\": 100000, \"localTime\": {\"$date\": \"2026-01-10T16:24:43.031Z\"}, \"logicalSessionTimeoutMinutes\": 30, \"connectionId\": 221, \"maxWireVersion\": 27, \"ok\": 1.0}"}
2026-01-10 18:24:43,032 - pymongo.topology - DEBUG - {"message": "Server heartbeat started", "topologyId": {"$oid": "6962785d3127086e3f0188e5"}, "driverConnectionId": 1, "serverConnectionId": 221, "serverHost": "localhost", "serverPort": 27017, "awaited": true}
2026-01-10 18:24:47,826 - httpcore.http11 - DEBUG - receive_response_headers.complete return_value=(b'HTTP/1.1', 200, b'OK', [(b'Server', b'nginx/1.18.0'), (b'Date', b'Sat, 10 Jan 2026 16:24:47 GMT'), (b'Content-Type', b'application/json'), (b'Content-Length', b'23'), (b'Connection', b'keep-alive'), (b'Strict-Transport-Security', b'max-age=31536000; includeSubDomains; preload'), (b'Access-Control-Allow-Origin', b'*'), (b'Access-Control-Allow-Methods', b'GET, POST, OPTIONS'), (b'Access-Control-Expose-Headers', b'Content-Length,Content-Type,Date,Server,Connection')])
2026-01-10 18:24:47,826 - httpx - INFO - HTTP Request: POST https://api.telegram.org/bot8490932438:AAFVy70Urq5Cj0h7gUKJbECBv3z9-apYZtM/getUpdates "HTTP/1.1 200 OK"
2026-01-10 18:24:47,826 - httpcore.http11 - DEBUG - receive_response_body.started request=<Request [b'POST']>
2026-01-10 18:24:47,826 - httpcore.http11 - DEBUG - receive_response_body.complete
2026-01-10 18:24:47,827 - httpcore.http11 - DEBUG - response_closed.started
2026-01-10 18:24:47,827 - httpcore.http11 - DEBUG - response_closed.complete
2026-01-10 18:24:47,827 - telegram.ext.ExtBot - DEBUG - Call to Bot API endpoint `getUpdates` finished with return value `[]`
2026-01-10 18:24:47,827 - telegram.ext.ExtBot - DEBUG - No new updates found.
2026-01-10 18:24:47,827 - telegram.ext.ExtBot - DEBUG - Calling Bot API endpoint `getUpdates` with parameters `{'timeout': datetime.timedelta(seconds=10), 'offset': 328648466, 'allowed_updates': [<UpdateType.MESSAGE>, <UpdateType.EDITED_MESSAGE>, <UpdateType.CHANNEL_POST>, <UpdateType.EDITED_CHANNEL_POST>, <UpdateType.INLINE_QUERY>, <UpdateType.CHOSEN_INLINE_RESULT>, <UpdateType.CALLBACK_QUERY>, <UpdateType.SHIPPING_QUERY>, <UpdateType.PRE_CHECKOUT_QUERY>, <UpdateType.POLL>, <UpdateType.POLL_ANSWER>, <UpdateType.MY_CHAT_MEMBER>, <UpdateType.CHAT_MEMBER>, <UpdateType.CHAT_JOIN_REQUEST>, <UpdateType.CHAT_BOOST>, <UpdateType.REMOVED_CHAT_BOOST>, <UpdateType.MESSAGE_REACTION>, <UpdateType.MESSAGE_REACTION_COUNT>, <UpdateType.BUSINESS_CONNECTION>, <UpdateType.BUSINESS_MESSAGE>, <UpdateType.EDITED_BUSINESS_MESSAGE>, <UpdateType.DELETED_BUSINESS_MESSAGES>, <UpdateType.PURCHASED_PAID_MEDIA>]}`
2026-01-10 18:24:47,828 - httpcore.http11 - DEBUG - send_request_headers.started request=<Request [b'POST']>
2026-01-10 18:24:47,828 - httpcore.http11 - DEBUG - send_request_headers.complete
2026-01-10 18:24:47,828 - httpcore.http11 - DEBUG - send_request_body.started request=<Request [b'POST']>
2026-01-10 18:24:47,829 - httpcore.http11 - DEBUG - send_request_body.complete
2026-01-10 18:24:47,829 - httpcore.http11 - DEBUG - receive_response_headers.started request=<Request [b'POST']>
2026-01-10 18:24:53,130 - pymongo.topology - DEBUG - {"message": "Server heartbeat succeeded", "topologyId": {"$oid": "6962785d3127086e3f0188e5"}, "driverConnectionId": 1, "serverConnectionId": 221, "serverHost": "localhost", "serverPort": 27017, "awaited": true, "durationMS": 10097.510625142604, "reply": "{\"isWritablePrimary\": true, \"topologyVersion\": {\"processId\": {\"$oid\": \"695c03b553e27f5a444409fe\"}}, \"maxBsonObjectSize\": 16777216, \"maxMessageSizeBytes\": 48000000, \"maxWriteBatchSize\": 100000, \"localTime\": {\"$date\": \"2026-01-10T16:24:53.129Z\"}, \"logicalSessionTimeoutMinutes\": 30, \"connectionId\": 221, \"maxWireVersion\": 27, \"ok\": 1.0}"}
2026-01-10 18:24:53,130 - pymongo.topology - DEBUG - {"message": "Server heartbeat started", "topologyId": {"$oid": "6962785d3127086e3f0188e5"}, "driverConnectionId": 1, "serverConnectionId": 221, "serverHost": "localhost", "serverPort": 27017, "awaited": true}
2026-01-10 18:24:57,964 - httpcore.http11 - DEBUG - receive_response_headers.complete return_value=(b'HTTP/1.1', 200, b'OK', [(b'Server', b'nginx/1.18.0'), (b'Date', b'Sat, 10 Jan 2026 16:24:58 GMT'), (b'Content-Type', b'application/json'), (b'Content-Length', b'23'), (b'Connection', b'keep-alive'), (b'Strict-Transport-Security', b'max-age=31536000; includeSubDomains; preload'), (b'Access-Control-Allow-Origin', b'*'), (b'Access-Control-Allow-Methods', b'GET, POST, OPTIONS'), (b'Access-Control-Expose-Headers', b'Content-Length,Content-Type,Date,Server,Connection')])
2026-01-10 18:24:57,965 - httpx - INFO - HTTP Request: POST https://api.telegram.org/bot8490932438:AAFVy70Urq5Cj0h7gUKJbECBv3z9-apYZtM/getUpdates "HTTP/1.1 200 OK"
2026-01-10 18:24:57,965 - httpcore.http11 - DEBUG - receive_response_body.started request=<Request [b'POST']>
2026-01-10 18:24:57,965 - httpcore.http11 - DEBUG - receive_response_body.complete
2026-01-10 18:24:57,965 - httpcore.http11 - DEBUG - response_closed.started
2026-01-10 18:24:57,965 - httpcore.http11 - DEBUG - response_closed.complete
2026-01-10 18:24:57,966 - telegram.ext.ExtBot - DEBUG - Call to Bot API endpoint `getUpdates` finished with return value `[]`
2026-01-10 18:24:57,966 - telegram.ext.ExtBot - DEBUG - No new updates found.
2026-01-10 18:24:57,966 - telegram.ext.ExtBot - DEBUG - Calling Bot API endpoint `getUpdates` with parameters `{'timeout': datetime.timedelta(seconds=10), 'offset': 328648466, 'allowed_updates': [<UpdateType.MESSAGE>, <UpdateType.EDITED_MESSAGE>, <UpdateType.CHANNEL_POST>, <UpdateType.EDITED_CHANNEL_POST>, <UpdateType.INLINE_QUERY>, <UpdateType.CHOSEN_INLINE_RESULT>, <UpdateType.CALLBACK_QUERY>, <UpdateType.SHIPPING_QUERY>, <UpdateType.PRE_CHECKOUT_QUERY>, <UpdateType.POLL>, <UpdateType.POLL_ANSWER>, <UpdateType.MY_CHAT_MEMBER>, <UpdateType.CHAT_MEMBER>, <UpdateType.CHAT_JOIN_REQUEST>, <UpdateType.CHAT_BOOST>, <UpdateType.REMOVED_CHAT_BOOST>, <UpdateType.MESSAGE_REACTION>, <UpdateType.MESSAGE_REACTION_COUNT>, <UpdateType.BUSINESS_CONNECTION>, <UpdateType.BUSINESS_MESSAGE>, <UpdateType.EDITED_BUSINESS_MESSAGE>, <UpdateType.DELETED_BUSINESS_MESSAGES>, <UpdateType.PURCHASED_PAID_MEDIA>]}`
2026-01-10 18:24:57,967 - httpcore.http11 - DEBUG - send_request_headers.started request=<Request [b'POST']>
2026-01-10 18:24:57,968 - httpcore.http11 - DEBUG - send_request_headers.complete
2026-01-10 18:24:57,968 - httpcore.http11 - DEBUG - send_request_body.started request=<Request [b'POST']>
2026-01-10 18:24:57,968 - httpcore.http11 - DEBUG - send_request_body.complete
2026-01-10 18:24:57,968 - httpcore.http11 - DEBUG - receive_response_headers.started request=<Request [b'POST']>
2026-01-10 18:25:03,185 - pymongo.topology - DEBUG - {"message": "Server heartbeat succeeded", "topologyId": {"$oid": "6962785d3127086e3f0188e5"}, "driverConnectionId": 1, "serverConnectionId": 221, "serverHost": "localhost", "serverPort": 27017, "awaited": true, "durationMS": 10054.123832844198, "reply": "{\"isWritablePrimary\": true, \"topologyVersion\": {\"processId\": {\"$oid\": \"695c03b553e27f5a444409fe\"}}, \"maxBsonObjectSize\": 16777216, \"maxMessageSizeBytes\": 48000000, \"maxWriteBatchSize\": 100000, \"localTime\": {\"$date\": \"2026-01-10T16:25:03.184Z\"}, \"logicalSessionTimeoutMinutes\": 30, \"connectionId\": 221, \"maxWireVersion\": 27, \"ok\": 1.0}"}
2026-01-10 18:25:03,185 - pymongo.topology - DEBUG - {"message": "Server heartbeat started", "topologyId": {"$oid": "6962785d3127086e3f0188e5"}, "driverConnectionId": 1, "serverConnectionId": 221, "serverHost": "localhost", "serverPort": 27017, "awaited": true}
2026-01-10 18:25:08,100 - httpcore.http11 - DEBUG - receive_response_headers.complete return_value=(b'HTTP/1.1', 200, b'OK', [(b'Server', b'nginx/1.18.0'), (b'Date', b'Sat, 10 Jan 2026 16:25:08 GMT'), (b'Content-Type', b'application/json'), (b'Content-Length', b'23'), (b'Connection', b'keep-alive'), (b'Strict-Transport-Security', b'max-age=31536000; includeSubDomains; preload'), (b'Access-Control-Allow-Origin', b'*'), (b'Access-Control-Allow-Methods', b'GET, POST, OPTIONS'), (b'Access-Control-Expose-Headers', b'Content-Length,Content-Type,Date,Server,Connection')])
2026-01-10 18:25:08,100 - httpx - INFO - HTTP Request: POST https://api.telegram.org/bot8490932438:AAFVy70Urq5Cj0h7gUKJbECBv3z9-apYZtM/getUpdates "HTTP/1.1 200 OK"
2026-01-10 18:25:08,100 - httpcore.http11 - DEBUG - receive_response_body.started request=<Request [b'POST']>
2026-01-10 18:25:08,101 - httpcore.http11 - DEBUG - receive_response_body.complete
2026-01-10 18:25:08,101 - httpcore.http11 - DEBUG - response_closed.started
2026-01-10 18:25:08,101 - httpcore.http11 - DEBUG - response_closed.complete
2026-01-10 18:25:08,101 - telegram.ext.ExtBot - DEBUG - Call to Bot API endpoint `getUpdates` finished with return value `[]`
2026-01-10 18:25:08,102 - telegram.ext.ExtBot - DEBUG - No new updates found.
2026-01-10 18:25:08,102 - telegram.ext.ExtBot - DEBUG - Calling Bot API endpoint `getUpdates` with parameters `{'timeout': datetime.timedelta(seconds=10), 'offset': 328648466, 'allowed_updates': [<UpdateType.MESSAGE>, <UpdateType.EDITED_MESSAGE>, <UpdateType.CHANNEL_POST>, <UpdateType.EDITED_CHANNEL_POST>, <UpdateType.INLINE_QUERY>, <UpdateType.CHOSEN_INLINE_RESULT>, <UpdateType.CALLBACK_QUERY>, <UpdateType.SHIPPING_QUERY>, <UpdateType.PRE_CHECKOUT_QUERY>, <UpdateType.POLL>, <UpdateType.POLL_ANSWER>, <UpdateType.MY_CHAT_MEMBER>, <UpdateType.CHAT_MEMBER>, <UpdateType.CHAT_JOIN_REQUEST>, <UpdateType.CHAT_BOOST>, <UpdateType.REMOVED_CHAT_BOOST>, <UpdateType.MESSAGE_REACTION>, <UpdateType.MESSAGE_REACTION_COUNT>, <UpdateType.BUSINESS_CONNECTION>, <UpdateType.BUSINESS_MESSAGE>, <UpdateType.EDITED_BUSINESS_MESSAGE>, <UpdateType.DELETED_BUSINESS_MESSAGES>, <UpdateType.PURCHASED_PAID_MEDIA>]}`
2026-01-10 18:25:08,103 - httpcore.http11 - DEBUG - send_request_headers.started request=<Request [b'POST']>
2026-01-10 18:25:08,103 - httpcore.http11 - DEBUG - send_request_headers.complete
2026-01-10 18:25:08,103 - httpcore.http11 - DEBUG - send_request_body.started request=<Request [b'POST']>
2026-01-10 18:25:08,104 - httpcore.http11 - DEBUG - send_request_body.complete
2026-01-10 18:25:08,104 - httpcore.http11 - DEBUG - receive_response_headers.started request=<Request [b'POST']>
2026-01-10 18:25:13,327 - pymongo.topology - DEBUG - {"message": "Server heartbeat succeeded", "topologyId": {"$oid": "6962785d3127086e3f0188e5"}, "driverConnectionId": 1, "serverConnectionId": 221, "serverHost": "localhost", "serverPort": 27017, "awaited": true, "durationMS": 10141.563249751925, "reply": "{\"isWritablePrimary\": true, \"topologyVersion\": {\"processId\": {\"$oid\": \"695c03b553e27f5a444409fe\"}}, \"maxBsonObjectSize\": 16777216, \"maxMessageSizeBytes\": 48000000, \"maxWriteBatchSize\": 100000, \"localTime\": {\"$date\": \"2026-01-10T16:25:13.327Z\"}, \"logicalSessionTimeoutMinutes\": 30, \"connectionId\": 221, \"maxWireVersion\": 27, \"ok\": 1.0}"}
2026-01-10 18:25:13,328 - pymongo.topology - DEBUG - {"message": "Server heartbeat started", "topologyId": {"$oid": "6962785d3127086e3f0188e5"}, "driverConnectionId": 1, "serverConnectionId": 221, "serverHost": "localhost", "serverPort": 27017, "awaited": true}
2026-01-10 18:25:18,184 - httpcore.http11 - DEBUG - receive_response_headers.complete return_value=(b'HTTP/1.1', 200, b'OK', [(b'Server', b'nginx/1.18.0'), (b'Date', b'Sat, 10 Jan 2026 16:25:18 GMT'), (b'Content-Type', b'application/json'), (b'Content-Length', b'23'), (b'Connection', b'keep-alive'), (b'Strict-Transport-Security', b'max-age=31536000; includeSubDomains; preload'), (b'Access-Control-Allow-Origin', b'*'), (b'Access-Control-Allow-Methods', b'GET, POST, OPTIONS'), (b'Access-Control-Expose-Headers', b'Content-Length,Content-Type,Date,Server,Connection')])
2026-01-10 18:25:18,185 - httpx - INFO - HTTP Request: POST https://api.telegram.org/bot8490932438:AAFVy70Urq5Cj0h7gUKJbECBv3z9-apYZtM/getUpdates "HTTP/1.1 200 OK"
2026-01-10 18:25:18,185 - httpcore.http11 - DEBUG - receive_response_body.started request=<Request [b'POST']>
2026-01-10 18:25:18,185 - httpcore.http11 - DEBUG - receive_response_body.complete
2026-01-10 18:25:18,185 - httpcore.http11 - DEBUG - response_closed.started
2026-01-10 18:25:18,185 - httpcore.http11 - DEBUG - response_closed.complete
2026-01-10 18:25:18,185 - telegram.ext.ExtBot - DEBUG - Call to Bot API endpoint `getUpdates` finished with return value `[]`
2026-01-10 18:25:18,185 - telegram.ext.ExtBot - DEBUG - No new updates found.
2026-01-10 18:25:18,186 - telegram.ext.ExtBot - DEBUG - Calling Bot API endpoint `getUpdates` with parameters `{'timeout': datetime.timedelta(seconds=10), 'offset': 328648466, 'allowed_updates': [<UpdateType.MESSAGE>, <UpdateType.EDITED_MESSAGE>, <UpdateType.CHANNEL_POST>, <UpdateType.EDITED_CHANNEL_POST>, <UpdateType.INLINE_QUERY>, <UpdateType.CHOSEN_INLINE_RESULT>, <UpdateType.CALLBACK_QUERY>, <UpdateType.SHIPPING_QUERY>, <UpdateType.PRE_CHECKOUT_QUERY>, <UpdateType.POLL>, <UpdateType.POLL_ANSWER>, <UpdateType.MY_CHAT_MEMBER>, <UpdateType.CHAT_MEMBER>, <UpdateType.CHAT_JOIN_REQUEST>, <UpdateType.CHAT_BOOST>, <UpdateType.REMOVED_CHAT_BOOST>, <UpdateType.MESSAGE_REACTION>, <UpdateType.MESSAGE_REACTION_COUNT>, <UpdateType.BUSINESS_CONNECTION>, <UpdateType.BUSINESS_MESSAGE>, <UpdateType.EDITED_BUSINESS_MESSAGE>, <UpdateType.DELETED_BUSINESS_MESSAGES>, <UpdateType.PURCHASED_PAID_MEDIA>]}`
2026-01-10 18:25:18,186 - httpcore.http11 - DEBUG - send_request_headers.started request=<Request [b'POST']>
2026-01-10 18:25:18,187 - httpcore.http11 - DEBUG - send_request_headers.complete
2026-01-10 18:25:18,187 - httpcore.http11 - DEBUG - send_request_body.started request=<Request [b'POST']>
2026-01-10 18:25:18,187 - httpcore.http11 - DEBUG - send_request_body.complete
2026-01-10 18:25:18,187 - httpcore.http11 - DEBUG - receive_response_headers.started request=<Request [b'POST']>
2026-01-10 18:25:23,465 - pymongo.topology - DEBUG - {"message": "Server heartbeat succeeded", "topologyId": {"$oid": "6962785d3127086e3f0188e5"}, "driverConnectionId": 1, "serverConnectionId": 221, "serverHost": "localhost", "serverPort": 27017, "awaited": true, "durationMS": 10137.196000199765, "reply": "{\"isWritablePrimary\": true, \"topologyVersion\": {\"processId\": {\"$oid\": \"695c03b553e27f5a444409fe\"}}, \"maxBsonObjectSize\": 16777216, \"maxMessageSizeBytes\": 48000000, \"maxWriteBatchSize\": 100000, \"localTime\": {\"$date\": \"2026-01-10T16:25:23.465Z\"}, \"logicalSessionTimeoutMinutes\": 30, \"connectionId\": 221, \"maxWireVersion\": 27, \"ok\": 1.0}"}
2026-01-10 18:25:23,466 - pymongo.topology - DEBUG - {"message": "Server heartbeat started", "topologyId": {"$oid": "6962785d3127086e3f0188e5"}, "driverConnectionId": 1, "serverConnectionId": 221, "serverHost": "localhost", "serverPort": 27017, "awaited": true}
2026-01-10 18:25:28,375 - httpcore.http11 - DEBUG - receive_response_headers.complete return_value=(b'HTTP/1.1', 200, b'OK', [(b'Server', b'nginx/1.18.0'), (b'Date', b'Sat, 10 Jan 2026 16:25:28 GMT'), (b'Content-Type', b'application/json'), (b'Content-Length', b'23'), (b'Connection', b'keep-alive'), (b'Strict-Transport-Security', b'max-age=31536000; includeSubDomains; preload'), (b'Access-Control-Allow-Origin', b'*'), (b'Access-Control-Allow-Methods', b'GET, POST, OPTIONS'), (b'Access-Control-Expose-Headers', b'Content-Length,Content-Type,Date,Server,Connection')])
2026-01-10 18:25:28,375 - httpx - INFO - HTTP Request: POST https://api.telegram.org/bot8490932438:AAFVy70Urq5Cj0h7gUKJbECBv3z9-apYZtM/getUpdates "HTTP/1.1 200 OK"
2026-01-10 18:25:28,376 - httpcore.http11 - DEBUG - receive_response_body.started request=<Request [b'POST']>
2026-01-10 18:25:28,376 - httpcore.http11 - DEBUG - receive_response_body.complete
2026-01-10 18:25:28,376 - httpcore.http11 - DEBUG - response_closed.started
2026-01-10 18:25:28,376 - httpcore.http11 - DEBUG - response_closed.complete
2026-01-10 18:25:28,377 - telegram.ext.ExtBot - DEBUG - Call to Bot API endpoint `getUpdates` finished with return value `[]`
2026-01-10 18:25:28,377 - telegram.ext.ExtBot - DEBUG - No new updates found.
2026-01-10 18:25:28,377 - telegram.ext.ExtBot - DEBUG - Calling Bot API endpoint `getUpdates` with parameters `{'timeout': datetime.timedelta(seconds=10), 'offset': 328648466, 'allowed_updates': [<UpdateType.MESSAGE>, <UpdateType.EDITED_MESSAGE>, <UpdateType.CHANNEL_POST>, <UpdateType.EDITED_CHANNEL_POST>, <UpdateType.INLINE_QUERY>, <UpdateType.CHOSEN_INLINE_RESULT>, <UpdateType.CALLBACK_QUERY>, <UpdateType.SHIPPING_QUERY>, <UpdateType.PRE_CHECKOUT_QUERY>, <UpdateType.POLL>, <UpdateType.POLL_ANSWER>, <UpdateType.MY_CHAT_MEMBER>, <UpdateType.CHAT_MEMBER>, <UpdateType.CHAT_JOIN_REQUEST>, <UpdateType.CHAT_BOOST>, <UpdateType.REMOVED_CHAT_BOOST>, <UpdateType.MESSAGE_REACTION>, <UpdateType.MESSAGE_REACTION_COUNT>, <UpdateType.BUSINESS_CONNECTION>, <UpdateType.BUSINESS_MESSAGE>, <UpdateType.EDITED_BUSINESS_MESSAGE>, <UpdateType.DELETED_BUSINESS_MESSAGES>, <UpdateType.PURCHASED_PAID_MEDIA>]}`
2026-01-10 18:25:28,378 - httpcore.http11 - DEBUG - send_request_headers.started request=<Request [b'POST']>
2026-01-10 18:25:28,378 - httpcore.http11 - DEBUG - send_request_headers.complete
2026-01-10 18:25:28,378 - httpcore.http11 - DEBUG - send_request_body.started request=<Request [b'POST']>
2026-01-10 18:25:28,379 - httpcore.http11 - DEBUG - send_request_body.complete
2026-01-10 18:25:28,379 - httpcore.http11 - DEBUG - receive_response_headers.started request=<Request [b'POST']>
2026-01-10 18:25:33,603 - pymongo.topology - DEBUG - {"message": "Server heartbeat succeeded", "topologyId": {"$oid": "6962785d3127086e3f0188e5"}, "driverConnectionId": 1, "serverConnectionId": 221, "serverHost": "localhost", "serverPort": 27017, "awaited": true, "durationMS": 10136.978417169303, "reply": "{\"isWritablePrimary\": true, \"topologyVersion\": {\"processId\": {\"$oid\": \"695c03b553e27f5a444409fe\"}}, \"maxBsonObjectSize\": 16777216, \"maxMessageSizeBytes\": 48000000, \"maxWriteBatchSize\": 100000, \"localTime\": {\"$date\": \"2026-01-10T16:25:33.603Z\"}, \"logicalSessionTimeoutMinutes\": 30, \"connectionId\": 221, \"maxWireVersion\": 27, \"ok\": 1.0}"}
2026-01-10 18:25:33,604 - pymongo.topology - DEBUG - {"message": "Server heartbeat started", "topologyId": {"$oid": "6962785d3127086e3f0188e5"}, "driverConnectionId": 1, "serverConnectionId": 221, "serverHost": "localhost", "serverPort": 27017, "awaited": true}
2026-01-10 18:25:38,512 - httpcore.http11 - DEBUG - receive_response_headers.complete return_value=(b'HTTP/1.1', 200, b'OK', [(b'Server', b'nginx/1.18.0'), (b'Date', b'Sat, 10 Jan 2026 16:25:38 GMT'), (b'Content-Type', b'application/json'), (b'Content-Length', b'23'), (b'Connection', b'keep-alive'), (b'Strict-Transport-Security', b'max-age=31536000; includeSubDomains; preload'), (b'Access-Control-Allow-Origin', b'*'), (b'Access-Control-Allow-Methods', b'GET, POST, OPTIONS'), (b'Access-Control-Expose-Headers', b'Content-Length,Content-Type,Date,Server,Connection')])
2026-01-10 18:25:38,514 - httpx - INFO - HTTP Request: POST https://api.telegram.org/bot8490932438:AAFVy70Urq5Cj0h7gUKJbECBv3z9-apYZtM/getUpdates "HTTP/1.1 200 OK"
2026-01-10 18:25:38,514 - httpcore.http11 - DEBUG - receive_response_body.started request=<Request [b'POST']>
2026-01-10 18:25:38,514 - httpcore.http11 - DEBUG - receive_response_body.complete
2026-01-10 18:25:38,514 - httpcore.http11 - DEBUG - response_closed.started
2026-01-10 18:25:38,514 - httpcore.http11 - DEBUG - response_closed.complete
2026-01-10 18:25:38,515 - telegram.ext.ExtBot - DEBUG - Call to Bot API endpoint `getUpdates` finished with return value `[]`
2026-01-10 18:25:38,515 - telegram.ext.ExtBot - DEBUG - No new updates found.
2026-01-10 18:25:38,515 - telegram.ext.ExtBot - DEBUG - Calling Bot API endpoint `getUpdates` with parameters `{'timeout': datetime.timedelta(seconds=10), 'offset': 328648466, 'allowed_updates': [<UpdateType.MESSAGE>, <UpdateType.EDITED_MESSAGE>, <UpdateType.CHANNEL_POST>, <UpdateType.EDITED_CHANNEL_POST>, <UpdateType.INLINE_QUERY>, <UpdateType.CHOSEN_INLINE_RESULT>, <UpdateType.CALLBACK_QUERY>, <UpdateType.SHIPPING_QUERY>, <UpdateType.PRE_CHECKOUT_QUERY>, <UpdateType.POLL>, <UpdateType.POLL_ANSWER>, <UpdateType.MY_CHAT_MEMBER>, <UpdateType.CHAT_MEMBER>, <UpdateType.CHAT_JOIN_REQUEST>, <UpdateType.CHAT_BOOST>, <UpdateType.REMOVED_CHAT_BOOST>, <UpdateType.MESSAGE_REACTION>, <UpdateType.MESSAGE_REACTION_COUNT>, <UpdateType.BUSINESS_CONNECTION>, <UpdateType.BUSINESS_MESSAGE>, <UpdateType.EDITED_BUSINESS_MESSAGE>, <UpdateType.DELETED_BUSINESS_MESSAGES>, <UpdateType.PURCHASED_PAID_MEDIA>]}`
2026-01-10 18:25:38,516 - httpcore.http11 - DEBUG - send_request_headers.started request=<Request [b'POST']>
2026-01-10 18:25:38,516 - httpcore.http11 - DEBUG - send_request_headers.complete
2026-01-10 18:25:38,517 - httpcore.http11 - DEBUG - send_request_body.started request=<Request [b'POST']>
2026-01-10 18:25:38,517 - httpcore.http11 - DEBUG - send_request_body.complete
2026-01-10 18:25:38,517 - httpcore.http11 - DEBUG - receive_response_headers.started request=<Request [b'POST']>
2026-01-10 18:25:43,685 - pymongo.topology - DEBUG - {"message": "Server heartbeat succeeded", "topologyId": {"$oid": "6962785d3127086e3f0188e5"}, "driverConnectionId": 1, "serverConnectionId": 221, "serverHost": "localhost", "serverPort": 27017, "awaited": true, "durationMS": 10080.53533313796, "reply": "{\"isWritablePrimary\": true, \"topologyVersion\": {\"processId\": {\"$oid\": \"695c03b553e27f5a444409fe\"}}, \"maxBsonObjectSize\": 16777216, \"maxMessageSizeBytes\": 48000000, \"maxWriteBatchSize\": 100000, \"localTime\": {\"$date\": \"2026-01-10T16:25:43.684Z\"}, \"logicalSessionTimeoutMinutes\": 30, \"connectionId\": 221, \"maxWireVersion\": 27, \"ok\": 1.0}"}
2026-01-10 18:25:43,685 - pymongo.topology - DEBUG - {"message": "Server heartbeat started", "topologyId": {"$oid": "6962785d3127086e3f0188e5"}, "driverConnectionId": 1, "serverConnectionId": 221, "serverHost": "localhost", "serverPort": 27017, "awaited": true}
2026-01-10 18:25:48,650 - httpcore.http11 - DEBUG - receive_response_headers.complete return_value=(b'HTTP/1.1', 200, b'OK', [(b'Server', b'nginx/1.18.0'), (b'Date', b'Sat, 10 Jan 2026 16:25:48 GMT'), (b'Content-Type', b'application/json'), (b'Content-Length', b'23'), (b'Connection', b'keep-alive'), (b'Strict-Transport-Security', b'max-age=31536000; includeSubDomains; preload'), (b'Access-Control-Allow-Origin', b'*'), (b'Access-Control-Allow-Methods', b'GET, POST, OPTIONS'), (b'Access-Control-Expose-Headers', b'Content-Length,Content-Type,Date,Server,Connection')])
2026-01-10 18:25:48,651 - httpx - INFO - HTTP Request: POST https://api.telegram.org/bot8490932438:AAFVy70Urq5Cj0h7gUKJbECBv3z9-apYZtM/getUpdates "HTTP/1.1 200 OK"
2026-01-10 18:25:48,651 - httpcore.http11 - DEBUG - receive_response_body.started request=<Request [b'POST']>
2026-01-10 18:25:48,651 - httpcore.http11 - DEBUG - receive_response_body.complete
2026-01-10 18:25:48,651 - httpcore.http11 - DEBUG - response_closed.started
2026-01-10 18:25:48,652 - httpcore.http11 - DEBUG - response_closed.complete
2026-01-10 18:25:48,652 - telegram.ext.ExtBot - DEBUG - Call to Bot API endpoint `getUpdates` finished with return value `[]`
2026-01-10 18:25:48,652 - telegram.ext.ExtBot - DEBUG - No new updates found.
2026-01-10 18:25:48,653 - telegram.ext.ExtBot - DEBUG - Calling Bot API endpoint `getUpdates` with parameters `{'timeout': datetime.timedelta(seconds=10), 'offset': 328648466, 'allowed_updates': [<UpdateType.MESSAGE>, <UpdateType.EDITED_MESSAGE>, <UpdateType.CHANNEL_POST>, <UpdateType.EDITED_CHANNEL_POST>, <UpdateType.INLINE_QUERY>, <UpdateType.CHOSEN_INLINE_RESULT>, <UpdateType.CALLBACK_QUERY>, <UpdateType.SHIPPING_QUERY>, <UpdateType.PRE_CHECKOUT_QUERY>, <UpdateType.POLL>, <UpdateType.POLL_ANSWER>, <UpdateType.MY_CHAT_MEMBER>, <UpdateType.CHAT_MEMBER>, <UpdateType.CHAT_JOIN_REQUEST>, <UpdateType.CHAT_BOOST>, <UpdateType.REMOVED_CHAT_BOOST>, <UpdateType.MESSAGE_REACTION>, <UpdateType.MESSAGE_REACTION_COUNT>, <UpdateType.BUSINESS_CONNECTION>, <UpdateType.BUSINESS_MESSAGE>, <UpdateType.EDITED_BUSINESS_MESSAGE>, <UpdateType.DELETED_BUSINESS_MESSAGES>, <UpdateType.PURCHASED_PAID_MEDIA>]}`
2026-01-10 18:25:48,654 - httpcore.http11 - DEBUG - send_request_headers.started request=<Request [b'POST']>
2026-01-10 18:25:48,654 - httpcore.http11 - DEBUG - send_request_headers.complete
2026-01-10 18:25:48,655 - httpcore.http11 - DEBUG - send_request_body.started request=<Request [b'POST']>
2026-01-10 18:25:48,655 - httpcore.http11 - DEBUG - send_request_body.complete
2026-01-10 18:25:48,655 - httpcore.http11 - DEBUG - receive_response_headers.started request=<Request [b'POST']>
2026-01-10 18:25:53,833 - pymongo.topology - DEBUG - {"message": "Server heartbeat succeeded", "topologyId": {"$oid": "6962785d3127086e3f0188e5"}, "driverConnectionId": 1, "serverConnectionId": 221, "serverHost": "localhost", "serverPort": 27017, "awaited": true, "durationMS": 10147.275917232037, "reply": "{\"isWritablePrimary\": true, \"topologyVersion\": {\"processId\": {\"$oid\": \"695c03b553e27f5a444409fe\"}}, \"maxBsonObjectSize\": 16777216, \"maxMessageSizeBytes\": 48000000, \"maxWriteBatchSize\": 100000, \"localTime\": {\"$date\": \"2026-01-10T16:25:53.833Z\"}, \"logicalSessionTimeoutMinutes\": 30, \"connectionId\": 221, \"maxWireVersion\": 27, \"ok\": 1.0}"}
2026-01-10 18:25:53,835 - pymongo.topology - DEBUG - {"message": "Server heartbeat started", "topologyId": {"$oid": "6962785d3127086e3f0188e5"}, "driverConnectionId": 1, "serverConnectionId": 221, "serverHost": "localhost", "serverPort": 27017, "awaited": true}
2026-01-10 18:25:58,788 - httpcore.http11 - DEBUG - receive_response_headers.complete return_value=(b'HTTP/1.1', 200, b'OK', [(b'Server', b'nginx/1.18.0'), (b'Date', b'Sat, 10 Jan 2026 16:25:58 GMT'), (b'Content-Type', b'application/json'), (b'Content-Length', b'23'), (b'Connection', b'keep-alive'), (b'Strict-Transport-Security', b'max-age=31536000; includeSubDomains; preload'), (b'Access-Control-Allow-Origin', b'*'), (b'Access-Control-Allow-Methods', b'GET, POST, OPTIONS'), (b'Access-Control-Expose-Headers', b'Content-Length,Content-Type,Date,Server,Connection')])
2026-01-10 18:25:58,789 - httpx - INFO - HTTP Request: POST https://api.telegram.org/bot8490932438:AAFVy70Urq5Cj0h7gUKJbECBv3z9-apYZtM/getUpdates "HTTP/1.1 200 OK"
2026-01-10 18:25:58,789 - httpcore.http11 - DEBUG - receive_response_body.started request=<Request [b'POST']>
2026-01-10 18:25:58,789 - httpcore.http11 - DEBUG - receive_response_body.complete
2026-01-10 18:25:58,789 - httpcore.http11 - DEBUG - response_closed.started
2026-01-10 18:25:58,789 - httpcore.http11 - DEBUG - response_closed.complete
2026-01-10 18:25:58,790 - telegram.ext.ExtBot - DEBUG - Call to Bot API endpoint `getUpdates` finished with return value `[]`
2026-01-10 18:25:58,790 - telegram.ext.ExtBot - DEBUG - No new updates found.
2026-01-10 18:25:58,790 - telegram.ext.ExtBot - DEBUG - Calling Bot API endpoint `getUpdates` with parameters `{'timeout': datetime.timedelta(seconds=10), 'offset': 328648466, 'allowed_updates': [<UpdateType.MESSAGE>, <UpdateType.EDITED_MESSAGE>, <UpdateType.CHANNEL_POST>, <UpdateType.EDITED_CHANNEL_POST>, <UpdateType.INLINE_QUERY>, <UpdateType.CHOSEN_INLINE_RESULT>, <UpdateType.CALLBACK_QUERY>, <UpdateType.SHIPPING_QUERY>, <UpdateType.PRE_CHECKOUT_QUERY>, <UpdateType.POLL>, <UpdateType.POLL_ANSWER>, <UpdateType.MY_CHAT_MEMBER>, <UpdateType.CHAT_MEMBER>, <UpdateType.CHAT_JOIN_REQUEST>, <UpdateType.CHAT_BOOST>, <UpdateType.REMOVED_CHAT_BOOST>, <UpdateType.MESSAGE_REACTION>, <UpdateType.MESSAGE_REACTION_COUNT>, <UpdateType.BUSINESS_CONNECTION>, <UpdateType.BUSINESS_MESSAGE>, <UpdateType.EDITED_BUSINESS_MESSAGE>, <UpdateType.DELETED_BUSINESS_MESSAGES>, <UpdateType.PURCHASED_PAID_MEDIA>]}`
2026-01-10 18:25:58,791 - httpcore.http11 - DEBUG - send_request_headers.started request=<Request [b'POST']>
2026-01-10 18:25:58,792 - httpcore.http11 - DEBUG - send_request_headers.complete
2026-01-10 18:25:58,792 - httpcore.http11 - DEBUG - send_request_body.started request=<Request [b'POST']>
2026-01-10 18:25:58,792 - httpcore.http11 - DEBUG - send_request_body.complete
2026-01-10 18:25:58,792 - httpcore.http11 - DEBUG - receive_response_headers.started request=<Request [b'POST']>
2026-01-10 18:26:03,933 - pymongo.topology - DEBUG - {"message": "Server heartbeat succeeded", "topologyId": {"$oid": "6962785d3127086e3f0188e5"}, "driverConnectionId": 1, "serverConnectionId": 221, "serverHost": "localhost", "serverPort": 27017, "awaited": true, "durationMS": 10097.771749831736, "reply": "{\"isWritablePrimary\": true, \"topologyVersion\": {\"processId\": {\"$oid\": \"695c03b553e27f5a444409fe\"}}, \"maxBsonObjectSize\": 16777216, \"maxMessageSizeBytes\": 48000000, \"maxWriteBatchSize\": 100000, \"localTime\": {\"$date\": \"2026-01-10T16:26:03.932Z\"}, \"logicalSessionTimeoutMinutes\": 30, \"connectionId\": 221, \"maxWireVersion\": 27, \"ok\": 1.0}"}
2026-01-10 18:26:03,933 - pymongo.topology - DEBUG - {"message": "Server heartbeat started", "topologyId": {"$oid": "6962785d3127086e3f0188e5"}, "driverConnectionId": 1, "serverConnectionId": 221, "serverHost": "localhost", "serverPort": 27017, "awaited": true}
2026-01-10 18:26:08,874 - httpcore.http11 - DEBUG - receive_response_headers.complete return_value=(b'HTTP/1.1', 200, b'OK', [(b'Server', b'nginx/1.18.0'), (b'Date', b'Sat, 10 Jan 2026 16:26:08 GMT'), (b'Content-Type', b'application/json'), (b'Content-Length', b'23'), (b'Connection', b'keep-alive'), (b'Strict-Transport-Security', b'max-age=31536000; includeSubDomains; preload'), (b'Access-Control-Allow-Origin', b'*'), (b'Access-Control-Allow-Methods', b'GET, POST, OPTIONS'), (b'Access-Control-Expose-Headers', b'Content-Length,Content-Type,Date,Server,Connection')])
2026-01-10 18:26:08,874 - httpx - INFO - HTTP Request: POST https://api.telegram.org/bot8490932438:AAFVy70Urq5Cj0h7gUKJbECBv3z9-apYZtM/getUpdates "HTTP/1.1 200 OK"
2026-01-10 18:26:08,874 - httpcore.http11 - DEBUG - receive_response_body.started request=<Request [b'POST']>
2026-01-10 18:26:08,874 - httpcore.http11 - DEBUG - receive_response_body.complete
2026-01-10 18:26:08,874 - httpcore.http11 - DEBUG - response_closed.started
2026-01-10 18:26:08,874 - httpcore.http11 - DEBUG - response_closed.complete
2026-01-10 18:26:08,874 - telegram.ext.ExtBot - DEBUG - Call to Bot API endpoint `getUpdates` finished with return value `[]`
2026-01-10 18:26:08,875 - telegram.ext.ExtBot - DEBUG - No new updates found.
2026-01-10 18:26:08,875 - telegram.ext.ExtBot - DEBUG - Calling Bot API endpoint `getUpdates` with parameters `{'timeout': datetime.timedelta(seconds=10), 'offset': 328648466, 'allowed_updates': [<UpdateType.MESSAGE>, <UpdateType.EDITED_MESSAGE>, <UpdateType.CHANNEL_POST>, <UpdateType.EDITED_CHANNEL_POST>, <UpdateType.INLINE_QUERY>, <UpdateType.CHOSEN_INLINE_RESULT>, <UpdateType.CALLBACK_QUERY>, <UpdateType.SHIPPING_QUERY>, <UpdateType.PRE_CHECKOUT_QUERY>, <UpdateType.POLL>, <UpdateType.POLL_ANSWER>, <UpdateType.MY_CHAT_MEMBER>, <UpdateType.CHAT_MEMBER>, <UpdateType.CHAT_JOIN_REQUEST>, <UpdateType.CHAT_BOOST>, <UpdateType.REMOVED_CHAT_BOOST>, <UpdateType.MESSAGE_REACTION>, <UpdateType.MESSAGE_REACTION_COUNT>, <UpdateType.BUSINESS_CONNECTION>, <UpdateType.BUSINESS_MESSAGE>, <UpdateType.EDITED_BUSINESS_MESSAGE>, <UpdateType.DELETED_BUSINESS_MESSAGES>, <UpdateType.PURCHASED_PAID_MEDIA>]}`
2026-01-10 18:26:08,875 - httpcore.http11 - DEBUG - send_request_headers.started request=<Request [b'POST']>
2026-01-10 18:26:08,876 - httpcore.http11 - DEBUG - send_request_headers.complete
2026-01-10 18:26:08,876 - httpcore.http11 - DEBUG - send_request_body.started request=<Request [b'POST']>
2026-01-10 18:26:08,876 - httpcore.http11 - DEBUG - send_request_body.complete
2026-01-10 18:26:08,876 - httpcore.http11 - DEBUG - receive_response_headers.started request=<Request [b'POST']>
2026-01-10 18:26:14,072 - pymongo.topology - DEBUG - {"message": "Server heartbeat succeeded", "topologyId": {"$oid": "6962785d3127086e3f0188e5"}, "driverConnectionId": 1, "serverConnectionId": 221, "serverHost": "localhost", "serverPort": 27017, "awaited": true, "durationMS": 10138.94429197535, "reply": "{\"isWritablePrimary\": true, \"topologyVersion\": {\"processId\": {\"$oid\": \"695c03b553e27f5a444409fe\"}}, \"maxBsonObjectSize\": 16777216, \"maxMessageSizeBytes\": 48000000, \"maxWriteBatchSize\": 100000, \"localTime\": {\"$date\": \"2026-01-10T16:26:14.072Z\"}, \"logicalSessionTimeoutMinutes\": 30, \"connectionId\": 221, \"maxWireVersion\": 27, \"ok\": 1.0}"}
2026-01-10 18:26:14,073 - pymongo.topology - DEBUG - {"message": "Server heartbeat started", "topologyId": {"$oid": "6962785d3127086e3f0188e5"}, "driverConnectionId": 1, "serverConnectionId": 221, "serverHost": "localhost", "serverPort": 27017, "awaited": true}
2026-01-10 18:26:18,989 - httpcore.http11 - DEBUG - receive_response_headers.complete return_value=(b'HTTP/1.1', 200, b'OK', [(b'Server', b'nginx/1.18.0'), (b'Date', b'Sat, 10 Jan 2026 16:26:19 GMT'), (b'Content-Type', b'application/json'), (b'Content-Length', b'23'), (b'Connection', b'keep-alive'), (b'Strict-Transport-Security', b'max-age=31536000; includeSubDomains; preload'), (b'Access-Control-Allow-Origin', b'*'), (b'Access-Control-Allow-Methods', b'GET, POST, OPTIONS'), (b'Access-Control-Expose-Headers', b'Content-Length,Content-Type,Date,Server,Connection')])
2026-01-10 18:26:18,990 - httpx - INFO - HTTP Request: POST https://api.telegram.org/bot8490932438:AAFVy70Urq5Cj0h7gUKJbECBv3z9-apYZtM/getUpdates "HTTP/1.1 200 OK"
2026-01-10 18:26:18,990 - httpcore.http11 - DEBUG - receive_response_body.started request=<Request [b'POST']>
2026-01-10 18:26:18,990 - httpcore.http11 - DEBUG - receive_response_body.complete
2026-01-10 18:26:18,990 - httpcore.http11 - DEBUG - response_closed.started
2026-01-10 18:26:18,990 - httpcore.http11 - DEBUG - response_closed.complete
2026-01-10 18:26:18,991 - telegram.ext.ExtBot - DEBUG - Call to Bot API endpoint `getUpdates` finished with return value `[]`
2026-01-10 18:26:18,991 - telegram.ext.ExtBot - DEBUG - No new updates found.
2026-01-10 18:26:18,991 - telegram.ext.ExtBot - DEBUG - Calling Bot API endpoint `getUpdates` with parameters `{'timeout': datetime.timedelta(seconds=10), 'offset': 328648466, 'allowed_updates': [<UpdateType.MESSAGE>, <UpdateType.EDITED_MESSAGE>, <UpdateType.CHANNEL_POST>, <UpdateType.EDITED_CHANNEL_POST>, <UpdateType.INLINE_QUERY>, <UpdateType.CHOSEN_INLINE_RESULT>, <UpdateType.CALLBACK_QUERY>, <UpdateType.SHIPPING_QUERY>, <UpdateType.PRE_CHECKOUT_QUERY>, <UpdateType.POLL>, <UpdateType.POLL_ANSWER>, <UpdateType.MY_CHAT_MEMBER>, <UpdateType.CHAT_MEMBER>, <UpdateType.CHAT_JOIN_REQUEST>, <UpdateType.CHAT_BOOST>, <UpdateType.REMOVED_CHAT_BOOST>, <UpdateType.MESSAGE_REACTION>, <UpdateType.MESSAGE_REACTION_COUNT>, <UpdateType.BUSINESS_CONNECTION>, <UpdateType.BUSINESS_MESSAGE>, <UpdateType.EDITED_BUSINESS_MESSAGE>, <UpdateType.DELETED_BUSINESS_MESSAGES>, <UpdateType.PURCHASED_PAID_MEDIA>]}`
2026-01-10 18:26:18,992 - httpcore.http11 - DEBUG - send_request_headers.started request=<Request [b'POST']>
2026-01-10 18:26:18,993 - httpcore.http11 - DEBUG - send_request_headers.complete
2026-01-10 18:26:18,993 - httpcore.http11 - DEBUG - send_request_body.started request=<Request [b'POST']>
2026-01-10 18:26:18,993 - httpcore.http11 - DEBUG - send_request_body.complete
2026-01-10 18:26:18,993 - httpcore.http11 - DEBUG - receive_response_headers.started request=<Request [b'POST']>
2026-01-10 18:26:24,219 - pymongo.topology - DEBUG - {"message": "Server heartbeat succeeded", "topologyId": {"$oid": "6962785d3127086e3f0188e5"}, "driverConnectionId": 1, "serverConnectionId": 221, "serverHost": "localhost", "serverPort": 27017, "awaited": true, "durationMS": 10145.104750059545, "reply": "{\"isWritablePrimary\": true, \"topologyVersion\": {\"processId\": {\"$oid\": \"695c03b553e27f5a444409fe\"}}, \"maxBsonObjectSize\": 16777216, \"maxMessageSizeBytes\": 48000000, \"maxWriteBatchSize\": 100000, \"localTime\": {\"$date\": \"2026-01-10T16:26:24.218Z\"}, \"logicalSessionTimeoutMinutes\": 30, \"connectionId\": 221, \"maxWireVersion\": 27, \"ok\": 1.0}"}
2026-01-10 18:26:24,219 - pymongo.topology - DEBUG - {"message": "Server heartbeat started", "topologyId": {"$oid": "6962785d3127086e3f0188e5"}, "driverConnectionId": 1, "serverConnectionId": 221, "serverHost": "localhost", "serverPort": 27017, "awaited": true}
2026-01-10 18:26:29,101 - httpcore.http11 - DEBUG - receive_response_headers.complete return_value=(b'HTTP/1.1', 200, b'OK', [(b'Server', b'nginx/1.18.0'), (b'Date', b'Sat, 10 Jan 2026 16:26:29 GMT'), (b'Content-Type', b'application/json'), (b'Content-Length', b'23'), (b'Connection', b'keep-alive'), (b'Strict-Transport-Security', b'max-age=31536000; includeSubDomains; preload'), (b'Access-Control-Allow-Origin', b'*'), (b'Access-Control-Allow-Methods', b'GET, POST, OPTIONS'), (b'Access-Control-Expose-Headers', b'Content-Length,Content-Type,Date,Server,Connection')])
2026-01-10 18:26:29,101 - httpx - INFO - HTTP Request: POST https://api.telegram.org/bot8490932438:AAFVy70Urq5Cj0h7gUKJbECBv3z9-apYZtM/getUpdates "HTTP/1.1 200 OK"
2026-01-10 18:26:29,101 - httpcore.http11 - DEBUG - receive_response_body.started request=<Request [b'POST']>
2026-01-10 18:26:29,101 - httpcore.http11 - DEBUG - receive_response_body.complete
2026-01-10 18:26:29,102 - httpcore.http11 - DEBUG - response_closed.started
2026-01-10 18:26:29,102 - httpcore.http11 - DEBUG - response_closed.complete
2026-01-10 18:26:29,102 - telegram.ext.ExtBot - DEBUG - Call to Bot API endpoint `getUpdates` finished with return value `[]`
2026-01-10 18:26:29,102 - telegram.ext.ExtBot - DEBUG - No new updates found.
2026-01-10 18:26:29,103 - telegram.ext.ExtBot - DEBUG - Calling Bot API endpoint `getUpdates` with parameters `{'timeout': datetime.timedelta(seconds=10), 'offset': 328648466, 'allowed_updates': [<UpdateType.MESSAGE>, <UpdateType.EDITED_MESSAGE>, <UpdateType.CHANNEL_POST>, <UpdateType.EDITED_CHANNEL_POST>, <UpdateType.INLINE_QUERY>, <UpdateType.CHOSEN_INLINE_RESULT>, <UpdateType.CALLBACK_QUERY>, <UpdateType.SHIPPING_QUERY>, <UpdateType.PRE_CHECKOUT_QUERY>, <UpdateType.POLL>, <UpdateType.POLL_ANSWER>, <UpdateType.MY_CHAT_MEMBER>, <UpdateType.CHAT_MEMBER>, <UpdateType.CHAT_JOIN_REQUEST>, <UpdateType.CHAT_BOOST>, <UpdateType.REMOVED_CHAT_BOOST>, <UpdateType.MESSAGE_REACTION>, <UpdateType.MESSAGE_REACTION_COUNT>, <UpdateType.BUSINESS_CONNECTION>, <UpdateType.BUSINESS_MESSAGE>, <UpdateType.EDITED_BUSINESS_MESSAGE>, <UpdateType.DELETED_BUSINESS_MESSAGES>, <UpdateType.PURCHASED_PAID_MEDIA>]}`
2026-01-10 18:26:29,104 - httpcore.http11 - DEBUG - send_request_headers.started request=<Request [b'POST']>
2026-01-10 18:26:29,104 - httpcore.http11 - DEBUG - send_request_headers.complete
2026-01-10 18:26:29,104 - httpcore.http11 - DEBUG - send_request_body.started request=<Request [b'POST']>
2026-01-10 18:26:29,105 - httpcore.http11 - DEBUG - send_request_body.complete
2026-01-10 18:26:29,105 - httpcore.http11 - DEBUG - receive_response_headers.started request=<Request [b'POST']>
2026-01-10 18:26:34,339 - pymongo.topology - DEBUG - {"message": "Server heartbeat succeeded", "topologyId": {"$oid": "6962785d3127086e3f0188e5"}, "driverConnectionId": 1, "serverConnectionId": 221, "serverHost": "localhost", "serverPort": 27017, "awaited": true, "durationMS": 10119.336874689907, "reply": "{\"isWritablePrimary\": true, \"topologyVersion\": {\"processId\": {\"$oid\": \"695c03b553e27f5a444409fe\"}}, \"maxBsonObjectSize\": 16777216, \"maxMessageSizeBytes\": 48000000, \"maxWriteBatchSize\": 100000, \"localTime\": {\"$date\": \"2026-01-10T16:26:34.338Z\"}, \"logicalSessionTimeoutMinutes\": 30, \"connectionId\": 221, \"maxWireVersion\": 27, \"ok\": 1.0}"}
2026-01-10 18:26:34,340 - pymongo.topology - DEBUG - {"message": "Server heartbeat started", "topologyId": {"$oid": "6962785d3127086e3f0188e5"}, "driverConnectionId": 1, "serverConnectionId": 221, "serverHost": "localhost", "serverPort": 27017, "awaited": true}
2026-01-10 18:26:39,236 - httpcore.http11 - DEBUG - receive_response_headers.complete return_value=(b'HTTP/1.1', 200, b'OK', [(b'Server', b'nginx/1.18.0'), (b'Date', b'Sat, 10 Jan 2026 16:26:39 GMT'), (b'Content-Type', b'application/json'), (b'Content-Length', b'23'), (b'Connection', b'keep-alive'), (b'Strict-Transport-Security', b'max-age=31536000; includeSubDomains; preload'), (b'Access-Control-Allow-Origin', b'*'), (b'Access-Control-Allow-Methods', b'GET, POST, OPTIONS'), (b'Access-Control-Expose-Headers', b'Content-Length,Content-Type,Date,Server,Connection')])
2026-01-10 18:26:39,237 - httpx - INFO - HTTP Request: POST https://api.telegram.org/bot8490932438:AAFVy70Urq5Cj0h7gUKJbECBv3z9-apYZtM/getUpdates "HTTP/1.1 200 OK"
2026-01-10 18:26:39,238 - httpcore.http11 - DEBUG - receive_response_body.started request=<Request [b'POST']>
2026-01-10 18:26:39,238 - httpcore.http11 - DEBUG - receive_response_body.complete
2026-01-10 18:26:39,238 - httpcore.http11 - DEBUG - response_closed.started
2026-01-10 18:26:39,238 - httpcore.http11 - DEBUG - response_closed.complete
2026-01-10 18:26:39,239 - telegram.ext.ExtBot - DEBUG - Call to Bot API endpoint `getUpdates` finished with return value `[]`
2026-01-10 18:26:39,239 - telegram.ext.ExtBot - DEBUG - No new updates found.
2026-01-10 18:26:39,239 - telegram.ext.ExtBot - DEBUG - Calling Bot API endpoint `getUpdates` with parameters `{'timeout': datetime.timedelta(seconds=10), 'offset': 328648466, 'allowed_updates': [<UpdateType.MESSAGE>, <UpdateType.EDITED_MESSAGE>, <UpdateType.CHANNEL_POST>, <UpdateType.EDITED_CHANNEL_POST>, <UpdateType.INLINE_QUERY>, <UpdateType.CHOSEN_INLINE_RESULT>, <UpdateType.CALLBACK_QUERY>, <UpdateType.SHIPPING_QUERY>, <UpdateType.PRE_CHECKOUT_QUERY>, <UpdateType.POLL>, <UpdateType.POLL_ANSWER>, <UpdateType.MY_CHAT_MEMBER>, <UpdateType.CHAT_MEMBER>, <UpdateType.CHAT_JOIN_REQUEST>, <UpdateType.CHAT_BOOST>, <UpdateType.REMOVED_CHAT_BOOST>, <UpdateType.MESSAGE_REACTION>, <UpdateType.MESSAGE_REACTION_COUNT>, <UpdateType.BUSINESS_CONNECTION>, <UpdateType.BUSINESS_MESSAGE>, <UpdateType.EDITED_BUSINESS_MESSAGE>, <UpdateType.DELETED_BUSINESS_MESSAGES>, <UpdateType.PURCHASED_PAID_MEDIA>]}`
2026-01-10 18:26:39,240 - httpcore.http11 - DEBUG - send_request_headers.started request=<Request [b'POST']>
2026-01-10 18:26:39,240 - httpcore.http11 - DEBUG - send_request_headers.complete
2026-01-10 18:26:39,240 - httpcore.http11 - DEBUG - send_request_body.started request=<Request [b'POST']>
2026-01-10 18:26:39,241 - httpcore.http11 - DEBUG - send_request_body.complete
2026-01-10 18:26:39,241 - httpcore.http11 - DEBUG - receive_response_headers.started request=<Request [b'POST']>
2026-01-10 18:26:44,487 - pymongo.topology - DEBUG - {"message": "Server heartbeat succeeded", "topologyId": {"$oid": "6962785d3127086e3f0188e5"}, "driverConnectionId": 1, "serverConnectionId": 221, "serverHost": "localhost", "serverPort": 27017, "awaited": true, "durationMS": 10146.061291918159, "reply": "{\"isWritablePrimary\": true, \"topologyVersion\": {\"processId\": {\"$oid\": \"695c03b553e27f5a444409fe\"}}, \"maxBsonObjectSize\": 16777216, \"maxMessageSizeBytes\": 48000000, \"maxWriteBatchSize\": 100000, \"localTime\": {\"$date\": \"2026-01-10T16:26:44.486Z\"}, \"logicalSessionTimeoutMinutes\": 30, \"connectionId\": 221, \"maxWireVersion\": 27, \"ok\": 1.0}"}
2026-01-10 18:26:44,487 - pymongo.topology - DEBUG - {"message": "Server heartbeat started", "topologyId": {"$oid": "6962785d3127086e3f0188e5"}, "driverConnectionId": 1, "serverConnectionId": 221, "serverHost": "localhost", "serverPort": 27017, "awaited": true}
2026-01-10 18:26:49,322 - httpcore.http11 - DEBUG - receive_response_headers.complete return_value=(b'HTTP/1.1', 200, b'OK', [(b'Server', b'nginx/1.18.0'), (b'Date', b'Sat, 10 Jan 2026 16:26:49 GMT'), (b'Content-Type', b'application/json'), (b'Content-Length', b'23'), (b'Connection', b'keep-alive'), (b'Strict-Transport-Security', b'max-age=31536000; includeSubDomains; preload'), (b'Access-Control-Allow-Origin', b'*'), (b'Access-Control-Allow-Methods', b'GET, POST, OPTIONS'), (b'Access-Control-Expose-Headers', b'Content-Length,Content-Type,Date,Server,Connection')])
2026-01-10 18:26:49,322 - httpx - INFO - HTTP Request: POST https://api.telegram.org/bot8490932438:AAFVy70Urq5Cj0h7gUKJbECBv3z9-apYZtM/getUpdates "HTTP/1.1 200 OK"
2026-01-10 18:26:49,323 - httpcore.http11 - DEBUG - receive_response_body.started request=<Request [b'POST']>
2026-01-10 18:26:49,323 - httpcore.http11 - DEBUG - receive_response_body.complete
2026-01-10 18:26:49,323 - httpcore.http11 - DEBUG - response_closed.started
2026-01-10 18:26:49,323 - httpcore.http11 - DEBUG - response_closed.complete
2026-01-10 18:26:49,323 - telegram.ext.ExtBot - DEBUG - Call to Bot API endpoint `getUpdates` finished with return value `[]`
2026-01-10 18:26:49,323 - telegram.ext.ExtBot - DEBUG - No new updates found.
2026-01-10 18:26:49,324 - telegram.ext.ExtBot - DEBUG - Calling Bot API endpoint `getUpdates` with parameters `{'timeout': datetime.timedelta(seconds=10), 'offset': 328648466, 'allowed_updates': [<UpdateType.MESSAGE>, <UpdateType.EDITED_MESSAGE>, <UpdateType.CHANNEL_POST>, <UpdateType.EDITED_CHANNEL_POST>, <UpdateType.INLINE_QUERY>, <UpdateType.CHOSEN_INLINE_RESULT>, <UpdateType.CALLBACK_QUERY>, <UpdateType.SHIPPING_QUERY>, <UpdateType.PRE_CHECKOUT_QUERY>, <UpdateType.POLL>, <UpdateType.POLL_ANSWER>, <UpdateType.MY_CHAT_MEMBER>, <UpdateType.CHAT_MEMBER>, <UpdateType.CHAT_JOIN_REQUEST>, <UpdateType.CHAT_BOOST>, <UpdateType.REMOVED_CHAT_BOOST>, <UpdateType.MESSAGE_REACTION>, <UpdateType.MESSAGE_REACTION_COUNT>, <UpdateType.BUSINESS_CONNECTION>, <UpdateType.BUSINESS_MESSAGE>, <UpdateType.EDITED_BUSINESS_MESSAGE>, <UpdateType.DELETED_BUSINESS_MESSAGES>, <UpdateType.PURCHASED_PAID_MEDIA>]}`
2026-01-10 18:26:49,325 - httpcore.http11 - DEBUG - send_request_headers.started request=<Request [b'POST']>
2026-01-10 18:26:49,325 - httpcore.http11 - DEBUG - send_request_headers.complete
2026-01-10 18:26:49,325 - httpcore.http11 - DEBUG - send_request_body.started request=<Request [b'POST']>
2026-01-10 18:26:49,326 - httpcore.http11 - DEBUG - send_request_body.complete
2026-01-10 18:26:49,326 - httpcore.http11 - DEBUG - receive_response_headers.started request=<Request [b'POST']>
2026-01-10 18:26:54,588 - pymongo.topology - DEBUG - {"message": "Server heartbeat succeeded", "topologyId": {"$oid": "6962785d3127086e3f0188e5"}, "driverConnectionId": 1, "serverConnectionId": 221, "serverHost": "localhost", "serverPort": 27017, "awaited": true, "durationMS": 10100.169165991247, "reply": "{\"isWritablePrimary\": true, \"topologyVersion\": {\"processId\": {\"$oid\": \"695c03b553e27f5a444409fe\"}}, \"maxBsonObjectSize\": 16777216, \"maxMessageSizeBytes\": 48000000, \"maxWriteBatchSize\": 100000, \"localTime\": {\"$date\": \"2026-01-10T16:26:54.587Z\"}, \"logicalSessionTimeoutMinutes\": 30, \"connectionId\": 221, \"maxWireVersion\": 27, \"ok\": 1.0}"}
2026-01-10 18:26:54,589 - pymongo.topology - DEBUG - {"message": "Server heartbeat started", "topologyId": {"$oid": "6962785d3127086e3f0188e5"}, "driverConnectionId": 1, "serverConnectionId": 221, "serverHost": "localhost", "serverPort": 27017, "awaited": true}
2026-01-10 18:26:59,511 - httpcore.http11 - DEBUG - receive_response_headers.complete return_value=(b'HTTP/1.1', 200, b'OK', [(b'Server', b'nginx/1.18.0'), (b'Date', b'Sat, 10 Jan 2026 16:26:59 GMT'), (b'Content-Type', b'application/json'), (b'Content-Length', b'23'), (b'Connection', b'keep-alive'), (b'Strict-Transport-Security', b'max-age=31536000; includeSubDomains; preload'), (b'Access-Control-Allow-Origin', b'*'), (b'Access-Control-Allow-Methods', b'GET, POST, OPTIONS'), (b'Access-Control-Expose-Headers', b'Content-Length,Content-Type,Date,Server,Connection')])
2026-01-10 18:26:59,512 - httpx - INFO - HTTP Request: POST https://api.telegram.org/bot8490932438:AAFVy70Urq5Cj0h7gUKJbECBv3z9-apYZtM/getUpdates "HTTP/1.1 200 OK"
2026-01-10 18:26:59,512 - httpcore.http11 - DEBUG - receive_response_body.started request=<Request [b'POST']>
2026-01-10 18:26:59,512 - httpcore.http11 - DEBUG - receive_response_body.complete
2026-01-10 18:26:59,512 - httpcore.http11 - DEBUG - response_closed.started
2026-01-10 18:26:59,513 - httpcore.http11 - DEBUG - response_closed.complete
2026-01-10 18:26:59,513 - telegram.ext.ExtBot - DEBUG - Call to Bot API endpoint `getUpdates` finished with return value `[]`
2026-01-10 18:26:59,513 - telegram.ext.ExtBot - DEBUG - No new updates found.
2026-01-10 18:26:59,513 - telegram.ext.ExtBot - DEBUG - Calling Bot API endpoint `getUpdates` with parameters `{'timeout': datetime.timedelta(seconds=10), 'offset': 328648466, 'allowed_updates': [<UpdateType.MESSAGE>, <UpdateType.EDITED_MESSAGE>, <UpdateType.CHANNEL_POST>, <UpdateType.EDITED_CHANNEL_POST>, <UpdateType.INLINE_QUERY>, <UpdateType.CHOSEN_INLINE_RESULT>, <UpdateType.CALLBACK_QUERY>, <UpdateType.SHIPPING_QUERY>, <UpdateType.PRE_CHECKOUT_QUERY>, <UpdateType.POLL>, <UpdateType.POLL_ANSWER>, <UpdateType.MY_CHAT_MEMBER>, <UpdateType.CHAT_MEMBER>, <UpdateType.CHAT_JOIN_REQUEST>, <UpdateType.CHAT_BOOST>, <UpdateType.REMOVED_CHAT_BOOST>, <UpdateType.MESSAGE_REACTION>, <UpdateType.MESSAGE_REACTION_COUNT>, <UpdateType.BUSINESS_CONNECTION>, <UpdateType.BUSINESS_MESSAGE>, <UpdateType.EDITED_BUSINESS_MESSAGE>, <UpdateType.DELETED_BUSINESS_MESSAGES>, <UpdateType.PURCHASED_PAID_MEDIA>]}`
2026-01-10 18:26:59,514 - httpcore.http11 - DEBUG - send_request_headers.started request=<Request [b'POST']>
2026-01-10 18:26:59,515 - httpcore.http11 - DEBUG - send_request_headers.complete
2026-01-10 18:26:59,515 - httpcore.http11 - DEBUG - send_request_body.started request=<Request [b'POST']>
2026-01-10 18:26:59,515 - httpcore.http11 - DEBUG - send_request_body.complete
2026-01-10 18:26:59,515 - httpcore.http11 - DEBUG - receive_response_headers.started request=<Request [b'POST']>
2026-01-10 18:27:04,717 - pymongo.topology - DEBUG - {"message": "Server heartbeat succeeded", "topologyId": {"$oid": "6962785d3127086e3f0188e5"}, "driverConnectionId": 1, "serverConnectionId": 221, "serverHost": "localhost", "serverPort": 27017, "awaited": true, "durationMS": 10127.90145818144, "reply": "{\"isWritablePrimary\": true, \"topologyVersion\": {\"processId\": {\"$oid\": \"695c03b553e27f5a444409fe\"}}, \"maxBsonObjectSize\": 16777216, \"maxMessageSizeBytes\": 48000000, \"maxWriteBatchSize\": 100000, \"localTime\": {\"$date\": \"2026-01-10T16:27:04.716Z\"}, \"logicalSessionTimeoutMinutes\": 30, \"connectionId\": 221, \"maxWireVersion\": 27, \"ok\": 1.0}"}
2026-01-10 18:27:04,717 - pymongo.topology - DEBUG - {"message": "Server heartbeat started", "topologyId": {"$oid": "6962785d3127086e3f0188e5"}, "driverConnectionId": 1, "serverConnectionId": 221, "serverHost": "localhost", "serverPort": 27017, "awaited": true}
2026-01-10 18:27:09,649 - httpcore.http11 - DEBUG - receive_response_headers.complete return_value=(b'HTTP/1.1', 200, b'OK', [(b'Server', b'nginx/1.18.0'), (b'Date', b'Sat, 10 Jan 2026 16:27:09 GMT'), (b'Content-Type', b'application/json'), (b'Content-Length', b'23'), (b'Connection', b'keep-alive'), (b'Strict-Transport-Security', b'max-age=31536000; includeSubDomains; preload'), (b'Access-Control-Allow-Origin', b'*'), (b'Access-Control-Allow-Methods', b'GET, POST, OPTIONS'), (b'Access-Control-Expose-Headers', b'Content-Length,Content-Type,Date,Server,Connection')])
2026-01-10 18:27:09,649 - httpx - INFO - HTTP Request: POST https://api.telegram.org/bot8490932438:AAFVy70Urq5Cj0h7gUKJbECBv3z9-apYZtM/getUpdates "HTTP/1.1 200 OK"
2026-01-10 18:27:09,650 - httpcore.http11 - DEBUG - receive_response_body.started request=<Request [b'POST']>
2026-01-10 18:27:09,650 - httpcore.http11 - DEBUG - receive_response_body.complete
2026-01-10 18:27:09,650 - httpcore.http11 - DEBUG - response_closed.started
2026-01-10 18:27:09,650 - httpcore.http11 - DEBUG - response_closed.complete
2026-01-10 18:27:09,650 - telegram.ext.ExtBot - DEBUG - Call to Bot API endpoint `getUpdates` finished with return value `[]`
2026-01-10 18:27:09,651 - telegram.ext.ExtBot - DEBUG - No new updates found.
2026-01-10 18:27:09,651 - telegram.ext.ExtBot - DEBUG - Calling Bot API endpoint `getUpdates` with parameters `{'timeout': datetime.timedelta(seconds=10), 'offset': 328648466, 'allowed_updates': [<UpdateType.MESSAGE>, <UpdateType.EDITED_MESSAGE>, <UpdateType.CHANNEL_POST>, <UpdateType.EDITED_CHANNEL_POST>, <UpdateType.INLINE_QUERY>, <UpdateType.CHOSEN_INLINE_RESULT>, <UpdateType.CALLBACK_QUERY>, <UpdateType.SHIPPING_QUERY>, <UpdateType.PRE_CHECKOUT_QUERY>, <UpdateType.POLL>, <UpdateType.POLL_ANSWER>, <UpdateType.MY_CHAT_MEMBER>, <UpdateType.CHAT_MEMBER>, <UpdateType.CHAT_JOIN_REQUEST>, <UpdateType.CHAT_BOOST>, <UpdateType.REMOVED_CHAT_BOOST>, <UpdateType.MESSAGE_REACTION>, <UpdateType.MESSAGE_REACTION_COUNT>, <UpdateType.BUSINESS_CONNECTION>, <UpdateType.BUSINESS_MESSAGE>, <UpdateType.EDITED_BUSINESS_MESSAGE>, <UpdateType.DELETED_BUSINESS_MESSAGES>, <UpdateType.PURCHASED_PAID_MEDIA>]}`
2026-01-10 18:27:09,652 - httpcore.http11 - DEBUG - send_request_headers.started request=<Request [b'POST']>
2026-01-10 18:27:09,652 - httpcore.http11 - DEBUG - send_request_headers.complete
2026-01-10 18:27:09,652 - httpcore.http11 - DEBUG - send_request_body.started request=<Request [b'POST']>
2026-01-10 18:27:09,652 - httpcore.http11 - DEBUG - send_request_body.complete
2026-01-10 18:27:09,652 - httpcore.http11 - DEBUG - receive_response_headers.started request=<Request [b'POST']>
2026-01-10 18:27:14,850 - pymongo.topology - DEBUG - {"message": "Server heartbeat succeeded", "topologyId": {"$oid": "6962785d3127086e3f0188e5"}, "driverConnectionId": 1, "serverConnectionId": 221, "serverHost": "localhost", "serverPort": 27017, "awaited": true, "durationMS": 10132.889708969742, "reply": "{\"isWritablePrimary\": true, \"topologyVersion\": {\"processId\": {\"$oid\": \"695c03b553e27f5a444409fe\"}}, \"maxBsonObjectSize\": 16777216, \"maxMessageSizeBytes\": 48000000, \"maxWriteBatchSize\": 100000, \"localTime\": {\"$date\": \"2026-01-10T16:27:14.850Z\"}, \"logicalSessionTimeoutMinutes\": 30, \"connectionId\": 221, \"maxWireVersion\": 27, \"ok\": 1.0}"}
2026-01-10 18:27:14,851 - pymongo.topology - DEBUG - {"message": "Server heartbeat started", "topologyId": {"$oid": "6962785d3127086e3f0188e5"}, "driverConnectionId": 1, "serverConnectionId": 221, "serverHost": "localhost", "serverPort": 27017, "awaited": true}
2026-01-10 18:27:19,747 - httpcore.http11 - DEBUG - receive_response_headers.complete return_value=(b'HTTP/1.1', 200, b'OK', [(b'Server', b'nginx/1.18.0'), (b'Date', b'Sat, 10 Jan 2026 16:27:19 GMT'), (b'Content-Type', b'application/json'), (b'Content-Length', b'23'), (b'Connection', b'keep-alive'), (b'Strict-Transport-Security', b'max-age=31536000; includeSubDomains; preload'), (b'Access-Control-Allow-Origin', b'*'), (b'Access-Control-Allow-Methods', b'GET, POST, OPTIONS'), (b'Access-Control-Expose-Headers', b'Content-Length,Content-Type,Date,Server,Connection')])
2026-01-10 18:27:19,747 - httpx - INFO - HTTP Request: POST https://api.telegram.org/bot8490932438:AAFVy70Urq5Cj0h7gUKJbECBv3z9-apYZtM/getUpdates "HTTP/1.1 200 OK"
2026-01-10 18:27:19,748 - httpcore.http11 - DEBUG - receive_response_body.started request=<Request [b'POST']>
2026-01-10 18:27:19,748 - httpcore.http11 - DEBUG - receive_response_body.complete
2026-01-10 18:27:19,748 - httpcore.http11 - DEBUG - response_closed.started
2026-01-10 18:27:19,748 - httpcore.http11 - DEBUG - response_closed.complete
2026-01-10 18:27:19,748 - telegram.ext.ExtBot - DEBUG - Call to Bot API endpoint `getUpdates` finished with return value `[]`
2026-01-10 18:27:19,749 - telegram.ext.ExtBot - DEBUG - No new updates found.
2026-01-10 18:27:19,749 - telegram.ext.ExtBot - DEBUG - Calling Bot API endpoint `getUpdates` with parameters `{'timeout': datetime.timedelta(seconds=10), 'offset': 328648466, 'allowed_updates': [<UpdateType.MESSAGE>, <UpdateType.EDITED_MESSAGE>, <UpdateType.CHANNEL_POST>, <UpdateType.EDITED_CHANNEL_POST>, <UpdateType.INLINE_QUERY>, <UpdateType.CHOSEN_INLINE_RESULT>, <UpdateType.CALLBACK_QUERY>, <UpdateType.SHIPPING_QUERY>, <UpdateType.PRE_CHECKOUT_QUERY>, <UpdateType.POLL>, <UpdateType.POLL_ANSWER>, <UpdateType.MY_CHAT_MEMBER>, <UpdateType.CHAT_MEMBER>, <UpdateType.CHAT_JOIN_REQUEST>, <UpdateType.CHAT_BOOST>, <UpdateType.REMOVED_CHAT_BOOST>, <UpdateType.MESSAGE_REACTION>, <UpdateType.MESSAGE_REACTION_COUNT>, <UpdateType.BUSINESS_CONNECTION>, <UpdateType.BUSINESS_MESSAGE>, <UpdateType.EDITED_BUSINESS_MESSAGE>, <UpdateType.DELETED_BUSINESS_MESSAGES>, <UpdateType.PURCHASED_PAID_MEDIA>]}`
2026-01-10 18:27:19,750 - httpcore.http11 - DEBUG - send_request_headers.started request=<Request [b'POST']>
2026-01-10 18:27:19,750 - httpcore.http11 - DEBUG - send_request_headers.complete
2026-01-10 18:27:19,750 - httpcore.http11 - DEBUG - send_request_body.started request=<Request [b'POST']>
2026-01-10 18:27:19,750 - httpcore.http11 - DEBUG - send_request_body.complete
2026-01-10 18:27:19,751 - httpcore.http11 - DEBUG - receive_response_headers.started request=<Request [b'POST']>
2026-01-10 18:27:24,957 - pymongo.topology - DEBUG - {"message": "Server heartbeat succeeded", "topologyId": {"$oid": "6962785d3127086e3f0188e5"}, "driverConnectionId": 1, "serverConnectionId": 221, "serverHost": "localhost", "serverPort": 27017, "awaited": true, "durationMS": 10105.718249920756, "reply": "{\"isWritablePrimary\": true, \"topologyVersion\": {\"processId\": {\"$oid\": \"695c03b553e27f5a444409fe\"}}, \"maxBsonObjectSize\": 16777216, \"maxMessageSizeBytes\": 48000000, \"maxWriteBatchSize\": 100000, \"localTime\": {\"$date\": \"2026-01-10T16:27:24.957Z\"}, \"logicalSessionTimeoutMinutes\": 30, \"connectionId\": 221, \"maxWireVersion\": 27, \"ok\": 1.0}"}
2026-01-10 18:27:24,958 - pymongo.topology - DEBUG - {"message": "Server heartbeat started", "topologyId": {"$oid": "6962785d3127086e3f0188e5"}, "driverConnectionId": 1, "serverConnectionId": 221, "serverHost": "localhost", "serverPort": 27017, "awaited": true}
2026-01-10 18:27:29,923 - httpcore.http11 - DEBUG - receive_response_headers.complete return_value=(b'HTTP/1.1', 200, b'OK', [(b'Server', b'nginx/1.18.0'), (b'Date', b'Sat, 10 Jan 2026 16:27:29 GMT'), (b'Content-Type', b'application/json'), (b'Content-Length', b'23'), (b'Connection', b'keep-alive'), (b'Strict-Transport-Security', b'max-age=31536000; includeSubDomains; preload'), (b'Access-Control-Allow-Origin', b'*'), (b'Access-Control-Allow-Methods', b'GET, POST, OPTIONS'), (b'Access-Control-Expose-Headers', b'Content-Length,Content-Type,Date,Server,Connection')])
2026-01-10 18:27:29,924 - httpx - INFO - HTTP Request: POST https://api.telegram.org/bot8490932438:AAFVy70Urq5Cj0h7gUKJbECBv3z9-apYZtM/getUpdates "HTTP/1.1 200 OK"
2026-01-10 18:27:29,924 - httpcore.http11 - DEBUG - receive_response_body.started request=<Request [b'POST']>
2026-01-10 18:27:29,924 - httpcore.http11 - DEBUG - receive_response_body.complete
2026-01-10 18:27:29,924 - httpcore.http11 - DEBUG - response_closed.started
2026-01-10 18:27:29,924 - httpcore.http11 - DEBUG - response_closed.complete
2026-01-10 18:27:29,924 - telegram.ext.ExtBot - DEBUG - Call to Bot API endpoint `getUpdates` finished with return value `[]`
2026-01-10 18:27:29,925 - telegram.ext.ExtBot - DEBUG - No new updates found.
2026-01-10 18:27:29,925 - telegram.ext.ExtBot - DEBUG - Calling Bot API endpoint `getUpdates` with parameters `{'timeout': datetime.timedelta(seconds=10), 'offset': 328648466, 'allowed_updates': [<UpdateType.MESSAGE>, <UpdateType.EDITED_MESSAGE>, <UpdateType.CHANNEL_POST>, <UpdateType.EDITED_CHANNEL_POST>, <UpdateType.INLINE_QUERY>, <UpdateType.CHOSEN_INLINE_RESULT>, <UpdateType.CALLBACK_QUERY>, <UpdateType.SHIPPING_QUERY>, <UpdateType.PRE_CHECKOUT_QUERY>, <UpdateType.POLL>, <UpdateType.POLL_ANSWER>, <UpdateType.MY_CHAT_MEMBER>, <UpdateType.CHAT_MEMBER>, <UpdateType.CHAT_JOIN_REQUEST>, <UpdateType.CHAT_BOOST>, <UpdateType.REMOVED_CHAT_BOOST>, <UpdateType.MESSAGE_REACTION>, <UpdateType.MESSAGE_REACTION_COUNT>, <UpdateType.BUSINESS_CONNECTION>, <UpdateType.BUSINESS_MESSAGE>, <UpdateType.EDITED_BUSINESS_MESSAGE>, <UpdateType.DELETED_BUSINESS_MESSAGES>, <UpdateType.PURCHASED_PAID_MEDIA>]}`
2026-01-10 18:27:29,925 - httpcore.http11 - DEBUG - send_request_headers.started request=<Request [b'POST']>
2026-01-10 18:27:29,926 - httpcore.http11 - DEBUG - send_request_headers.complete
2026-01-10 18:27:29,926 - httpcore.http11 - DEBUG - send_request_body.started request=<Request [b'POST']>
2026-01-10 18:27:29,927 - httpcore.http11 - DEBUG - send_request_body.complete
2026-01-10 18:27:29,927 - httpcore.http11 - DEBUG - receive_response_headers.started request=<Request [b'POST']>
2026-01-10 18:27:35,008 - pymongo.topology - DEBUG - {"message": "Server heartbeat succeeded", "topologyId": {"$oid": "6962785d3127086e3f0188e5"}, "driverConnectionId": 1, "serverConnectionId": 221, "serverHost": "localhost", "serverPort": 27017, "awaited": true, "durationMS": 10049.965292215347, "reply": "{\"isWritablePrimary\": true, \"topologyVersion\": {\"processId\": {\"$oid\": \"695c03b553e27f5a444409fe\"}}, \"maxBsonObjectSize\": 16777216, \"maxMessageSizeBytes\": 48000000, \"maxWriteBatchSize\": 100000, \"localTime\": {\"$date\": \"2026-01-10T16:27:35.007Z\"}, \"logicalSessionTimeoutMinutes\": 30, \"connectionId\": 221, \"maxWireVersion\": 27, \"ok\": 1.0}"}
2026-01-10 18:27:35,009 - pymongo.topology - DEBUG - {"message": "Server heartbeat started", "topologyId": {"$oid": "6962785d3127086e3f0188e5"}, "driverConnectionId": 1, "serverConnectionId": 221, "serverHost": "localhost", "serverPort": 27017, "awaited": true}
2026-01-10 18:27:40,005 - httpcore.http11 - DEBUG - receive_response_headers.complete return_value=(b'HTTP/1.1', 200, b'OK', [(b'Server', b'nginx/1.18.0'), (b'Date', b'Sat, 10 Jan 2026 16:27:40 GMT'), (b'Content-Type', b'application/json'), (b'Content-Length', b'23'), (b'Connection', b'keep-alive'), (b'Strict-Transport-Security', b'max-age=31536000; includeSubDomains; preload'), (b'Access-Control-Allow-Origin', b'*'), (b'Access-Control-Allow-Methods', b'GET, POST, OPTIONS'), (b'Access-Control-Expose-Headers', b'Content-Length,Content-Type,Date,Server,Connection')])
2026-01-10 18:27:40,005 - httpx - INFO - HTTP Request: POST https://api.telegram.org/bot8490932438:AAFVy70Urq5Cj0h7gUKJbECBv3z9-apYZtM/getUpdates "HTTP/1.1 200 OK"
2026-01-10 18:27:40,005 - httpcore.http11 - DEBUG - receive_response_body.started request=<Request [b'POST']>
2026-01-10 18:27:40,006 - httpcore.http11 - DEBUG - receive_response_body.complete
2026-01-10 18:27:40,006 - httpcore.http11 - DEBUG - response_closed.started
2026-01-10 18:27:40,006 - httpcore.http11 - DEBUG - response_closed.complete
2026-01-10 18:27:40,006 - telegram.ext.ExtBot - DEBUG - Call to Bot API endpoint `getUpdates` finished with return value `[]`
2026-01-10 18:27:40,006 - telegram.ext.ExtBot - DEBUG - No new updates found.
2026-01-10 18:27:40,007 - telegram.ext.ExtBot - DEBUG - Calling Bot API endpoint `getUpdates` with parameters `{'timeout': datetime.timedelta(seconds=10), 'offset': 328648466, 'allowed_updates': [<UpdateType.MESSAGE>, <UpdateType.EDITED_MESSAGE>, <UpdateType.CHANNEL_POST>, <UpdateType.EDITED_CHANNEL_POST>, <UpdateType.INLINE_QUERY>, <UpdateType.CHOSEN_INLINE_RESULT>, <UpdateType.CALLBACK_QUERY>, <UpdateType.SHIPPING_QUERY>, <UpdateType.PRE_CHECKOUT_QUERY>, <UpdateType.POLL>, <UpdateType.POLL_ANSWER>, <UpdateType.MY_CHAT_MEMBER>, <UpdateType.CHAT_MEMBER>, <UpdateType.CHAT_JOIN_REQUEST>, <UpdateType.CHAT_BOOST>, <UpdateType.REMOVED_CHAT_BOOST>, <UpdateType.MESSAGE_REACTION>, <UpdateType.MESSAGE_REACTION_COUNT>, <UpdateType.BUSINESS_CONNECTION>, <UpdateType.BUSINESS_MESSAGE>, <UpdateType.EDITED_BUSINESS_MESSAGE>, <UpdateType.DELETED_BUSINESS_MESSAGES>, <UpdateType.PURCHASED_PAID_MEDIA>]}`
2026-01-10 18:27:40,008 - httpcore.http11 - DEBUG - send_request_headers.started request=<Request [b'POST']>
2026-01-10 18:27:40,008 - httpcore.http11 - DEBUG - send_request_headers.complete
2026-01-10 18:27:40,008 - httpcore.http11 - DEBUG - send_request_body.started request=<Request [b'POST']>
2026-01-10 18:27:40,008 - httpcore.http11 - DEBUG - send_request_body.complete
2026-01-10 18:27:40,009 - httpcore.http11 - DEBUG - receive_response_headers.started request=<Request [b'POST']>
2026-01-10 18:27:45,157 - pymongo.topology - DEBUG - {"message": "Server heartbeat succeeded", "topologyId": {"$oid": "6962785d3127086e3f0188e5"}, "driverConnectionId": 1, "serverConnectionId": 221, "serverHost": "localhost", "serverPort": 27017, "awaited": true, "durationMS": 10147.503457963467, "reply": "{\"isWritablePrimary\": true, \"topologyVersion\": {\"processId\": {\"$oid\": \"695c03b553e27f5a444409fe\"}}, \"maxBsonObjectSize\": 16777216, \"maxMessageSizeBytes\": 48000000, \"maxWriteBatchSize\": 100000, \"localTime\": {\"$date\": \"2026-01-10T16:27:45.156Z\"}, \"logicalSessionTimeoutMinutes\": 30, \"connectionId\": 221, \"maxWireVersion\": 27, \"ok\": 1.0}"}
2026-01-10 18:27:45,157 - pymongo.topology - DEBUG - {"message": "Server heartbeat started", "topologyId": {"$oid": "6962785d3127086e3f0188e5"}, "driverConnectionId": 1, "serverConnectionId": 221, "serverHost": "localhost", "serverPort": 27017, "awaited": true}
2026-01-10 18:27:50,089 - httpcore.http11 - DEBUG - receive_response_headers.complete return_value=(b'HTTP/1.1', 200, b'OK', [(b'Server', b'nginx/1.18.0'), (b'Date', b'Sat, 10 Jan 2026 16:27:50 GMT'), (b'Content-Type', b'application/json'), (b'Content-Length', b'23'), (b'Connection', b'keep-alive'), (b'Strict-Transport-Security', b'max-age=31536000; includeSubDomains; preload'), (b'Access-Control-Allow-Origin', b'*'), (b'Access-Control-Allow-Methods', b'GET, POST, OPTIONS'), (b'Access-Control-Expose-Headers', b'Content-Length,Content-Type,Date,Server,Connection')])
2026-01-10 18:27:50,090 - httpx - INFO - HTTP Request: POST https://api.telegram.org/bot8490932438:AAFVy70Urq5Cj0h7gUKJbECBv3z9-apYZtM/getUpdates "HTTP/1.1 200 OK"
2026-01-10 18:27:50,090 - httpcore.http11 - DEBUG - receive_response_body.started request=<Request [b'POST']>
2026-01-10 18:27:50,090 - httpcore.http11 - DEBUG - receive_response_body.complete
2026-01-10 18:27:50,090 - httpcore.http11 - DEBUG - response_closed.started
2026-01-10 18:27:50,090 - httpcore.http11 - DEBUG - response_closed.complete
2026-01-10 18:27:50,091 - telegram.ext.ExtBot - DEBUG - Call to Bot API endpoint `getUpdates` finished with return value `[]`
2026-01-10 18:27:50,091 - telegram.ext.ExtBot - DEBUG - No new updates found.
2026-01-10 18:27:50,091 - telegram.ext.ExtBot - DEBUG - Calling Bot API endpoint `getUpdates` with parameters `{'timeout': datetime.timedelta(seconds=10), 'offset': 328648466, 'allowed_updates': [<UpdateType.MESSAGE>, <UpdateType.EDITED_MESSAGE>, <UpdateType.CHANNEL_POST>, <UpdateType.EDITED_CHANNEL_POST>, <UpdateType.INLINE_QUERY>, <UpdateType.CHOSEN_INLINE_RESULT>, <UpdateType.CALLBACK_QUERY>, <UpdateType.SHIPPING_QUERY>, <UpdateType.PRE_CHECKOUT_QUERY>, <UpdateType.POLL>, <UpdateType.POLL_ANSWER>, <UpdateType.MY_CHAT_MEMBER>, <UpdateType.CHAT_MEMBER>, <UpdateType.CHAT_JOIN_REQUEST>, <UpdateType.CHAT_BOOST>, <UpdateType.REMOVED_CHAT_BOOST>, <UpdateType.MESSAGE_REACTION>, <UpdateType.MESSAGE_REACTION_COUNT>, <UpdateType.BUSINESS_CONNECTION>, <UpdateType.BUSINESS_MESSAGE>, <UpdateType.EDITED_BUSINESS_MESSAGE>, <UpdateType.DELETED_BUSINESS_MESSAGES>, <UpdateType.PURCHASED_PAID_MEDIA>]}`
2026-01-10 18:27:50,092 - httpcore.http11 - DEBUG - send_request_headers.started request=<Request [b'POST']>
2026-01-10 18:27:50,092 - httpcore.http11 - DEBUG - send_request_headers.complete
2026-01-10 18:27:50,092 - httpcore.http11 - DEBUG - send_request_body.started request=<Request [b'POST']>
2026-01-10 18:27:50,093 - httpcore.http11 - DEBUG - send_request_body.complete
2026-01-10 18:27:50,093 - httpcore.http11 - DEBUG - receive_response_headers.started request=<Request [b'POST']>
2026-01-10 18:27:55,282 - pymongo.topology - DEBUG - {"message": "Server heartbeat succeeded", "topologyId": {"$oid": "6962785d3127086e3f0188e5"}, "driverConnectionId": 1, "serverConnectionId": 221, "serverHost": "localhost", "serverPort": 27017, "awaited": true, "durationMS": 10124.068041332066, "reply": "{\"isWritablePrimary\": true, \"topologyVersion\": {\"processId\": {\"$oid\": \"695c03b553e27f5a444409fe\"}}, \"maxBsonObjectSize\": 16777216, \"maxMessageSizeBytes\": 48000000, \"maxWriteBatchSize\": 100000, \"localTime\": {\"$date\": \"2026-01-10T16:27:55.281Z\"}, \"logicalSessionTimeoutMinutes\": 30, \"connectionId\": 221, \"maxWireVersion\": 27, \"ok\": 1.0}"}
2026-01-10 18:27:55,282 - pymongo.topology - DEBUG - {"message": "Server heartbeat started", "topologyId": {"$oid": "6962785d3127086e3f0188e5"}, "driverConnectionId": 1, "serverConnectionId": 221, "serverHost": "localhost", "serverPort": 27017, "awaited": true}
2026-01-10 18:28:00,174 - httpcore.http11 - DEBUG - receive_response_headers.complete return_value=(b'HTTP/1.1', 200, b'OK', [(b'Server', b'nginx/1.18.0'), (b'Date', b'Sat, 10 Jan 2026 16:28:00 GMT'), (b'Content-Type', b'application/json'), (b'Content-Length', b'23'), (b'Connection', b'keep-alive'), (b'Strict-Transport-Security', b'max-age=31536000; includeSubDomains; preload'), (b'Access-Control-Allow-Origin', b'*'), (b'Access-Control-Allow-Methods', b'GET, POST, OPTIONS'), (b'Access-Control-Expose-Headers', b'Content-Length,Content-Type,Date,Server,Connection')])
2026-01-10 18:28:00,174 - httpx - INFO - HTTP Request: POST https://api.telegram.org/bot8490932438:AAFVy70Urq5Cj0h7gUKJbECBv3z9-apYZtM/getUpdates "HTTP/1.1 200 OK"
2026-01-10 18:28:00,174 - httpcore.http11 - DEBUG - receive_response_body.started request=<Request [b'POST']>
2026-01-10 18:28:00,174 - httpcore.http11 - DEBUG - receive_response_body.complete
2026-01-10 18:28:00,174 - httpcore.http11 - DEBUG - response_closed.started
2026-01-10 18:28:00,175 - httpcore.http11 - DEBUG - response_closed.complete
2026-01-10 18:28:00,175 - telegram.ext.ExtBot - DEBUG - Call to Bot API endpoint `getUpdates` finished with return value `[]`
2026-01-10 18:28:00,175 - telegram.ext.ExtBot - DEBUG - No new updates found.
2026-01-10 18:28:00,175 - telegram.ext.ExtBot - DEBUG - Calling Bot API endpoint `getUpdates` with parameters `{'timeout': datetime.timedelta(seconds=10), 'offset': 328648466, 'allowed_updates': [<UpdateType.MESSAGE>, <UpdateType.EDITED_MESSAGE>, <UpdateType.CHANNEL_POST>, <UpdateType.EDITED_CHANNEL_POST>, <UpdateType.INLINE_QUERY>, <UpdateType.CHOSEN_INLINE_RESULT>, <UpdateType.CALLBACK_QUERY>, <UpdateType.SHIPPING_QUERY>, <UpdateType.PRE_CHECKOUT_QUERY>, <UpdateType.POLL>, <UpdateType.POLL_ANSWER>, <UpdateType.MY_CHAT_MEMBER>, <UpdateType.CHAT_MEMBER>, <UpdateType.CHAT_JOIN_REQUEST>, <UpdateType.CHAT_BOOST>, <UpdateType.REMOVED_CHAT_BOOST>, <UpdateType.MESSAGE_REACTION>, <UpdateType.MESSAGE_REACTION_COUNT>, <UpdateType.BUSINESS_CONNECTION>, <UpdateType.BUSINESS_MESSAGE>, <UpdateType.EDITED_BUSINESS_MESSAGE>, <UpdateType.DELETED_BUSINESS_MESSAGES>, <UpdateType.PURCHASED_PAID_MEDIA>]}`
2026-01-10 18:28:00,176 - httpcore.http11 - DEBUG - send_request_headers.started request=<Request [b'POST']>
2026-01-10 18:28:00,176 - httpcore.http11 - DEBUG - send_request_headers.complete
2026-01-10 18:28:00,176 - httpcore.http11 - DEBUG - send_request_body.started request=<Request [b'POST']>
2026-01-10 18:28:00,176 - httpcore.http11 - DEBUG - send_request_body.complete
2026-01-10 18:28:00,176 - httpcore.http11 - DEBUG - receive_response_headers.started request=<Request [b'POST']>
2026-01-10 18:28:05,425 - pymongo.topology - DEBUG - {"message": "Server heartbeat succeeded", "topologyId": {"$oid": "6962785d3127086e3f0188e5"}, "driverConnectionId": 1, "serverConnectionId": 221, "serverHost": "localhost", "serverPort": 27017, "awaited": true, "durationMS": 10142.462457995862, "reply": "{\"isWritablePrimary\": true, \"topologyVersion\": {\"processId\": {\"$oid\": \"695c03b553e27f5a444409fe\"}}, \"maxBsonObjectSize\": 16777216, \"maxMessageSizeBytes\": 48000000, \"maxWriteBatchSize\": 100000, \"localTime\": {\"$date\": \"2026-01-10T16:28:05.425Z\"}, \"logicalSessionTimeoutMinutes\": 30, \"connectionId\": 221, \"maxWireVersion\": 27, \"ok\": 1.0}"}
2026-01-10 18:28:05,427 - pymongo.topology - DEBUG - {"message": "Server heartbeat started", "topologyId": {"$oid": "6962785d3127086e3f0188e5"}, "driverConnectionId": 1, "serverConnectionId": 221, "serverHost": "localhost", "serverPort": 27017, "awaited": true}
2026-01-10 18:28:10,253 - httpcore.http11 - DEBUG - receive_response_headers.complete return_value=(b'HTTP/1.1', 200, b'OK', [(b'Server', b'nginx/1.18.0'), (b'Date', b'Sat, 10 Jan 2026 16:28:10 GMT'), (b'Content-Type', b'application/json'), (b'Content-Length', b'23'), (b'Connection', b'keep-alive'), (b'Strict-Transport-Security', b'max-age=31536000; includeSubDomains; preload'), (b'Access-Control-Allow-Origin', b'*'), (b'Access-Control-Allow-Methods', b'GET, POST, OPTIONS'), (b'Access-Control-Expose-Headers', b'Content-Length,Content-Type,Date,Server,Connection')])
2026-01-10 18:28:10,253 - httpx - INFO - HTTP Request: POST https://api.telegram.org/bot8490932438:AAFVy70Urq5Cj0h7gUKJbECBv3z9-apYZtM/getUpdates "HTTP/1.1 200 OK"
2026-01-10 18:28:10,254 - httpcore.http11 - DEBUG - receive_response_body.started request=<Request [b'POST']>
2026-01-10 18:28:10,254 - httpcore.http11 - DEBUG - receive_response_body.complete
2026-01-10 18:28:10,254 - httpcore.http11 - DEBUG - response_closed.started
2026-01-10 18:28:10,254 - httpcore.http11 - DEBUG - response_closed.complete
2026-01-10 18:28:10,254 - telegram.ext.ExtBot - DEBUG - Call to Bot API endpoint `getUpdates` finished with return value `[]`
2026-01-10 18:28:10,255 - telegram.ext.ExtBot - DEBUG - No new updates found.
2026-01-10 18:28:10,255 - telegram.ext.ExtBot - DEBUG - Calling Bot API endpoint `getUpdates` with parameters `{'timeout': datetime.timedelta(seconds=10), 'offset': 328648466, 'allowed_updates': [<UpdateType.MESSAGE>, <UpdateType.EDITED_MESSAGE>, <UpdateType.CHANNEL_POST>, <UpdateType.EDITED_CHANNEL_POST>, <UpdateType.INLINE_QUERY>, <UpdateType.CHOSEN_INLINE_RESULT>, <UpdateType.CALLBACK_QUERY>, <UpdateType.SHIPPING_QUERY>, <UpdateType.PRE_CHECKOUT_QUERY>, <UpdateType.POLL>, <UpdateType.POLL_ANSWER>, <UpdateType.MY_CHAT_MEMBER>, <UpdateType.CHAT_MEMBER>, <UpdateType.CHAT_JOIN_REQUEST>, <UpdateType.CHAT_BOOST>, <UpdateType.REMOVED_CHAT_BOOST>, <UpdateType.MESSAGE_REACTION>, <UpdateType.MESSAGE_REACTION_COUNT>, <UpdateType.BUSINESS_CONNECTION>, <UpdateType.BUSINESS_MESSAGE>, <UpdateType.EDITED_BUSINESS_MESSAGE>, <UpdateType.DELETED_BUSINESS_MESSAGES>, <UpdateType.PURCHASED_PAID_MEDIA>]}`
2026-01-10 18:28:10,256 - httpcore.http11 - DEBUG - send_request_headers.started request=<Request [b'POST']>
2026-01-10 18:28:10,256 - httpcore.http11 - DEBUG - send_request_headers.complete
2026-01-10 18:28:10,256 - httpcore.http11 - DEBUG - send_request_body.started request=<Request [b'POST']>
2026-01-10 18:28:10,257 - httpcore.http11 - DEBUG - send_request_body.complete
2026-01-10 18:28:10,257 - httpcore.http11 - DEBUG - receive_response_headers.started request=<Request [b'POST']>
2026-01-10 18:28:15,550 - pymongo.topology - DEBUG - {"message": "Server heartbeat succeeded", "topologyId": {"$oid": "6962785d3127086e3f0188e5"}, "driverConnectionId": 1, "serverConnectionId": 221, "serverHost": "localhost", "serverPort": 27017, "awaited": true, "durationMS": 10122.588916681707, "reply": "{\"isWritablePrimary\": true, \"topologyVersion\": {\"processId\": {\"$oid\": \"695c03b553e27f5a444409fe\"}}, \"maxBsonObjectSize\": 16777216, \"maxMessageSizeBytes\": 48000000, \"maxWriteBatchSize\": 100000, \"localTime\": {\"$date\": \"2026-01-10T16:28:15.549Z\"}, \"logicalSessionTimeoutMinutes\": 30, \"connectionId\": 221, \"maxWireVersion\": 27, \"ok\": 1.0}"}
2026-01-10 18:28:15,550 - pymongo.topology - DEBUG - {"message": "Server heartbeat started", "topologyId": {"$oid": "6962785d3127086e3f0188e5"}, "driverConnectionId": 1, "serverConnectionId": 221, "serverHost": "localhost", "serverPort": 27017, "awaited": true}
2026-01-10 18:28:20,342 - httpcore.http11 - DEBUG - receive_response_headers.complete return_value=(b'HTTP/1.1', 200, b'OK', [(b'Server', b'nginx/1.18.0'), (b'Date', b'Sat, 10 Jan 2026 16:28:20 GMT'), (b'Content-Type', b'application/json'), (b'Content-Length', b'23'), (b'Connection', b'keep-alive'), (b'Strict-Transport-Security', b'max-age=31536000; includeSubDomains; preload'), (b'Access-Control-Allow-Origin', b'*'), (b'Access-Control-Allow-Methods', b'GET, POST, OPTIONS'), (b'Access-Control-Expose-Headers', b'Content-Length,Content-Type,Date,Server,Connection')])
2026-01-10 18:28:20,342 - httpx - INFO - HTTP Request: POST https://api.telegram.org/bot8490932438:AAFVy70Urq5Cj0h7gUKJbECBv3z9-apYZtM/getUpdates "HTTP/1.1 200 OK"
2026-01-10 18:28:20,342 - httpcore.http11 - DEBUG - receive_response_body.started request=<Request [b'POST']>
2026-01-10 18:28:20,342 - httpcore.http11 - DEBUG - receive_response_body.complete
2026-01-10 18:28:20,342 - httpcore.http11 - DEBUG - response_closed.started
2026-01-10 18:28:20,342 - httpcore.http11 - DEBUG - response_closed.complete
2026-01-10 18:28:20,342 - telegram.ext.ExtBot - DEBUG - Call to Bot API endpoint `getUpdates` finished with return value `[]`
2026-01-10 18:28:20,342 - telegram.ext.ExtBot - DEBUG - No new updates found.
2026-01-10 18:28:20,343 - telegram.ext.ExtBot - DEBUG - Calling Bot API endpoint `getUpdates` with parameters `{'timeout': datetime.timedelta(seconds=10), 'offset': 328648466, 'allowed_updates': [<UpdateType.MESSAGE>, <UpdateType.EDITED_MESSAGE>, <UpdateType.CHANNEL_POST>, <UpdateType.EDITED_CHANNEL_POST>, <UpdateType.INLINE_QUERY>, <UpdateType.CHOSEN_INLINE_RESULT>, <UpdateType.CALLBACK_QUERY>, <UpdateType.SHIPPING_QUERY>, <UpdateType.PRE_CHECKOUT_QUERY>, <UpdateType.POLL>, <UpdateType.POLL_ANSWER>, <UpdateType.MY_CHAT_MEMBER>, <UpdateType.CHAT_MEMBER>, <UpdateType.CHAT_JOIN_REQUEST>, <UpdateType.CHAT_BOOST>, <UpdateType.REMOVED_CHAT_BOOST>, <UpdateType.MESSAGE_REACTION>, <UpdateType.MESSAGE_REACTION_COUNT>, <UpdateType.BUSINESS_CONNECTION>, <UpdateType.BUSINESS_MESSAGE>, <UpdateType.EDITED_BUSINESS_MESSAGE>, <UpdateType.DELETED_BUSINESS_MESSAGES>, <UpdateType.PURCHASED_PAID_MEDIA>]}`
2026-01-10 18:28:20,343 - httpcore.http11 - DEBUG - send_request_headers.started request=<Request [b'POST']>
2026-01-10 18:28:20,343 - httpcore.http11 - DEBUG - send_request_headers.complete
2026-01-10 18:28:20,343 - httpcore.http11 - DEBUG - send_request_body.started request=<Request [b'POST']>
2026-01-10 18:28:20,343 - httpcore.http11 - DEBUG - send_request_body.complete
2026-01-10 18:28:20,343 - httpcore.http11 - DEBUG - receive_response_headers.started request=<Request [b'POST']>
2026-01-10 18:28:25,680 - pymongo.topology - DEBUG - {"message": "Server heartbeat succeeded", "topologyId": {"$oid": "6962785d3127086e3f0188e5"}, "driverConnectionId": 1, "serverConnectionId": 221, "serverHost": "localhost", "serverPort": 27017, "awaited": true, "durationMS": 10129.516665823758, "reply": "{\"isWritablePrimary\": true, \"topologyVersion\": {\"processId\": {\"$oid\": \"695c03b553e27f5a444409fe\"}}, \"maxBsonObjectSize\": 16777216, \"maxMessageSizeBytes\": 48000000, \"maxWriteBatchSize\": 100000, \"localTime\": {\"$date\": \"2026-01-10T16:28:25.679Z\"}, \"logicalSessionTimeoutMinutes\": 30, \"connectionId\": 221, \"maxWireVersion\": 27, \"ok\": 1.0}"}
2026-01-10 18:28:25,681 - pymongo.topology - DEBUG - {"message": "Server heartbeat started", "topologyId": {"$oid": "6962785d3127086e3f0188e5"}, "driverConnectionId": 1, "serverConnectionId": 221, "serverHost": "localhost", "serverPort": 27017, "awaited": true}
2026-01-10 18:28:30,443 - httpcore.http11 - DEBUG - receive_response_headers.complete return_value=(b'HTTP/1.1', 200, b'OK', [(b'Server', b'nginx/1.18.0'), (b'Date', b'Sat, 10 Jan 2026 16:28:30 GMT'), (b'Content-Type', b'application/json'), (b'Content-Length', b'23'), (b'Connection', b'keep-alive'), (b'Strict-Transport-Security', b'max-age=31536000; includeSubDomains; preload'), (b'Access-Control-Allow-Origin', b'*'), (b'Access-Control-Allow-Methods', b'GET, POST, OPTIONS'), (b'Access-Control-Expose-Headers', b'Content-Length,Content-Type,Date,Server,Connection')])
2026-01-10 18:28:30,443 - httpx - INFO - HTTP Request: POST https://api.telegram.org/bot8490932438:AAFVy70Urq5Cj0h7gUKJbECBv3z9-apYZtM/getUpdates "HTTP/1.1 200 OK"
2026-01-10 18:28:30,443 - httpcore.http11 - DEBUG - receive_response_body.started request=<Request [b'POST']>
2026-01-10 18:28:30,443 - httpcore.http11 - DEBUG - receive_response_body.complete
2026-01-10 18:28:30,444 - httpcore.http11 - DEBUG - response_closed.started
2026-01-10 18:28:30,444 - httpcore.http11 - DEBUG - response_closed.complete
2026-01-10 18:28:30,444 - telegram.ext.ExtBot - DEBUG - Call to Bot API endpoint `getUpdates` finished with return value `[]`
2026-01-10 18:28:30,444 - telegram.ext.ExtBot - DEBUG - No new updates found.
2026-01-10 18:28:30,445 - telegram.ext.ExtBot - DEBUG - Calling Bot API endpoint `getUpdates` with parameters `{'timeout': datetime.timedelta(seconds=10), 'offset': 328648466, 'allowed_updates': [<UpdateType.MESSAGE>, <UpdateType.EDITED_MESSAGE>, <UpdateType.CHANNEL_POST>, <UpdateType.EDITED_CHANNEL_POST>, <UpdateType.INLINE_QUERY>, <UpdateType.CHOSEN_INLINE_RESULT>, <UpdateType.CALLBACK_QUERY>, <UpdateType.SHIPPING_QUERY>, <UpdateType.PRE_CHECKOUT_QUERY>, <UpdateType.POLL>, <UpdateType.POLL_ANSWER>, <UpdateType.MY_CHAT_MEMBER>, <UpdateType.CHAT_MEMBER>, <UpdateType.CHAT_JOIN_REQUEST>, <UpdateType.CHAT_BOOST>, <UpdateType.REMOVED_CHAT_BOOST>, <UpdateType.MESSAGE_REACTION>, <UpdateType.MESSAGE_REACTION_COUNT>, <UpdateType.BUSINESS_CONNECTION>, <UpdateType.BUSINESS_MESSAGE>, <UpdateType.EDITED_BUSINESS_MESSAGE>, <UpdateType.DELETED_BUSINESS_MESSAGES>, <UpdateType.PURCHASED_PAID_MEDIA>]}`
2026-01-10 18:28:30,446 - httpcore.http11 - DEBUG - send_request_headers.started request=<Request [b'POST']>
2026-01-10 18:28:30,446 - httpcore.http11 - DEBUG - send_request_headers.complete
2026-01-10 18:28:30,446 - httpcore.http11 - DEBUG - send_request_body.started request=<Request [b'POST']>
2026-01-10 18:28:30,446 - httpcore.http11 - DEBUG - send_request_body.complete
2026-01-10 18:28:30,447 - httpcore.http11 - DEBUG - receive_response_headers.started request=<Request [b'POST']>
2026-01-10 18:28:35,793 - pymongo.topology - DEBUG - {"message": "Server heartbeat succeeded", "topologyId": {"$oid": "6962785d3127086e3f0188e5"}, "driverConnectionId": 1, "serverConnectionId": 221, "serverHost": "localhost", "serverPort": 27017, "awaited": true, "durationMS": 10112.007750198245, "reply": "{\"isWritablePrimary\": true, \"topologyVersion\": {\"processId\": {\"$oid\": \"695c03b553e27f5a444409fe\"}}, \"maxBsonObjectSize\": 16777216, \"maxMessageSizeBytes\": 48000000, \"maxWriteBatchSize\": 100000, \"localTime\": {\"$date\": \"2026-01-10T16:28:35.792Z\"}, \"logicalSessionTimeoutMinutes\": 30, \"connectionId\": 221, \"maxWireVersion\": 27, \"ok\": 1.0}"}
2026-01-10 18:28:35,794 - pymongo.topology - DEBUG - {"message": "Server heartbeat started", "topologyId": {"$oid": "6962785d3127086e3f0188e5"}, "driverConnectionId": 1, "serverConnectionId": 221, "serverHost": "localhost", "serverPort": 27017, "awaited": true}
2026-01-10 18:28:40,580 - httpcore.http11 - DEBUG - receive_response_headers.complete return_value=(b'HTTP/1.1', 200, b'OK', [(b'Server', b'nginx/1.18.0'), (b'Date', b'Sat, 10 Jan 2026 16:28:40 GMT'), (b'Content-Type', b'application/json'), (b'Content-Length', b'23'), (b'Connection', b'keep-alive'), (b'Strict-Transport-Security', b'max-age=31536000; includeSubDomains; preload'), (b'Access-Control-Allow-Origin', b'*'), (b'Access-Control-Allow-Methods', b'GET, POST, OPTIONS'), (b'Access-Control-Expose-Headers', b'Content-Length,Content-Type,Date,Server,Connection')])
2026-01-10 18:28:40,581 - httpx - INFO - HTTP Request: POST https://api.telegram.org/bot8490932438:AAFVy70Urq5Cj0h7gUKJbECBv3z9-apYZtM/getUpdates "HTTP/1.1 200 OK"
2026-01-10 18:28:40,581 - httpcore.http11 - DEBUG - receive_response_body.started request=<Request [b'POST']>
2026-01-10 18:28:40,581 - httpcore.http11 - DEBUG - receive_response_body.complete
2026-01-10 18:28:40,581 - httpcore.http11 - DEBUG - response_closed.started
2026-01-10 18:28:40,582 - httpcore.http11 - DEBUG - response_closed.complete
2026-01-10 18:28:40,582 - telegram.ext.ExtBot - DEBUG - Call to Bot API endpoint `getUpdates` finished with return value `[]`
2026-01-10 18:28:40,582 - telegram.ext.ExtBot - DEBUG - No new updates found.
2026-01-10 18:28:40,583 - telegram.ext.ExtBot - DEBUG - Calling Bot API endpoint `getUpdates` with parameters `{'timeout': datetime.timedelta(seconds=10), 'offset': 328648466, 'allowed_updates': [<UpdateType.MESSAGE>, <UpdateType.EDITED_MESSAGE>, <UpdateType.CHANNEL_POST>, <UpdateType.EDITED_CHANNEL_POST>, <UpdateType.INLINE_QUERY>, <UpdateType.CHOSEN_INLINE_RESULT>, <UpdateType.CALLBACK_QUERY>, <UpdateType.SHIPPING_QUERY>, <UpdateType.PRE_CHECKOUT_QUERY>, <UpdateType.POLL>, <UpdateType.POLL_ANSWER>, <UpdateType.MY_CHAT_MEMBER>, <UpdateType.CHAT_MEMBER>, <UpdateType.CHAT_JOIN_REQUEST>, <UpdateType.CHAT_BOOST>, <UpdateType.REMOVED_CHAT_BOOST>, <UpdateType.MESSAGE_REACTION>, <UpdateType.MESSAGE_REACTION_COUNT>, <UpdateType.BUSINESS_CONNECTION>, <UpdateType.BUSINESS_MESSAGE>, <UpdateType.EDITED_BUSINESS_MESSAGE>, <UpdateType.DELETED_BUSINESS_MESSAGES>, <UpdateType.PURCHASED_PAID_MEDIA>]}`
2026-01-10 18:28:40,584 - httpcore.http11 - DEBUG - send_request_headers.started request=<Request [b'POST']>
2026-01-10 18:28:40,584 - httpcore.http11 - DEBUG - send_request_headers.complete
2026-01-10 18:28:40,584 - httpcore.http11 - DEBUG - send_request_body.started request=<Request [b'POST']>
2026-01-10 18:28:40,585 - httpcore.http11 - DEBUG - send_request_body.complete
2026-01-10 18:28:40,585 - httpcore.http11 - DEBUG - receive_response_headers.started request=<Request [b'POST']>
2026-01-10 18:28:45,935 - pymongo.topology - DEBUG - {"message": "Server heartbeat succeeded", "topologyId": {"$oid": "6962785d3127086e3f0188e5"}, "driverConnectionId": 1, "serverConnectionId": 221, "serverHost": "localhost", "serverPort": 27017, "awaited": true, "durationMS": 10141.267166938633, "reply": "{\"isWritablePrimary\": true, \"topologyVersion\": {\"processId\": {\"$oid\": \"695c03b553e27f5a444409fe\"}}, \"maxBsonObjectSize\": 16777216, \"maxMessageSizeBytes\": 48000000, \"maxWriteBatchSize\": 100000, \"localTime\": {\"$date\": \"2026-01-10T16:28:45.934Z\"}, \"logicalSessionTimeoutMinutes\": 30, \"connectionId\": 221, \"maxWireVersion\": 27, \"ok\": 1.0}"}
2026-01-10 18:28:45,936 - pymongo.topology - DEBUG - {"message": "Server heartbeat started", "topologyId": {"$oid": "6962785d3127086e3f0188e5"}, "driverConnectionId": 1, "serverConnectionId": 221, "serverHost": "localhost", "serverPort": 27017, "awaited": true}
2026-01-10 18:28:50,666 - httpcore.http11 - DEBUG - receive_response_headers.complete return_value=(b'HTTP/1.1', 200, b'OK', [(b'Server', b'nginx/1.18.0'), (b'Date', b'Sat, 10 Jan 2026 16:28:50 GMT'), (b'Content-Type', b'application/json'), (b'Content-Length', b'23'), (b'Connection', b'keep-alive'), (b'Strict-Transport-Security', b'max-age=31536000; includeSubDomains; preload'), (b'Access-Control-Allow-Origin', b'*'), (b'Access-Control-Allow-Methods', b'GET, POST, OPTIONS'), (b'Access-Control-Expose-Headers', b'Content-Length,Content-Type,Date,Server,Connection')])
2026-01-10 18:28:50,666 - httpx - INFO - HTTP Request: POST https://api.telegram.org/bot8490932438:AAFVy70Urq5Cj0h7gUKJbECBv3z9-apYZtM/getUpdates "HTTP/1.1 200 OK"
2026-01-10 18:28:50,667 - httpcore.http11 - DEBUG - receive_response_body.started request=<Request [b'POST']>
2026-01-10 18:28:50,667 - httpcore.http11 - DEBUG - receive_response_body.complete
2026-01-10 18:28:50,667 - httpcore.http11 - DEBUG - response_closed.started
2026-01-10 18:28:50,667 - httpcore.http11 - DEBUG - response_closed.complete
2026-01-10 18:28:50,668 - telegram.ext.ExtBot - DEBUG - Call to Bot API endpoint `getUpdates` finished with return value `[]`
2026-01-10 18:28:50,668 - telegram.ext.ExtBot - DEBUG - No new updates found.
2026-01-10 18:28:50,668 - telegram.ext.ExtBot - DEBUG - Calling Bot API endpoint `getUpdates` with parameters `{'timeout': datetime.timedelta(seconds=10), 'offset': 328648466, 'allowed_updates': [<UpdateType.MESSAGE>, <UpdateType.EDITED_MESSAGE>, <UpdateType.CHANNEL_POST>, <UpdateType.EDITED_CHANNEL_POST>, <UpdateType.INLINE_QUERY>, <UpdateType.CHOSEN_INLINE_RESULT>, <UpdateType.CALLBACK_QUERY>, <UpdateType.SHIPPING_QUERY>, <UpdateType.PRE_CHECKOUT_QUERY>, <UpdateType.POLL>, <UpdateType.POLL_ANSWER>, <UpdateType.MY_CHAT_MEMBER>, <UpdateType.CHAT_MEMBER>, <UpdateType.CHAT_JOIN_REQUEST>, <UpdateType.CHAT_BOOST>, <UpdateType.REMOVED_CHAT_BOOST>, <UpdateType.MESSAGE_REACTION>, <UpdateType.MESSAGE_REACTION_COUNT>, <UpdateType.BUSINESS_CONNECTION>, <UpdateType.BUSINESS_MESSAGE>, <UpdateType.EDITED_BUSINESS_MESSAGE>, <UpdateType.DELETED_BUSINESS_MESSAGES>, <UpdateType.PURCHASED_PAID_MEDIA>]}`
2026-01-10 18:28:50,669 - httpcore.http11 - DEBUG - send_request_headers.started request=<Request [b'POST']>
2026-01-10 18:28:50,669 - httpcore.http11 - DEBUG - send_request_headers.complete
2026-01-10 18:28:50,670 - httpcore.http11 - DEBUG - send_request_body.started request=<Request [b'POST']>
2026-01-10 18:28:50,670 - httpcore.http11 - DEBUG - send_request_body.complete
2026-01-10 18:28:50,670 - httpcore.http11 - DEBUG - receive_response_headers.started request=<Request [b'POST']>
2026-01-10 18:28:56,084 - pymongo.topology - DEBUG - {"message": "Server heartbeat succeeded", "topologyId": {"$oid": "6962785d3127086e3f0188e5"}, "driverConnectionId": 1, "serverConnectionId": 221, "serverHost": "localhost", "serverPort": 27017, "awaited": true, "durationMS": 10147.71774969995, "reply": "{\"isWritablePrimary\": true, \"topologyVersion\": {\"processId\": {\"$oid\": \"695c03b553e27f5a444409fe\"}}, \"maxBsonObjectSize\": 16777216, \"maxMessageSizeBytes\": 48000000, \"maxWriteBatchSize\": 100000, \"localTime\": {\"$date\": \"2026-01-10T16:28:56.083Z\"}, \"logicalSessionTimeoutMinutes\": 30, \"connectionId\": 221, \"maxWireVersion\": 27, \"ok\": 1.0}"}
2026-01-10 18:28:56,084 - pymongo.topology - DEBUG - {"message": "Server heartbeat started", "topologyId": {"$oid": "6962785d3127086e3f0188e5"}, "driverConnectionId": 1, "serverConnectionId": 221, "serverHost": "localhost", "serverPort": 27017, "awaited": true}
2026-01-10 18:29:00,855 - httpcore.http11 - DEBUG - receive_response_headers.complete return_value=(b'HTTP/1.1', 200, b'OK', [(b'Server', b'nginx/1.18.0'), (b'Date', b'Sat, 10 Jan 2026 16:29:00 GMT'), (b'Content-Type', b'application/json'), (b'Content-Length', b'23'), (b'Connection', b'keep-alive'), (b'Strict-Transport-Security', b'max-age=31536000; includeSubDomains; preload'), (b'Access-Control-Allow-Origin', b'*'), (b'Access-Control-Allow-Methods', b'GET, POST, OPTIONS'), (b'Access-Control-Expose-Headers', b'Content-Length,Content-Type,Date,Server,Connection')])
2026-01-10 18:29:00,856 - httpx - INFO - HTTP Request: POST https://api.telegram.org/bot8490932438:AAFVy70Urq5Cj0h7gUKJbECBv3z9-apYZtM/getUpdates "HTTP/1.1 200 OK"
2026-01-10 18:29:00,856 - httpcore.http11 - DEBUG - receive_response_body.started request=<Request [b'POST']>
2026-01-10 18:29:00,856 - httpcore.http11 - DEBUG - receive_response_body.complete
2026-01-10 18:29:00,856 - httpcore.http11 - DEBUG - response_closed.started
2026-01-10 18:29:00,856 - httpcore.http11 - DEBUG - response_closed.complete
2026-01-10 18:29:00,857 - telegram.ext.ExtBot - DEBUG - Call to Bot API endpoint `getUpdates` finished with return value `[]`
2026-01-10 18:29:00,857 - telegram.ext.ExtBot - DEBUG - No new updates found.
2026-01-10 18:29:00,857 - telegram.ext.ExtBot - DEBUG - Calling Bot API endpoint `getUpdates` with parameters `{'timeout': datetime.timedelta(seconds=10), 'offset': 328648466, 'allowed_updates': [<UpdateType.MESSAGE>, <UpdateType.EDITED_MESSAGE>, <UpdateType.CHANNEL_POST>, <UpdateType.EDITED_CHANNEL_POST>, <UpdateType.INLINE_QUERY>, <UpdateType.CHOSEN_INLINE_RESULT>, <UpdateType.CALLBACK_QUERY>, <UpdateType.SHIPPING_QUERY>, <UpdateType.PRE_CHECKOUT_QUERY>, <UpdateType.POLL>, <UpdateType.POLL_ANSWER>, <UpdateType.MY_CHAT_MEMBER>, <UpdateType.CHAT_MEMBER>, <UpdateType.CHAT_JOIN_REQUEST>, <UpdateType.CHAT_BOOST>, <UpdateType.REMOVED_CHAT_BOOST>, <UpdateType.MESSAGE_REACTION>, <UpdateType.MESSAGE_REACTION_COUNT>, <UpdateType.BUSINESS_CONNECTION>, <UpdateType.BUSINESS_MESSAGE>, <UpdateType.EDITED_BUSINESS_MESSAGE>, <UpdateType.DELETED_BUSINESS_MESSAGES>, <UpdateType.PURCHASED_PAID_MEDIA>]}`
2026-01-10 18:29:00,858 - httpcore.http11 - DEBUG - send_request_headers.started request=<Request [b'POST']>
2026-01-10 18:29:00,858 - httpcore.http11 - DEBUG - send_request_headers.complete
2026-01-10 18:29:00,858 - httpcore.http11 - DEBUG - send_request_body.started request=<Request [b'POST']>
2026-01-10 18:29:00,859 - httpcore.http11 - DEBUG - send_request_body.complete
2026-01-10 18:29:00,859 - httpcore.http11 - DEBUG - receive_response_headers.started request=<Request [b'POST']>
2026-01-10 18:29:06,216 - pymongo.topology - DEBUG - {"message": "Server heartbeat succeeded", "topologyId": {"$oid": "6962785d3127086e3f0188e5"}, "driverConnectionId": 1, "serverConnectionId": 221, "serverHost": "localhost", "serverPort": 27017, "awaited": true, "durationMS": 10131.088458932936, "reply": "{\"isWritablePrimary\": true, \"topologyVersion\": {\"processId\": {\"$oid\": \"695c03b553e27f5a444409fe\"}}, \"maxBsonObjectSize\": 16777216, \"maxMessageSizeBytes\": 48000000, \"maxWriteBatchSize\": 100000, \"localTime\": {\"$date\": \"2026-01-10T16:29:06.215Z\"}, \"logicalSessionTimeoutMinutes\": 30, \"connectionId\": 221, \"maxWireVersion\": 27, \"ok\": 1.0}"}
2026-01-10 18:29:06,218 - pymongo.topology - DEBUG - {"message": "Server heartbeat started", "topologyId": {"$oid": "6962785d3127086e3f0188e5"}, "driverConnectionId": 1, "serverConnectionId": 221, "serverHost": "localhost", "serverPort": 27017, "awaited": true}
2026-01-10 18:29:10,940 - httpcore.http11 - DEBUG - receive_response_headers.complete return_value=(b'HTTP/1.1', 200, b'OK', [(b'Server', b'nginx/1.18.0'), (b'Date', b'Sat, 10 Jan 2026 16:29:11 GMT'), (b'Content-Type', b'application/json'), (b'Content-Length', b'23'), (b'Connection', b'keep-alive'), (b'Strict-Transport-Security', b'max-age=31536000; includeSubDomains; preload'), (b'Access-Control-Allow-Origin', b'*'), (b'Access-Control-Allow-Methods', b'GET, POST, OPTIONS'), (b'Access-Control-Expose-Headers', b'Content-Length,Content-Type,Date,Server,Connection')])
2026-01-10 18:29:10,940 - httpx - INFO - HTTP Request: POST https://api.telegram.org/bot8490932438:AAFVy70Urq5Cj0h7gUKJbECBv3z9-apYZtM/getUpdates "HTTP/1.1 200 OK"
2026-01-10 18:29:10,940 - httpcore.http11 - DEBUG - receive_response_body.started request=<Request [b'POST']>
2026-01-10 18:29:10,940 - httpcore.http11 - DEBUG - receive_response_body.complete
2026-01-10 18:29:10,940 - httpcore.http11 - DEBUG - response_closed.started
2026-01-10 18:29:10,941 - httpcore.http11 - DEBUG - response_closed.complete
2026-01-10 18:29:10,941 - telegram.ext.ExtBot - DEBUG - Call to Bot API endpoint `getUpdates` finished with return value `[]`
2026-01-10 18:29:10,941 - telegram.ext.ExtBot - DEBUG - No new updates found.
2026-01-10 18:29:10,941 - telegram.ext.ExtBot - DEBUG - Calling Bot API endpoint `getUpdates` with parameters `{'timeout': datetime.timedelta(seconds=10), 'offset': 328648466, 'allowed_updates': [<UpdateType.MESSAGE>, <UpdateType.EDITED_MESSAGE>, <UpdateType.CHANNEL_POST>, <UpdateType.EDITED_CHANNEL_POST>, <UpdateType.INLINE_QUERY>, <UpdateType.CHOSEN_INLINE_RESULT>, <UpdateType.CALLBACK_QUERY>, <UpdateType.SHIPPING_QUERY>, <UpdateType.PRE_CHECKOUT_QUERY>, <UpdateType.POLL>, <UpdateType.POLL_ANSWER>, <UpdateType.MY_CHAT_MEMBER>, <UpdateType.CHAT_MEMBER>, <UpdateType.CHAT_JOIN_REQUEST>, <UpdateType.CHAT_BOOST>, <UpdateType.REMOVED_CHAT_BOOST>, <UpdateType.MESSAGE_REACTION>, <UpdateType.MESSAGE_REACTION_COUNT>, <UpdateType.BUSINESS_CONNECTION>, <UpdateType.BUSINESS_MESSAGE>, <UpdateType.EDITED_BUSINESS_MESSAGE>, <UpdateType.DELETED_BUSINESS_MESSAGES>, <UpdateType.PURCHASED_PAID_MEDIA>]}`
2026-01-10 18:29:10,942 - httpcore.http11 - DEBUG - send_request_headers.started request=<Request [b'POST']>
2026-01-10 18:29:10,942 - httpcore.http11 - DEBUG - send_request_headers.complete
2026-01-10 18:29:10,942 - httpcore.http11 - DEBUG - send_request_body.started request=<Request [b'POST']>
2026-01-10 18:29:10,942 - httpcore.http11 - DEBUG - send_request_body.complete
2026-01-10 18:29:10,942 - httpcore.http11 - DEBUG - receive_response_headers.started request=<Request [b'POST']>
2026-01-10 18:29:16,325 - pymongo.topology - DEBUG - {"message": "Server heartbeat succeeded", "topologyId": {"$oid": "6962785d3127086e3f0188e5"}, "driverConnectionId": 1, "serverConnectionId": 221, "serverHost": "localhost", "serverPort": 27017, "awaited": true, "durationMS": 10106.795207597315, "reply": "{\"isWritablePrimary\": true, \"topologyVersion\": {\"processId\": {\"$oid\": \"695c03b553e27f5a444409fe\"}}, \"maxBsonObjectSize\": 16777216, \"maxMessageSizeBytes\": 48000000, \"maxWriteBatchSize\": 100000, \"localTime\": {\"$date\": \"2026-01-10T16:29:16.324Z\"}, \"logicalSessionTimeoutMinutes\": 30, \"connectionId\": 221, \"maxWireVersion\": 27, \"ok\": 1.0}"}
2026-01-10 18:29:16,326 - pymongo.topology - DEBUG - {"message": "Server heartbeat started", "topologyId": {"$oid": "6962785d3127086e3f0188e5"}, "driverConnectionId": 1, "serverConnectionId": 221, "serverHost": "localhost", "serverPort": 27017, "awaited": true}
2026-01-10 18:29:21,133 - httpcore.http11 - DEBUG - receive_response_headers.complete return_value=(b'HTTP/1.1', 200, b'OK', [(b'Server', b'nginx/1.18.0'), (b'Date', b'Sat, 10 Jan 2026 16:29:21 GMT'), (b'Content-Type', b'application/json'), (b'Content-Length', b'23'), (b'Connection', b'keep-alive'), (b'Strict-Transport-Security', b'max-age=31536000; includeSubDomains; preload'), (b'Access-Control-Allow-Origin', b'*'), (b'Access-Control-Allow-Methods', b'GET, POST, OPTIONS'), (b'Access-Control-Expose-Headers', b'Content-Length,Content-Type,Date,Server,Connection')])
2026-01-10 18:29:21,134 - httpx - INFO - HTTP Request: POST https://api.telegram.org/bot8490932438:AAFVy70Urq5Cj0h7gUKJbECBv3z9-apYZtM/getUpdates "HTTP/1.1 200 OK"
2026-01-10 18:29:21,134 - httpcore.http11 - DEBUG - receive_response_body.started request=<Request [b'POST']>
2026-01-10 18:29:21,134 - httpcore.http11 - DEBUG - receive_response_body.complete
2026-01-10 18:29:21,134 - httpcore.http11 - DEBUG - response_closed.started
2026-01-10 18:29:21,134 - httpcore.http11 - DEBUG - response_closed.complete
2026-01-10 18:29:21,134 - telegram.ext.ExtBot - DEBUG - Call to Bot API endpoint `getUpdates` finished with return value `[]`
2026-01-10 18:29:21,134 - telegram.ext.ExtBot - DEBUG - No new updates found.
2026-01-10 18:29:21,135 - telegram.ext.ExtBot - DEBUG - Calling Bot API endpoint `getUpdates` with parameters `{'timeout': datetime.timedelta(seconds=10), 'offset': 328648466, 'allowed_updates': [<UpdateType.MESSAGE>, <UpdateType.EDITED_MESSAGE>, <UpdateType.CHANNEL_POST>, <UpdateType.EDITED_CHANNEL_POST>, <UpdateType.INLINE_QUERY>, <UpdateType.CHOSEN_INLINE_RESULT>, <UpdateType.CALLBACK_QUERY>, <UpdateType.SHIPPING_QUERY>, <UpdateType.PRE_CHECKOUT_QUERY>, <UpdateType.POLL>, <UpdateType.POLL_ANSWER>, <UpdateType.MY_CHAT_MEMBER>, <UpdateType.CHAT_MEMBER>, <UpdateType.CHAT_JOIN_REQUEST>, <UpdateType.CHAT_BOOST>, <UpdateType.REMOVED_CHAT_BOOST>, <UpdateType.MESSAGE_REACTION>, <UpdateType.MESSAGE_REACTION_COUNT>, <UpdateType.BUSINESS_CONNECTION>, <UpdateType.BUSINESS_MESSAGE>, <UpdateType.EDITED_BUSINESS_MESSAGE>, <UpdateType.DELETED_BUSINESS_MESSAGES>, <UpdateType.PURCHASED_PAID_MEDIA>]}`
2026-01-10 18:29:21,135 - httpcore.http11 - DEBUG - send_request_headers.started request=<Request [b'POST']>
2026-01-10 18:29:21,136 - httpcore.http11 - DEBUG - send_request_headers.complete
2026-01-10 18:29:21,136 - httpcore.http11 - DEBUG - send_request_body.started request=<Request [b'POST']>
2026-01-10 18:29:21,136 - httpcore.http11 - DEBUG - send_request_body.complete
2026-01-10 18:29:21,136 - httpcore.http11 - DEBUG - receive_response_headers.started request=<Request [b'POST']>
2026-01-10 18:29:26,433 - pymongo.topology - DEBUG - {"message": "Server heartbeat succeeded", "topologyId": {"$oid": "6962785d3127086e3f0188e5"}, "driverConnectionId": 1, "serverConnectionId": 221, "serverHost": "localhost", "serverPort": 27017, "awaited": true, "durationMS": 10106.523042079061, "reply": "{\"isWritablePrimary\": true, \"topologyVersion\": {\"processId\": {\"$oid\": \"695c03b553e27f5a444409fe\"}}, \"maxBsonObjectSize\": 16777216, \"maxMessageSizeBytes\": 48000000, \"maxWriteBatchSize\": 100000, \"localTime\": {\"$date\": \"2026-01-10T16:29:26.432Z\"}, \"logicalSessionTimeoutMinutes\": 30, \"connectionId\": 221, \"maxWireVersion\": 27, \"ok\": 1.0}"}
2026-01-10 18:29:26,434 - pymongo.topology - DEBUG - {"message": "Server heartbeat started", "topologyId": {"$oid": "6962785d3127086e3f0188e5"}, "driverConnectionId": 1, "serverConnectionId": 221, "serverHost": "localhost", "serverPort": 27017, "awaited": true}
2026-01-10 18:29:31,268 - httpcore.http11 - DEBUG - receive_response_headers.complete return_value=(b'HTTP/1.1', 200, b'OK', [(b'Server', b'nginx/1.18.0'), (b'Date', b'Sat, 10 Jan 2026 16:29:31 GMT'), (b'Content-Type', b'application/json'), (b'Content-Length', b'23'), (b'Connection', b'keep-alive'), (b'Strict-Transport-Security', b'max-age=31536000; includeSubDomains; preload'), (b'Access-Control-Allow-Origin', b'*'), (b'Access-Control-Allow-Methods', b'GET, POST, OPTIONS'), (b'Access-Control-Expose-Headers', b'Content-Length,Content-Type,Date,Server,Connection')])
2026-01-10 18:29:31,269 - httpx - INFO - HTTP Request: POST https://api.telegram.org/bot8490932438:AAFVy70Urq5Cj0h7gUKJbECBv3z9-apYZtM/getUpdates "HTTP/1.1 200 OK"
2026-01-10 18:29:31,269 - httpcore.http11 - DEBUG - receive_response_body.started request=<Request [b'POST']>
2026-01-10 18:29:31,269 - httpcore.http11 - DEBUG - receive_response_body.complete
2026-01-10 18:29:31,269 - httpcore.http11 - DEBUG - response_closed.started
2026-01-10 18:29:31,269 - httpcore.http11 - DEBUG - response_closed.complete
2026-01-10 18:29:31,270 - telegram.ext.ExtBot - DEBUG - Call to Bot API endpoint `getUpdates` finished with return value `[]`
2026-01-10 18:29:31,270 - telegram.ext.ExtBot - DEBUG - No new updates found.
2026-01-10 18:29:31,270 - telegram.ext.ExtBot - DEBUG - Calling Bot API endpoint `getUpdates` with parameters `{'timeout': datetime.timedelta(seconds=10), 'offset': 328648466, 'allowed_updates': [<UpdateType.MESSAGE>, <UpdateType.EDITED_MESSAGE>, <UpdateType.CHANNEL_POST>, <UpdateType.EDITED_CHANNEL_POST>, <UpdateType.INLINE_QUERY>, <UpdateType.CHOSEN_INLINE_RESULT>, <UpdateType.CALLBACK_QUERY>, <UpdateType.SHIPPING_QUERY>, <UpdateType.PRE_CHECKOUT_QUERY>, <UpdateType.POLL>, <UpdateType.POLL_ANSWER>, <UpdateType.MY_CHAT_MEMBER>, <UpdateType.CHAT_MEMBER>, <UpdateType.CHAT_JOIN_REQUEST>, <UpdateType.CHAT_BOOST>, <UpdateType.REMOVED_CHAT_BOOST>, <UpdateType.MESSAGE_REACTION>, <UpdateType.MESSAGE_REACTION_COUNT>, <UpdateType.BUSINESS_CONNECTION>, <UpdateType.BUSINESS_MESSAGE>, <UpdateType.EDITED_BUSINESS_MESSAGE>, <UpdateType.DELETED_BUSINESS_MESSAGES>, <UpdateType.PURCHASED_PAID_MEDIA>]}`
2026-01-10 18:29:31,271 - httpcore.http11 - DEBUG - send_request_headers.started request=<Request [b'POST']>
2026-01-10 18:29:31,271 - httpcore.http11 - DEBUG - send_request_headers.complete
2026-01-10 18:29:31,271 - httpcore.http11 - DEBUG - send_request_body.started request=<Request [b'POST']>
2026-01-10 18:29:31,272 - httpcore.http11 - DEBUG - send_request_body.complete
2026-01-10 18:29:31,272 - httpcore.http11 - DEBUG - receive_response_headers.started request=<Request [b'POST']>
2026-01-10 18:29:36,476 - pymongo.topology - DEBUG - {"message": "Server heartbeat succeeded", "topologyId": {"$oid": "6962785d3127086e3f0188e5"}, "driverConnectionId": 1, "serverConnectionId": 221, "serverHost": "localhost", "serverPort": 27017, "awaited": true, "durationMS": 10041.293541900814, "reply": "{\"isWritablePrimary\": true, \"topologyVersion\": {\"processId\": {\"$oid\": \"695c03b553e27f5a444409fe\"}}, \"maxBsonObjectSize\": 16777216, \"maxMessageSizeBytes\": 48000000, \"maxWriteBatchSize\": 100000, \"localTime\": {\"$date\": \"2026-01-10T16:29:36.475Z\"}, \"logicalSessionTimeoutMinutes\": 30, \"connectionId\": 221, \"maxWireVersion\": 27, \"ok\": 1.0}"}
2026-01-10 18:29:36,476 - pymongo.topology - DEBUG - {"message": "Server heartbeat started", "topologyId": {"$oid": "6962785d3127086e3f0188e5"}, "driverConnectionId": 1, "serverConnectionId": 221, "serverHost": "localhost", "serverPort": 27017, "awaited": true}
2026-01-10 18:29:41,406 - httpcore.http11 - DEBUG - receive_response_headers.complete return_value=(b'HTTP/1.1', 200, b'OK', [(b'Server', b'nginx/1.18.0'), (b'Date', b'Sat, 10 Jan 2026 16:29:41 GMT'), (b'Content-Type', b'application/json'), (b'Content-Length', b'23'), (b'Connection', b'keep-alive'), (b'Strict-Transport-Security', b'max-age=31536000; includeSubDomains; preload'), (b'Access-Control-Allow-Origin', b'*'), (b'Access-Control-Allow-Methods', b'GET, POST, OPTIONS'), (b'Access-Control-Expose-Headers', b'Content-Length,Content-Type,Date,Server,Connection')])
2026-01-10 18:29:41,406 - httpx - INFO - HTTP Request: POST https://api.telegram.org/bot8490932438:AAFVy70Urq5Cj0h7gUKJbECBv3z9-apYZtM/getUpdates "HTTP/1.1 200 OK"
2026-01-10 18:29:41,406 - httpcore.http11 - DEBUG - receive_response_body.started request=<Request [b'POST']>
2026-01-10 18:29:41,407 - httpcore.http11 - DEBUG - receive_response_body.complete
2026-01-10 18:29:41,407 - httpcore.http11 - DEBUG - response_closed.started
2026-01-10 18:29:41,407 - httpcore.http11 - DEBUG - response_closed.complete
2026-01-10 18:29:41,407 - telegram.ext.ExtBot - DEBUG - Call to Bot API endpoint `getUpdates` finished with return value `[]`
2026-01-10 18:29:41,407 - telegram.ext.ExtBot - DEBUG - No new updates found.
2026-01-10 18:29:41,408 - telegram.ext.ExtBot - DEBUG - Calling Bot API endpoint `getUpdates` with parameters `{'timeout': datetime.timedelta(seconds=10), 'offset': 328648466, 'allowed_updates': [<UpdateType.MESSAGE>, <UpdateType.EDITED_MESSAGE>, <UpdateType.CHANNEL_POST>, <UpdateType.EDITED_CHANNEL_POST>, <UpdateType.INLINE_QUERY>, <UpdateType.CHOSEN_INLINE_RESULT>, <UpdateType.CALLBACK_QUERY>, <UpdateType.SHIPPING_QUERY>, <UpdateType.PRE_CHECKOUT_QUERY>, <UpdateType.POLL>, <UpdateType.POLL_ANSWER>, <UpdateType.MY_CHAT_MEMBER>, <UpdateType.CHAT_MEMBER>, <UpdateType.CHAT_JOIN_REQUEST>, <UpdateType.CHAT_BOOST>, <UpdateType.REMOVED_CHAT_BOOST>, <UpdateType.MESSAGE_REACTION>, <UpdateType.MESSAGE_REACTION_COUNT>, <UpdateType.BUSINESS_CONNECTION>, <UpdateType.BUSINESS_MESSAGE>, <UpdateType.EDITED_BUSINESS_MESSAGE>, <UpdateType.DELETED_BUSINESS_MESSAGES>, <UpdateType.PURCHASED_PAID_MEDIA>]}`
2026-01-10 18:29:41,409 - httpcore.http11 - DEBUG - send_request_headers.started request=<Request [b'POST']>
2026-01-10 18:29:41,409 - httpcore.http11 - DEBUG - send_request_headers.complete
2026-01-10 18:29:41,409 - httpcore.http11 - DEBUG - send_request_body.started request=<Request [b'POST']>
2026-01-10 18:29:41,410 - httpcore.http11 - DEBUG - send_request_body.complete
2026-01-10 18:29:41,410 - httpcore.http11 - DEBUG - receive_response_headers.started request=<Request [b'POST']>
2026-01-10 18:29:46,599 - pymongo.topology - DEBUG - {"message": "Server heartbeat succeeded", "topologyId": {"$oid": "6962785d3127086e3f0188e5"}, "driverConnectionId": 1, "serverConnectionId": 221, "serverHost": "localhost", "serverPort": 27017, "awaited": true, "durationMS": 10122.239666059613, "reply": "{\"isWritablePrimary\": true, \"topologyVersion\": {\"processId\": {\"$oid\": \"695c03b553e27f5a444409fe\"}}, \"maxBsonObjectSize\": 16777216, \"maxMessageSizeBytes\": 48000000, \"maxWriteBatchSize\": 100000, \"localTime\": {\"$date\": \"2026-01-10T16:29:46.598Z\"}, \"logicalSessionTimeoutMinutes\": 30, \"connectionId\": 221, \"maxWireVersion\": 27, \"ok\": 1.0}"}
2026-01-10 18:29:46,600 - pymongo.topology - DEBUG - {"message": "Server heartbeat started", "topologyId": {"$oid": "6962785d3127086e3f0188e5"}, "driverConnectionId": 1, "serverConnectionId": 221, "serverHost": "localhost", "serverPort": 27017, "awaited": true}
2026-01-10 18:29:51,489 - httpcore.http11 - DEBUG - receive_response_headers.complete return_value=(b'HTTP/1.1', 200, b'OK', [(b'Server', b'nginx/1.18.0'), (b'Date', b'Sat, 10 Jan 2026 16:29:51 GMT'), (b'Content-Type', b'application/json'), (b'Content-Length', b'23'), (b'Connection', b'keep-alive'), (b'Strict-Transport-Security', b'max-age=31536000; includeSubDomains; preload'), (b'Access-Control-Allow-Origin', b'*'), (b'Access-Control-Allow-Methods', b'GET, POST, OPTIONS'), (b'Access-Control-Expose-Headers', b'Content-Length,Content-Type,Date,Server,Connection')])
2026-01-10 18:29:51,490 - httpx - INFO - HTTP Request: POST https://api.telegram.org/bot8490932438:AAFVy70Urq5Cj0h7gUKJbECBv3z9-apYZtM/getUpdates "HTTP/1.1 200 OK"
2026-01-10 18:29:51,490 - httpcore.http11 - DEBUG - receive_response_body.started request=<Request [b'POST']>
2026-01-10 18:29:51,490 - httpcore.http11 - DEBUG - receive_response_body.complete
2026-01-10 18:29:51,490 - httpcore.http11 - DEBUG - response_closed.started
2026-01-10 18:29:51,490 - httpcore.http11 - DEBUG - response_closed.complete
2026-01-10 18:29:51,491 - telegram.ext.ExtBot - DEBUG - Call to Bot API endpoint `getUpdates` finished with return value `[]`
2026-01-10 18:29:51,491 - telegram.ext.ExtBot - DEBUG - No new updates found.
2026-01-10 18:29:51,491 - telegram.ext.ExtBot - DEBUG - Calling Bot API endpoint `getUpdates` with parameters `{'timeout': datetime.timedelta(seconds=10), 'offset': 328648466, 'allowed_updates': [<UpdateType.MESSAGE>, <UpdateType.EDITED_MESSAGE>, <UpdateType.CHANNEL_POST>, <UpdateType.EDITED_CHANNEL_POST>, <UpdateType.INLINE_QUERY>, <UpdateType.CHOSEN_INLINE_RESULT>, <UpdateType.CALLBACK_QUERY>, <UpdateType.SHIPPING_QUERY>, <UpdateType.PRE_CHECKOUT_QUERY>, <UpdateType.POLL>, <UpdateType.POLL_ANSWER>, <UpdateType.MY_CHAT_MEMBER>, <UpdateType.CHAT_MEMBER>, <UpdateType.CHAT_JOIN_REQUEST>, <UpdateType.CHAT_BOOST>, <UpdateType.REMOVED_CHAT_BOOST>, <UpdateType.MESSAGE_REACTION>, <UpdateType.MESSAGE_REACTION_COUNT>, <UpdateType.BUSINESS_CONNECTION>, <UpdateType.BUSINESS_MESSAGE>, <UpdateType.EDITED_BUSINESS_MESSAGE>, <UpdateType.DELETED_BUSINESS_MESSAGES>, <UpdateType.PURCHASED_PAID_MEDIA>]}`
2026-01-10 18:29:51,492 - httpcore.http11 - DEBUG - send_request_headers.started request=<Request [b'POST']>
2026-01-10 18:29:51,492 - httpcore.http11 - DEBUG - send_request_headers.complete
2026-01-10 18:29:51,493 - httpcore.http11 - DEBUG - send_request_body.started request=<Request [b'POST']>
2026-01-10 18:29:51,493 - httpcore.http11 - DEBUG - send_request_body.complete
2026-01-10 18:29:51,493 - httpcore.http11 - DEBUG - receive_response_headers.started request=<Request [b'POST']>
2026-01-10 18:29:56,745 - pymongo.topology - DEBUG - {"message": "Server heartbeat succeeded", "topologyId": {"$oid": "6962785d3127086e3f0188e5"}, "driverConnectionId": 1, "serverConnectionId": 221, "serverHost": "localhost", "serverPort": 27017, "awaited": true, "durationMS": 10144.356208853424, "reply": "{\"isWritablePrimary\": true, \"topologyVersion\": {\"processId\": {\"$oid\": \"695c03b553e27f5a444409fe\"}}, \"maxBsonObjectSize\": 16777216, \"maxMessageSizeBytes\": 48000000, \"maxWriteBatchSize\": 100000, \"localTime\": {\"$date\": \"2026-01-10T16:29:56.744Z\"}, \"logicalSessionTimeoutMinutes\": 30, \"connectionId\": 221, \"maxWireVersion\": 27, \"ok\": 1.0}"}
2026-01-10 18:29:56,747 - pymongo.topology - DEBUG - {"message": "Server heartbeat started", "topologyId": {"$oid": "6962785d3127086e3f0188e5"}, "driverConnectionId": 1, "serverConnectionId": 221, "serverHost": "localhost", "serverPort": 27017, "awaited": true}
2026-01-10 18:30:01,682 - httpcore.http11 - DEBUG - receive_response_headers.complete return_value=(b'HTTP/1.1', 200, b'OK', [(b'Server', b'nginx/1.18.0'), (b'Date', b'Sat, 10 Jan 2026 16:30:01 GMT'), (b'Content-Type', b'application/json'), (b'Content-Length', b'23'), (b'Connection', b'keep-alive'), (b'Strict-Transport-Security', b'max-age=31536000; includeSubDomains; preload'), (b'Access-Control-Allow-Origin', b'*'), (b'Access-Control-Allow-Methods', b'GET, POST, OPTIONS'), (b'Access-Control-Expose-Headers', b'Content-Length,Content-Type,Date,Server,Connection')])
2026-01-10 18:30:01,682 - httpx - INFO - HTTP Request: POST https://api.telegram.org/bot8490932438:AAFVy70Urq5Cj0h7gUKJbECBv3z9-apYZtM/getUpdates "HTTP/1.1 200 OK"
2026-01-10 18:30:01,682 - httpcore.http11 - DEBUG - receive_response_body.started request=<Request [b'POST']>
2026-01-10 18:30:01,683 - httpcore.http11 - DEBUG - receive_response_body.complete
2026-01-10 18:30:01,683 - httpcore.http11 - DEBUG - response_closed.started
2026-01-10 18:30:01,683 - httpcore.http11 - DEBUG - response_closed.complete
2026-01-10 18:30:01,684 - telegram.ext.ExtBot - DEBUG - Call to Bot API endpoint `getUpdates` finished with return value `[]`
2026-01-10 18:30:01,684 - telegram.ext.ExtBot - DEBUG - No new updates found.
2026-01-10 18:30:01,684 - telegram.ext.ExtBot - DEBUG - Calling Bot API endpoint `getUpdates` with parameters `{'timeout': datetime.timedelta(seconds=10), 'offset': 328648466, 'allowed_updates': [<UpdateType.MESSAGE>, <UpdateType.EDITED_MESSAGE>, <UpdateType.CHANNEL_POST>, <UpdateType.EDITED_CHANNEL_POST>, <UpdateType.INLINE_QUERY>, <UpdateType.CHOSEN_INLINE_RESULT>, <UpdateType.CALLBACK_QUERY>, <UpdateType.SHIPPING_QUERY>, <UpdateType.PRE_CHECKOUT_QUERY>, <UpdateType.POLL>, <UpdateType.POLL_ANSWER>, <UpdateType.MY_CHAT_MEMBER>, <UpdateType.CHAT_MEMBER>, <UpdateType.CHAT_JOIN_REQUEST>, <UpdateType.CHAT_BOOST>, <UpdateType.REMOVED_CHAT_BOOST>, <UpdateType.MESSAGE_REACTION>, <UpdateType.MESSAGE_REACTION_COUNT>, <UpdateType.BUSINESS_CONNECTION>, <UpdateType.BUSINESS_MESSAGE>, <UpdateType.EDITED_BUSINESS_MESSAGE>, <UpdateType.DELETED_BUSINESS_MESSAGES>, <UpdateType.PURCHASED_PAID_MEDIA>]}`
2026-01-10 18:30:01,685 - httpcore.http11 - DEBUG - send_request_headers.started request=<Request [b'POST']>
2026-01-10 18:30:01,685 - httpcore.http11 - DEBUG - send_request_headers.complete
2026-01-10 18:30:01,685 - httpcore.http11 - DEBUG - send_request_body.started request=<Request [b'POST']>
2026-01-10 18:30:01,686 - httpcore.http11 - DEBUG - send_request_body.complete
2026-01-10 18:30:01,686 - httpcore.http11 - DEBUG - receive_response_headers.started request=<Request [b'POST']>
2026-01-10 18:30:06,860 - pymongo.topology - DEBUG - {"message": "Server heartbeat succeeded", "topologyId": {"$oid": "6962785d3127086e3f0188e5"}, "driverConnectionId": 1, "serverConnectionId": 221, "serverHost": "localhost", "serverPort": 27017, "awaited": true, "durationMS": 10113.330624997616, "reply": "{\"isWritablePrimary\": true, \"topologyVersion\": {\"processId\": {\"$oid\": \"695c03b553e27f5a444409fe\"}}, \"maxBsonObjectSize\": 16777216, \"maxMessageSizeBytes\": 48000000, \"maxWriteBatchSize\": 100000, \"localTime\": {\"$date\": \"2026-01-10T16:30:06.860Z\"}, \"logicalSessionTimeoutMinutes\": 30, \"connectionId\": 221, \"maxWireVersion\": 27, \"ok\": 1.0}"}
2026-01-10 18:30:06,862 - pymongo.topology - DEBUG - {"message": "Server heartbeat started", "topologyId": {"$oid": "6962785d3127086e3f0188e5"}, "driverConnectionId": 1, "serverConnectionId": 221, "serverHost": "localhost", "serverPort": 27017, "awaited": true}
2026-01-10 18:30:11,819 - httpcore.http11 - DEBUG - receive_response_headers.complete return_value=(b'HTTP/1.1', 200, b'OK', [(b'Server', b'nginx/1.18.0'), (b'Date', b'Sat, 10 Jan 2026 16:30:11 GMT'), (b'Content-Type', b'application/json'), (b'Content-Length', b'23'), (b'Connection', b'keep-alive'), (b'Strict-Transport-Security', b'max-age=31536000; includeSubDomains; preload'), (b'Access-Control-Allow-Origin', b'*'), (b'Access-Control-Allow-Methods', b'GET, POST, OPTIONS'), (b'Access-Control-Expose-Headers', b'Content-Length,Content-Type,Date,Server,Connection')])
2026-01-10 18:30:11,820 - httpx - INFO - HTTP Request: POST https://api.telegram.org/bot8490932438:AAFVy70Urq5Cj0h7gUKJbECBv3z9-apYZtM/getUpdates "HTTP/1.1 200 OK"
2026-01-10 18:30:11,820 - httpcore.http11 - DEBUG - receive_response_body.started request=<Request [b'POST']>
2026-01-10 18:30:11,820 - httpcore.http11 - DEBUG - receive_response_body.complete
2026-01-10 18:30:11,820 - httpcore.http11 - DEBUG - response_closed.started
2026-01-10 18:30:11,820 - httpcore.http11 - DEBUG - response_closed.complete
2026-01-10 18:30:11,821 - telegram.ext.ExtBot - DEBUG - Call to Bot API endpoint `getUpdates` finished with return value `[]`
2026-01-10 18:30:11,821 - telegram.ext.ExtBot - DEBUG - No new updates found.
2026-01-10 18:30:11,821 - telegram.ext.ExtBot - DEBUG - Calling Bot API endpoint `getUpdates` with parameters `{'timeout': datetime.timedelta(seconds=10), 'offset': 328648466, 'allowed_updates': [<UpdateType.MESSAGE>, <UpdateType.EDITED_MESSAGE>, <UpdateType.CHANNEL_POST>, <UpdateType.EDITED_CHANNEL_POST>, <UpdateType.INLINE_QUERY>, <UpdateType.CHOSEN_INLINE_RESULT>, <UpdateType.CALLBACK_QUERY>, <UpdateType.SHIPPING_QUERY>, <UpdateType.PRE_CHECKOUT_QUERY>, <UpdateType.POLL>, <UpdateType.POLL_ANSWER>, <UpdateType.MY_CHAT_MEMBER>, <UpdateType.CHAT_MEMBER>, <UpdateType.CHAT_JOIN_REQUEST>, <UpdateType.CHAT_BOOST>, <UpdateType.REMOVED_CHAT_BOOST>, <UpdateType.MESSAGE_REACTION>, <UpdateType.MESSAGE_REACTION_COUNT>, <UpdateType.BUSINESS_CONNECTION>, <UpdateType.BUSINESS_MESSAGE>, <UpdateType.EDITED_BUSINESS_MESSAGE>, <UpdateType.DELETED_BUSINESS_MESSAGES>, <UpdateType.PURCHASED_PAID_MEDIA>]}`
2026-01-10 18:30:11,822 - httpcore.http11 - DEBUG - send_request_headers.started request=<Request [b'POST']>
2026-01-10 18:30:11,822 - httpcore.http11 - DEBUG - send_request_headers.complete
2026-01-10 18:30:11,822 - httpcore.http11 - DEBUG - send_request_body.started request=<Request [b'POST']>
2026-01-10 18:30:11,823 - httpcore.http11 - DEBUG - send_request_body.complete
2026-01-10 18:30:11,823 - httpcore.http11 - DEBUG - receive_response_headers.started request=<Request [b'POST']>
2026-01-10 18:30:16,990 - pymongo.topology - DEBUG - {"message": "Server heartbeat succeeded", "topologyId": {"$oid": "6962785d3127086e3f0188e5"}, "driverConnectionId": 1, "serverConnectionId": 221, "serverHost": "localhost", "serverPort": 27017, "awaited": true, "durationMS": 10128.20095801726, "reply": "{\"isWritablePrimary\": true, \"topologyVersion\": {\"processId\": {\"$oid\": \"695c03b553e27f5a444409fe\"}}, \"maxBsonObjectSize\": 16777216, \"maxMessageSizeBytes\": 48000000, \"maxWriteBatchSize\": 100000, \"localTime\": {\"$date\": \"2026-01-10T16:30:16.989Z\"}, \"logicalSessionTimeoutMinutes\": 30, \"connectionId\": 221, \"maxWireVersion\": 27, \"ok\": 1.0}"}
2026-01-10 18:30:16,991 - pymongo.topology - DEBUG - {"message": "Server heartbeat started", "topologyId": {"$oid": "6962785d3127086e3f0188e5"}, "driverConnectionId": 1, "serverConnectionId": 221, "serverHost": "localhost", "serverPort": 27017, "awaited": true}
2026-01-10 18:30:21,956 - httpcore.http11 - DEBUG - receive_response_headers.complete return_value=(b'HTTP/1.1', 200, b'OK', [(b'Server', b'nginx/1.18.0'), (b'Date', b'Sat, 10 Jan 2026 16:30:22 GMT'), (b'Content-Type', b'application/json'), (b'Content-Length', b'23'), (b'Connection', b'keep-alive'), (b'Strict-Transport-Security', b'max-age=31536000; includeSubDomains; preload'), (b'Access-Control-Allow-Origin', b'*'), (b'Access-Control-Allow-Methods', b'GET, POST, OPTIONS'), (b'Access-Control-Expose-Headers', b'Content-Length,Content-Type,Date,Server,Connection')])
2026-01-10 18:30:21,957 - httpx - INFO - HTTP Request: POST https://api.telegram.org/bot8490932438:AAFVy70Urq5Cj0h7gUKJbECBv3z9-apYZtM/getUpdates "HTTP/1.1 200 OK"
2026-01-10 18:30:21,957 - httpcore.http11 - DEBUG - receive_response_body.started request=<Request [b'POST']>
2026-01-10 18:30:21,957 - httpcore.http11 - DEBUG - receive_response_body.complete
2026-01-10 18:30:21,957 - httpcore.http11 - DEBUG - response_closed.started
2026-01-10 18:30:21,957 - httpcore.http11 - DEBUG - response_closed.complete
2026-01-10 18:30:21,958 - telegram.ext.ExtBot - DEBUG - Call to Bot API endpoint `getUpdates` finished with return value `[]`
2026-01-10 18:30:21,958 - telegram.ext.ExtBot - DEBUG - No new updates found.
2026-01-10 18:30:21,958 - telegram.ext.ExtBot - DEBUG - Calling Bot API endpoint `getUpdates` with parameters `{'timeout': datetime.timedelta(seconds=10), 'offset': 328648466, 'allowed_updates': [<UpdateType.MESSAGE>, <UpdateType.EDITED_MESSAGE>, <UpdateType.CHANNEL_POST>, <UpdateType.EDITED_CHANNEL_POST>, <UpdateType.INLINE_QUERY>, <UpdateType.CHOSEN_INLINE_RESULT>, <UpdateType.CALLBACK_QUERY>, <UpdateType.SHIPPING_QUERY>, <UpdateType.PRE_CHECKOUT_QUERY>, <UpdateType.POLL>, <UpdateType.POLL_ANSWER>, <UpdateType.MY_CHAT_MEMBER>, <UpdateType.CHAT_MEMBER>, <UpdateType.CHAT_JOIN_REQUEST>, <UpdateType.CHAT_BOOST>, <UpdateType.REMOVED_CHAT_BOOST>, <UpdateType.MESSAGE_REACTION>, <UpdateType.MESSAGE_REACTION_COUNT>, <UpdateType.BUSINESS_CONNECTION>, <UpdateType.BUSINESS_MESSAGE>, <UpdateType.EDITED_BUSINESS_MESSAGE>, <UpdateType.DELETED_BUSINESS_MESSAGES>, <UpdateType.PURCHASED_PAID_MEDIA>]}`
2026-01-10 18:30:21,959 - httpcore.http11 - DEBUG - send_request_headers.started request=<Request [b'POST']>
2026-01-10 18:30:21,960 - httpcore.http11 - DEBUG - send_request_headers.complete
2026-01-10 18:30:21,960 - httpcore.http11 - DEBUG - send_request_body.started request=<Request [b'POST']>
2026-01-10 18:30:21,960 - httpcore.http11 - DEBUG - send_request_body.complete
2026-01-10 18:30:21,960 - httpcore.http11 - DEBUG - receive_response_headers.started request=<Request [b'POST']>
2026-01-10 18:30:27,130 - pymongo.topology - DEBUG - {"message": "Server heartbeat succeeded", "topologyId": {"$oid": "6962785d3127086e3f0188e5"}, "driverConnectionId": 1, "serverConnectionId": 221, "serverHost": "localhost", "serverPort": 27017, "awaited": true, "durationMS": 10138.524166774005, "reply": "{\"isWritablePrimary\": true, \"topologyVersion\": {\"processId\": {\"$oid\": \"695c03b553e27f5a444409fe\"}}, \"maxBsonObjectSize\": 16777216, \"maxMessageSizeBytes\": 48000000, \"maxWriteBatchSize\": 100000, \"localTime\": {\"$date\": \"2026-01-10T16:30:27.129Z\"}, \"logicalSessionTimeoutMinutes\": 30, \"connectionId\": 221, \"maxWireVersion\": 27, \"ok\": 1.0}"}
2026-01-10 18:30:27,130 - pymongo.topology - DEBUG - {"message": "Server heartbeat started", "topologyId": {"$oid": "6962785d3127086e3f0188e5"}, "driverConnectionId": 1, "serverConnectionId": 221, "serverHost": "localhost", "serverPort": 27017, "awaited": true}
2026-01-10 18:30:32,094 - httpcore.http11 - DEBUG - receive_response_headers.complete return_value=(b'HTTP/1.1', 200, b'OK', [(b'Server', b'nginx/1.18.0'), (b'Date', b'Sat, 10 Jan 2026 16:30:32 GMT'), (b'Content-Type', b'application/json'), (b'Content-Length', b'23'), (b'Connection', b'keep-alive'), (b'Strict-Transport-Security', b'max-age=31536000; includeSubDomains; preload'), (b'Access-Control-Allow-Origin', b'*'), (b'Access-Control-Allow-Methods', b'GET, POST, OPTIONS'), (b'Access-Control-Expose-Headers', b'Content-Length,Content-Type,Date,Server,Connection')])
2026-01-10 18:30:32,094 - httpx - INFO - HTTP Request: POST https://api.telegram.org/bot8490932438:AAFVy70Urq5Cj0h7gUKJbECBv3z9-apYZtM/getUpdates "HTTP/1.1 200 OK"
2026-01-10 18:30:32,094 - httpcore.http11 - DEBUG - receive_response_body.started request=<Request [b'POST']>
2026-01-10 18:30:32,095 - httpcore.http11 - DEBUG - receive_response_body.complete
2026-01-10 18:30:32,095 - httpcore.http11 - DEBUG - response_closed.started
2026-01-10 18:30:32,095 - httpcore.http11 - DEBUG - response_closed.complete
2026-01-10 18:30:32,095 - telegram.ext.ExtBot - DEBUG - Call to Bot API endpoint `getUpdates` finished with return value `[]`
2026-01-10 18:30:32,095 - telegram.ext.ExtBot - DEBUG - No new updates found.
2026-01-10 18:30:32,096 - telegram.ext.ExtBot - DEBUG - Calling Bot API endpoint `getUpdates` with parameters `{'timeout': datetime.timedelta(seconds=10), 'offset': 328648466, 'allowed_updates': [<UpdateType.MESSAGE>, <UpdateType.EDITED_MESSAGE>, <UpdateType.CHANNEL_POST>, <UpdateType.EDITED_CHANNEL_POST>, <UpdateType.INLINE_QUERY>, <UpdateType.CHOSEN_INLINE_RESULT>, <UpdateType.CALLBACK_QUERY>, <UpdateType.SHIPPING_QUERY>, <UpdateType.PRE_CHECKOUT_QUERY>, <UpdateType.POLL>, <UpdateType.POLL_ANSWER>, <UpdateType.MY_CHAT_MEMBER>, <UpdateType.CHAT_MEMBER>, <UpdateType.CHAT_JOIN_REQUEST>, <UpdateType.CHAT_BOOST>, <UpdateType.REMOVED_CHAT_BOOST>, <UpdateType.MESSAGE_REACTION>, <UpdateType.MESSAGE_REACTION_COUNT>, <UpdateType.BUSINESS_CONNECTION>, <UpdateType.BUSINESS_MESSAGE>, <UpdateType.EDITED_BUSINESS_MESSAGE>, <UpdateType.DELETED_BUSINESS_MESSAGES>, <UpdateType.PURCHASED_PAID_MEDIA>]}`
2026-01-10 18:30:32,097 - httpcore.http11 - DEBUG - send_request_headers.started request=<Request [b'POST']>
2026-01-10 18:30:32,097 - httpcore.http11 - DEBUG - send_request_headers.complete
2026-01-10 18:30:32,097 - httpcore.http11 - DEBUG - send_request_body.started request=<Request [b'POST']>
2026-01-10 18:30:32,098 - httpcore.http11 - DEBUG - send_request_body.complete
2026-01-10 18:30:32,098 - httpcore.http11 - DEBUG - receive_response_headers.started request=<Request [b'POST']>
2026-01-10 18:30:37,240 - pymongo.topology - DEBUG - {"message": "Server heartbeat succeeded", "topologyId": {"$oid": "6962785d3127086e3f0188e5"}, "driverConnectionId": 1, "serverConnectionId": 221, "serverHost": "localhost", "serverPort": 27017, "awaited": true, "durationMS": 10109.690584242344, "reply": "{\"isWritablePrimary\": true, \"topologyVersion\": {\"processId\": {\"$oid\": \"695c03b553e27f5a444409fe\"}}, \"maxBsonObjectSize\": 16777216, \"maxMessageSizeBytes\": 48000000, \"maxWriteBatchSize\": 100000, \"localTime\": {\"$date\": \"2026-01-10T16:30:37.239Z\"}, \"logicalSessionTimeoutMinutes\": 30, \"connectionId\": 221, \"maxWireVersion\": 27, \"ok\": 1.0}"}
2026-01-10 18:30:37,242 - pymongo.topology - DEBUG - {"message": "Server heartbeat started", "topologyId": {"$oid": "6962785d3127086e3f0188e5"}, "driverConnectionId": 1, "serverConnectionId": 221, "serverHost": "localhost", "serverPort": 27017, "awaited": true}
2026-01-10 18:30:42,232 - httpcore.http11 - DEBUG - receive_response_headers.complete return_value=(b'HTTP/1.1', 200, b'OK', [(b'Server', b'nginx/1.18.0'), (b'Date', b'Sat, 10 Jan 2026 16:30:42 GMT'), (b'Content-Type', b'application/json'), (b'Content-Length', b'23'), (b'Connection', b'keep-alive'), (b'Strict-Transport-Security', b'max-age=31536000; includeSubDomains; preload'), (b'Access-Control-Allow-Origin', b'*'), (b'Access-Control-Allow-Methods', b'GET, POST, OPTIONS'), (b'Access-Control-Expose-Headers', b'Content-Length,Content-Type,Date,Server,Connection')])
2026-01-10 18:30:42,232 - httpx - INFO - HTTP Request: POST https://api.telegram.org/bot8490932438:AAFVy70Urq5Cj0h7gUKJbECBv3z9-apYZtM/getUpdates "HTTP/1.1 200 OK"
2026-01-10 18:30:42,232 - httpcore.http11 - DEBUG - receive_response_body.started request=<Request [b'POST']>
2026-01-10 18:30:42,232 - httpcore.http11 - DEBUG - receive_response_body.complete
2026-01-10 18:30:42,233 - httpcore.http11 - DEBUG - response_closed.started
2026-01-10 18:30:42,233 - httpcore.http11 - DEBUG - response_closed.complete
2026-01-10 18:30:42,233 - telegram.ext.ExtBot - DEBUG - Call to Bot API endpoint `getUpdates` finished with return value `[]`
2026-01-10 18:30:42,233 - telegram.ext.ExtBot - DEBUG - No new updates found.
2026-01-10 18:30:42,234 - telegram.ext.ExtBot - DEBUG - Calling Bot API endpoint `getUpdates` with parameters `{'timeout': datetime.timedelta(seconds=10), 'offset': 328648466, 'allowed_updates': [<UpdateType.MESSAGE>, <UpdateType.EDITED_MESSAGE>, <UpdateType.CHANNEL_POST>, <UpdateType.EDITED_CHANNEL_POST>, <UpdateType.INLINE_QUERY>, <UpdateType.CHOSEN_INLINE_RESULT>, <UpdateType.CALLBACK_QUERY>, <UpdateType.SHIPPING_QUERY>, <UpdateType.PRE_CHECKOUT_QUERY>, <UpdateType.POLL>, <UpdateType.POLL_ANSWER>, <UpdateType.MY_CHAT_MEMBER>, <UpdateType.CHAT_MEMBER>, <UpdateType.CHAT_JOIN_REQUEST>, <UpdateType.CHAT_BOOST>, <UpdateType.REMOVED_CHAT_BOOST>, <UpdateType.MESSAGE_REACTION>, <UpdateType.MESSAGE_REACTION_COUNT>, <UpdateType.BUSINESS_CONNECTION>, <UpdateType.BUSINESS_MESSAGE>, <UpdateType.EDITED_BUSINESS_MESSAGE>, <UpdateType.DELETED_BUSINESS_MESSAGES>, <UpdateType.PURCHASED_PAID_MEDIA>]}`
2026-01-10 18:30:42,235 - httpcore.http11 - DEBUG - send_request_headers.started request=<Request [b'POST']>
2026-01-10 18:30:42,235 - httpcore.http11 - DEBUG - send_request_headers.complete
2026-01-10 18:30:42,235 - httpcore.http11 - DEBUG - send_request_body.started request=<Request [b'POST']>
2026-01-10 18:30:42,235 - httpcore.http11 - DEBUG - send_request_body.complete
2026-01-10 18:30:42,236 - httpcore.http11 - DEBUG - receive_response_headers.started request=<Request [b'POST']>
2026-01-10 18:30:47,364 - pymongo.topology - DEBUG - {"message": "Server heartbeat succeeded", "topologyId": {"$oid": "6962785d3127086e3f0188e5"}, "driverConnectionId": 1, "serverConnectionId": 221, "serverHost": "localhost", "serverPort": 27017, "awaited": true, "durationMS": 10121.605916880071, "reply": "{\"isWritablePrimary\": true, \"topologyVersion\": {\"processId\": {\"$oid\": \"695c03b553e27f5a444409fe\"}}, \"maxBsonObjectSize\": 16777216, \"maxMessageSizeBytes\": 48000000, \"maxWriteBatchSize\": 100000, \"localTime\": {\"$date\": \"2026-01-10T16:30:47.363Z\"}, \"logicalSessionTimeoutMinutes\": 30, \"connectionId\": 221, \"maxWireVersion\": 27, \"ok\": 1.0}"}
2026-01-10 18:30:47,364 - pymongo.topology - DEBUG - {"message": "Server heartbeat started", "topologyId": {"$oid": "6962785d3127086e3f0188e5"}, "driverConnectionId": 1, "serverConnectionId": 221, "serverHost": "localhost", "serverPort": 27017, "awaited": true}
2026-01-10 18:30:52,369 - httpcore.http11 - DEBUG - receive_response_headers.complete return_value=(b'HTTP/1.1', 200, b'OK', [(b'Server', b'nginx/1.18.0'), (b'Date', b'Sat, 10 Jan 2026 16:30:52 GMT'), (b'Content-Type', b'application/json'), (b'Content-Length', b'23'), (b'Connection', b'keep-alive'), (b'Strict-Transport-Security', b'max-age=31536000; includeSubDomains; preload'), (b'Access-Control-Allow-Origin', b'*'), (b'Access-Control-Allow-Methods', b'GET, POST, OPTIONS'), (b'Access-Control-Expose-Headers', b'Content-Length,Content-Type,Date,Server,Connection')])
2026-01-10 18:30:52,370 - httpx - INFO - HTTP Request: POST https://api.telegram.org/bot8490932438:AAFVy70Urq5Cj0h7gUKJbECBv3z9-apYZtM/getUpdates "HTTP/1.1 200 OK"
2026-01-10 18:30:52,370 - httpcore.http11 - DEBUG - receive_response_body.started request=<Request [b'POST']>
2026-01-10 18:30:52,370 - httpcore.http11 - DEBUG - receive_response_body.complete
2026-01-10 18:30:52,370 - httpcore.http11 - DEBUG - response_closed.started
2026-01-10 18:30:52,370 - httpcore.http11 - DEBUG - response_closed.complete
2026-01-10 18:30:52,371 - telegram.ext.ExtBot - DEBUG - Call to Bot API endpoint `getUpdates` finished with return value `[]`
2026-01-10 18:30:52,371 - telegram.ext.ExtBot - DEBUG - No new updates found.
2026-01-10 18:30:52,371 - telegram.ext.ExtBot - DEBUG - Calling Bot API endpoint `getUpdates` with parameters `{'timeout': datetime.timedelta(seconds=10), 'offset': 328648466, 'allowed_updates': [<UpdateType.MESSAGE>, <UpdateType.EDITED_MESSAGE>, <UpdateType.CHANNEL_POST>, <UpdateType.EDITED_CHANNEL_POST>, <UpdateType.INLINE_QUERY>, <UpdateType.CHOSEN_INLINE_RESULT>, <UpdateType.CALLBACK_QUERY>, <UpdateType.SHIPPING_QUERY>, <UpdateType.PRE_CHECKOUT_QUERY>, <UpdateType.POLL>, <UpdateType.POLL_ANSWER>, <UpdateType.MY_CHAT_MEMBER>, <UpdateType.CHAT_MEMBER>, <UpdateType.CHAT_JOIN_REQUEST>, <UpdateType.CHAT_BOOST>, <UpdateType.REMOVED_CHAT_BOOST>, <UpdateType.MESSAGE_REACTION>, <UpdateType.MESSAGE_REACTION_COUNT>, <UpdateType.BUSINESS_CONNECTION>, <UpdateType.BUSINESS_MESSAGE>, <UpdateType.EDITED_BUSINESS_MESSAGE>, <UpdateType.DELETED_BUSINESS_MESSAGES>, <UpdateType.PURCHASED_PAID_MEDIA>]}`
2026-01-10 18:30:52,372 - httpcore.http11 - DEBUG - send_request_headers.started request=<Request [b'POST']>
2026-01-10 18:30:52,372 - httpcore.http11 - DEBUG - send_request_headers.complete
2026-01-10 18:30:52,372 - httpcore.http11 - DEBUG - send_request_body.started request=<Request [b'POST']>
2026-01-10 18:30:52,373 - httpcore.http11 - DEBUG - send_request_body.complete
2026-01-10 18:30:52,373 - httpcore.http11 - DEBUG - receive_response_headers.started request=<Request [b'POST']>
2026-01-10 18:30:57,465 - pymongo.topology - DEBUG - {"message": "Server heartbeat succeeded", "topologyId": {"$oid": "6962785d3127086e3f0188e5"}, "driverConnectionId": 1, "serverConnectionId": 221, "serverHost": "localhost", "serverPort": 27017, "awaited": true, "durationMS": 10100.254625082016, "reply": "{\"isWritablePrimary\": true, \"topologyVersion\": {\"processId\": {\"$oid\": \"695c03b553e27f5a444409fe\"}}, \"maxBsonObjectSize\": 16777216, \"maxMessageSizeBytes\": 48000000, \"maxWriteBatchSize\": 100000, \"localTime\": {\"$date\": \"2026-01-10T16:30:57.464Z\"}, \"logicalSessionTimeoutMinutes\": 30, \"connectionId\": 221, \"maxWireVersion\": 27, \"ok\": 1.0}"}
2026-01-10 18:30:57,466 - pymongo.topology - DEBUG - {"message": "Server heartbeat started", "topologyId": {"$oid": "6962785d3127086e3f0188e5"}, "driverConnectionId": 1, "serverConnectionId": 221, "serverHost": "localhost", "serverPort": 27017, "awaited": true}
2026-01-10 18:31:02,508 - httpcore.http11 - DEBUG - receive_response_headers.complete return_value=(b'HTTP/1.1', 200, b'OK', [(b'Server', b'nginx/1.18.0'), (b'Date', b'Sat, 10 Jan 2026 16:31:02 GMT'), (b'Content-Type', b'application/json'), (b'Content-Length', b'23'), (b'Connection', b'keep-alive'), (b'Strict-Transport-Security', b'max-age=31536000; includeSubDomains; preload'), (b'Access-Control-Allow-Origin', b'*'), (b'Access-Control-Allow-Methods', b'GET, POST, OPTIONS'), (b'Access-Control-Expose-Headers', b'Content-Length,Content-Type,Date,Server,Connection')])
2026-01-10 18:31:02,509 - httpx - INFO - HTTP Request: POST https://api.telegram.org/bot8490932438:AAFVy70Urq5Cj0h7gUKJbECBv3z9-apYZtM/getUpdates "HTTP/1.1 200 OK"
2026-01-10 18:31:02,509 - httpcore.http11 - DEBUG - receive_response_body.started request=<Request [b'POST']>
2026-01-10 18:31:02,509 - httpcore.http11 - DEBUG - receive_response_body.complete
2026-01-10 18:31:02,510 - httpcore.http11 - DEBUG - response_closed.started
2026-01-10 18:31:02,510 - httpcore.http11 - DEBUG - response_closed.complete
2026-01-10 18:31:02,510 - telegram.ext.ExtBot - DEBUG - Call to Bot API endpoint `getUpdates` finished with return value `[]`
2026-01-10 18:31:02,510 - telegram.ext.ExtBot - DEBUG - No new updates found.
2026-01-10 18:31:02,510 - telegram.ext.ExtBot - DEBUG - Calling Bot API endpoint `getUpdates` with parameters `{'timeout': datetime.timedelta(seconds=10), 'offset': 328648466, 'allowed_updates': [<UpdateType.MESSAGE>, <UpdateType.EDITED_MESSAGE>, <UpdateType.CHANNEL_POST>, <UpdateType.EDITED_CHANNEL_POST>, <UpdateType.INLINE_QUERY>, <UpdateType.CHOSEN_INLINE_RESULT>, <UpdateType.CALLBACK_QUERY>, <UpdateType.SHIPPING_QUERY>, <UpdateType.PRE_CHECKOUT_QUERY>, <UpdateType.POLL>, <UpdateType.POLL_ANSWER>, <UpdateType.MY_CHAT_MEMBER>, <UpdateType.CHAT_MEMBER>, <UpdateType.CHAT_JOIN_REQUEST>, <UpdateType.CHAT_BOOST>, <UpdateType.REMOVED_CHAT_BOOST>, <UpdateType.MESSAGE_REACTION>, <UpdateType.MESSAGE_REACTION_COUNT>, <UpdateType.BUSINESS_CONNECTION>, <UpdateType.BUSINESS_MESSAGE>, <UpdateType.EDITED_BUSINESS_MESSAGE>, <UpdateType.DELETED_BUSINESS_MESSAGES>, <UpdateType.PURCHASED_PAID_MEDIA>]}`
2026-01-10 18:31:02,511 - httpcore.http11 - DEBUG - send_request_headers.started request=<Request [b'POST']>
2026-01-10 18:31:02,512 - httpcore.http11 - DEBUG - send_request_headers.complete
2026-01-10 18:31:02,512 - httpcore.http11 - DEBUG - send_request_body.started request=<Request [b'POST']>
2026-01-10 18:31:02,512 - httpcore.http11 - DEBUG - send_request_body.complete
2026-01-10 18:31:02,512 - httpcore.http11 - DEBUG - receive_response_headers.started request=<Request [b'POST']>
2026-01-10 18:31:07,599 - pymongo.topology - DEBUG - {"message": "Server heartbeat succeeded", "topologyId": {"$oid": "6962785d3127086e3f0188e5"}, "driverConnectionId": 1, "serverConnectionId": 221, "serverHost": "localhost", "serverPort": 27017, "awaited": true, "durationMS": 10133.324166759849, "reply": "{\"isWritablePrimary\": true, \"topologyVersion\": {\"processId\": {\"$oid\": \"695c03b553e27f5a444409fe\"}}, \"maxBsonObjectSize\": 16777216, \"maxMessageSizeBytes\": 48000000, \"maxWriteBatchSize\": 100000, \"localTime\": {\"$date\": \"2026-01-10T16:31:07.599Z\"}, \"logicalSessionTimeoutMinutes\": 30, \"connectionId\": 221, \"maxWireVersion\": 27, \"ok\": 1.0}"}
2026-01-10 18:31:07,600 - pymongo.topology - DEBUG - {"message": "Server heartbeat started", "topologyId": {"$oid": "6962785d3127086e3f0188e5"}, "driverConnectionId": 1, "serverConnectionId": 221, "serverHost": "localhost", "serverPort": 27017, "awaited": true}
2026-01-10 18:31:12,644 - httpcore.http11 - DEBUG - receive_response_headers.complete return_value=(b'HTTP/1.1', 200, b'OK', [(b'Server', b'nginx/1.18.0'), (b'Date', b'Sat, 10 Jan 2026 16:31:12 GMT'), (b'Content-Type', b'application/json'), (b'Content-Length', b'23'), (b'Connection', b'keep-alive'), (b'Strict-Transport-Security', b'max-age=31536000; includeSubDomains; preload'), (b'Access-Control-Allow-Origin', b'*'), (b'Access-Control-Allow-Methods', b'GET, POST, OPTIONS'), (b'Access-Control-Expose-Headers', b'Content-Length,Content-Type,Date,Server,Connection')])
2026-01-10 18:31:12,645 - httpx - INFO - HTTP Request: POST https://api.telegram.org/bot8490932438:AAFVy70Urq5Cj0h7gUKJbECBv3z9-apYZtM/getUpdates "HTTP/1.1 200 OK"
2026-01-10 18:31:12,645 - httpcore.http11 - DEBUG - receive_response_body.started request=<Request [b'POST']>
2026-01-10 18:31:12,645 - httpcore.http11 - DEBUG - receive_response_body.complete
2026-01-10 18:31:12,645 - httpcore.http11 - DEBUG - response_closed.started
2026-01-10 18:31:12,645 - httpcore.http11 - DEBUG - response_closed.complete
2026-01-10 18:31:12,646 - telegram.ext.ExtBot - DEBUG - Call to Bot API endpoint `getUpdates` finished with return value `[]`
2026-01-10 18:31:12,646 - telegram.ext.ExtBot - DEBUG - No new updates found.
2026-01-10 18:31:12,646 - telegram.ext.ExtBot - DEBUG - Calling Bot API endpoint `getUpdates` with parameters `{'timeout': datetime.timedelta(seconds=10), 'offset': 328648466, 'allowed_updates': [<UpdateType.MESSAGE>, <UpdateType.EDITED_MESSAGE>, <UpdateType.CHANNEL_POST>, <UpdateType.EDITED_CHANNEL_POST>, <UpdateType.INLINE_QUERY>, <UpdateType.CHOSEN_INLINE_RESULT>, <UpdateType.CALLBACK_QUERY>, <UpdateType.SHIPPING_QUERY>, <UpdateType.PRE_CHECKOUT_QUERY>, <UpdateType.POLL>, <UpdateType.POLL_ANSWER>, <UpdateType.MY_CHAT_MEMBER>, <UpdateType.CHAT_MEMBER>, <UpdateType.CHAT_JOIN_REQUEST>, <UpdateType.CHAT_BOOST>, <UpdateType.REMOVED_CHAT_BOOST>, <UpdateType.MESSAGE_REACTION>, <UpdateType.MESSAGE_REACTION_COUNT>, <UpdateType.BUSINESS_CONNECTION>, <UpdateType.BUSINESS_MESSAGE>, <UpdateType.EDITED_BUSINESS_MESSAGE>, <UpdateType.DELETED_BUSINESS_MESSAGES>, <UpdateType.PURCHASED_PAID_MEDIA>]}`
2026-01-10 18:31:12,647 - httpcore.http11 - DEBUG - send_request_headers.started request=<Request [b'POST']>
2026-01-10 18:31:12,647 - httpcore.http11 - DEBUG - send_request_headers.complete
2026-01-10 18:31:12,648 - httpcore.http11 - DEBUG - send_request_body.started request=<Request [b'POST']>
2026-01-10 18:31:12,648 - httpcore.http11 - DEBUG - send_request_body.complete
2026-01-10 18:31:12,648 - httpcore.http11 - DEBUG - receive_response_headers.started request=<Request [b'POST']>
2026-01-10 18:31:17,732 - pymongo.topology - DEBUG - {"message": "Server heartbeat succeeded", "topologyId": {"$oid": "6962785d3127086e3f0188e5"}, "driverConnectionId": 1, "serverConnectionId": 221, "serverHost": "localhost", "serverPort": 27017, "awaited": true, "durationMS": 10132.001207675785, "reply": "{\"isWritablePrimary\": true, \"topologyVersion\": {\"processId\": {\"$oid\": \"695c03b553e27f5a444409fe\"}}, \"maxBsonObjectSize\": 16777216, \"maxMessageSizeBytes\": 48000000, \"maxWriteBatchSize\": 100000, \"localTime\": {\"$date\": \"2026-01-10T16:31:17.731Z\"}, \"logicalSessionTimeoutMinutes\": 30, \"connectionId\": 221, \"maxWireVersion\": 27, \"ok\": 1.0}"}
2026-01-10 18:31:17,733 - pymongo.topology - DEBUG - {"message": "Server heartbeat started", "topologyId": {"$oid": "6962785d3127086e3f0188e5"}, "driverConnectionId": 1, "serverConnectionId": 221, "serverHost": "localhost", "serverPort": 27017, "awaited": true}
2026-01-10 18:31:22,782 - httpcore.http11 - DEBUG - receive_response_headers.complete return_value=(b'HTTP/1.1', 200, b'OK', [(b'Server', b'nginx/1.18.0'), (b'Date', b'Sat, 10 Jan 2026 16:31:22 GMT'), (b'Content-Type', b'application/json'), (b'Content-Length', b'23'), (b'Connection', b'keep-alive'), (b'Strict-Transport-Security', b'max-age=31536000; includeSubDomains; preload'), (b'Access-Control-Allow-Origin', b'*'), (b'Access-Control-Allow-Methods', b'GET, POST, OPTIONS'), (b'Access-Control-Expose-Headers', b'Content-Length,Content-Type,Date,Server,Connection')])
2026-01-10 18:31:22,782 - httpx - INFO - HTTP Request: POST https://api.telegram.org/bot8490932438:AAFVy70Urq5Cj0h7gUKJbECBv3z9-apYZtM/getUpdates "HTTP/1.1 200 OK"
2026-01-10 18:31:22,782 - httpcore.http11 - DEBUG - receive_response_body.started request=<Request [b'POST']>
2026-01-10 18:31:22,783 - httpcore.http11 - DEBUG - receive_response_body.complete
2026-01-10 18:31:22,783 - httpcore.http11 - DEBUG - response_closed.started
2026-01-10 18:31:22,783 - httpcore.http11 - DEBUG - response_closed.complete
2026-01-10 18:31:22,783 - telegram.ext.ExtBot - DEBUG - Call to Bot API endpoint `getUpdates` finished with return value `[]`
2026-01-10 18:31:22,783 - telegram.ext.ExtBot - DEBUG - No new updates found.
2026-01-10 18:31:22,784 - telegram.ext.ExtBot - DEBUG - Calling Bot API endpoint `getUpdates` with parameters `{'timeout': datetime.timedelta(seconds=10), 'offset': 328648466, 'allowed_updates': [<UpdateType.MESSAGE>, <UpdateType.EDITED_MESSAGE>, <UpdateType.CHANNEL_POST>, <UpdateType.EDITED_CHANNEL_POST>, <UpdateType.INLINE_QUERY>, <UpdateType.CHOSEN_INLINE_RESULT>, <UpdateType.CALLBACK_QUERY>, <UpdateType.SHIPPING_QUERY>, <UpdateType.PRE_CHECKOUT_QUERY>, <UpdateType.POLL>, <UpdateType.POLL_ANSWER>, <UpdateType.MY_CHAT_MEMBER>, <UpdateType.CHAT_MEMBER>, <UpdateType.CHAT_JOIN_REQUEST>, <UpdateType.CHAT_BOOST>, <UpdateType.REMOVED_CHAT_BOOST>, <UpdateType.MESSAGE_REACTION>, <UpdateType.MESSAGE_REACTION_COUNT>, <UpdateType.BUSINESS_CONNECTION>, <UpdateType.BUSINESS_MESSAGE>, <UpdateType.EDITED_BUSINESS_MESSAGE>, <UpdateType.DELETED_BUSINESS_MESSAGES>, <UpdateType.PURCHASED_PAID_MEDIA>]}`
2026-01-10 18:31:22,785 - httpcore.http11 - DEBUG - send_request_headers.started request=<Request [b'POST']>
2026-01-10 18:31:22,785 - httpcore.http11 - DEBUG - send_request_headers.complete
2026-01-10 18:31:22,785 - httpcore.http11 - DEBUG - send_request_body.started request=<Request [b'POST']>
2026-01-10 18:31:22,786 - httpcore.http11 - DEBUG - send_request_body.complete
2026-01-10 18:31:22,786 - httpcore.http11 - DEBUG - receive_response_headers.started request=<Request [b'POST']>
2026-01-10 18:31:27,854 - pymongo.topology - DEBUG - {"message": "Server heartbeat succeeded", "topologyId": {"$oid": "6962785d3127086e3f0188e5"}, "driverConnectionId": 1, "serverConnectionId": 221, "serverHost": "localhost", "serverPort": 27017, "awaited": true, "durationMS": 10121.275541838259, "reply": "{\"isWritablePrimary\": true, \"topologyVersion\": {\"processId\": {\"$oid\": \"695c03b553e27f5a444409fe\"}}, \"maxBsonObjectSize\": 16777216, \"maxMessageSizeBytes\": 48000000, \"maxWriteBatchSize\": 100000, \"localTime\": {\"$date\": \"2026-01-10T16:31:27.854Z\"}, \"logicalSessionTimeoutMinutes\": 30, \"connectionId\": 221, \"maxWireVersion\": 27, \"ok\": 1.0}"}
2026-01-10 18:31:27,855 - pymongo.topology - DEBUG - {"message": "Server heartbeat started", "topologyId": {"$oid": "6962785d3127086e3f0188e5"}, "driverConnectionId": 1, "serverConnectionId": 221, "serverHost": "localhost", "serverPort": 27017, "awaited": true}
2026-01-10 18:31:32,919 - httpcore.http11 - DEBUG - receive_response_headers.complete return_value=(b'HTTP/1.1', 200, b'OK', [(b'Server', b'nginx/1.18.0'), (b'Date', b'Sat, 10 Jan 2026 16:31:32 GMT'), (b'Content-Type', b'application/json'), (b'Content-Length', b'23'), (b'Connection', b'keep-alive'), (b'Strict-Transport-Security', b'max-age=31536000; includeSubDomains; preload'), (b'Access-Control-Allow-Origin', b'*'), (b'Access-Control-Allow-Methods', b'GET, POST, OPTIONS'), (b'Access-Control-Expose-Headers', b'Content-Length,Content-Type,Date,Server,Connection')])
2026-01-10 18:31:32,920 - httpx - INFO - HTTP Request: POST https://api.telegram.org/bot8490932438:AAFVy70Urq5Cj0h7gUKJbECBv3z9-apYZtM/getUpdates "HTTP/1.1 200 OK"
2026-01-10 18:31:32,920 - httpcore.http11 - DEBUG - receive_response_body.started request=<Request [b'POST']>
2026-01-10 18:31:32,920 - httpcore.http11 - DEBUG - receive_response_body.complete
2026-01-10 18:31:32,920 - httpcore.http11 - DEBUG - response_closed.started
2026-01-10 18:31:32,921 - httpcore.http11 - DEBUG - response_closed.complete
2026-01-10 18:31:32,921 - telegram.ext.ExtBot - DEBUG - Call to Bot API endpoint `getUpdates` finished with return value `[]`
2026-01-10 18:31:32,921 - telegram.ext.ExtBot - DEBUG - No new updates found.
2026-01-10 18:31:32,921 - telegram.ext.ExtBot - DEBUG - Calling Bot API endpoint `getUpdates` with parameters `{'timeout': datetime.timedelta(seconds=10), 'offset': 328648466, 'allowed_updates': [<UpdateType.MESSAGE>, <UpdateType.EDITED_MESSAGE>, <UpdateType.CHANNEL_POST>, <UpdateType.EDITED_CHANNEL_POST>, <UpdateType.INLINE_QUERY>, <UpdateType.CHOSEN_INLINE_RESULT>, <UpdateType.CALLBACK_QUERY>, <UpdateType.SHIPPING_QUERY>, <UpdateType.PRE_CHECKOUT_QUERY>, <UpdateType.POLL>, <UpdateType.POLL_ANSWER>, <UpdateType.MY_CHAT_MEMBER>, <UpdateType.CHAT_MEMBER>, <UpdateType.CHAT_JOIN_REQUEST>, <UpdateType.CHAT_BOOST>, <UpdateType.REMOVED_CHAT_BOOST>, <UpdateType.MESSAGE_REACTION>, <UpdateType.MESSAGE_REACTION_COUNT>, <UpdateType.BUSINESS_CONNECTION>, <UpdateType.BUSINESS_MESSAGE>, <UpdateType.EDITED_BUSINESS_MESSAGE>, <UpdateType.DELETED_BUSINESS_MESSAGES>, <UpdateType.PURCHASED_PAID_MEDIA>]}`
2026-01-10 18:31:32,922 - httpcore.http11 - DEBUG - send_request_headers.started request=<Request [b'POST']>
2026-01-10 18:31:32,923 - httpcore.http11 - DEBUG - send_request_headers.complete
2026-01-10 18:31:32,923 - httpcore.http11 - DEBUG - send_request_body.started request=<Request [b'POST']>
2026-01-10 18:31:32,924 - httpcore.http11 - DEBUG - send_request_body.complete
2026-01-10 18:31:32,924 - httpcore.http11 - DEBUG - receive_response_headers.started request=<Request [b'POST']>
2026-01-10 18:31:37,910 - pymongo.topology - DEBUG - {"message": "Server heartbeat succeeded", "topologyId": {"$oid": "6962785d3127086e3f0188e5"}, "driverConnectionId": 1, "serverConnectionId": 221, "serverHost": "localhost", "serverPort": 27017, "awaited": true, "durationMS": 10054.446041118354, "reply": "{\"isWritablePrimary\": true, \"topologyVersion\": {\"processId\": {\"$oid\": \"695c03b553e27f5a444409fe\"}}, \"maxBsonObjectSize\": 16777216, \"maxMessageSizeBytes\": 48000000, \"maxWriteBatchSize\": 100000, \"localTime\": {\"$date\": \"2026-01-10T16:31:37.909Z\"}, \"logicalSessionTimeoutMinutes\": 30, \"connectionId\": 221, \"maxWireVersion\": 27, \"ok\": 1.0}"}
2026-01-10 18:31:37,910 - pymongo.topology - DEBUG - {"message": "Server heartbeat started", "topologyId": {"$oid": "6962785d3127086e3f0188e5"}, "driverConnectionId": 1, "serverConnectionId": 221, "serverHost": "localhost", "serverPort": 27017, "awaited": true}
2026-01-10 18:31:43,057 - httpcore.http11 - DEBUG - receive_response_headers.complete return_value=(b'HTTP/1.1', 200, b'OK', [(b'Server', b'nginx/1.18.0'), (b'Date', b'Sat, 10 Jan 2026 16:31:43 GMT'), (b'Content-Type', b'application/json'), (b'Content-Length', b'23'), (b'Connection', b'keep-alive'), (b'Strict-Transport-Security', b'max-age=31536000; includeSubDomains; preload'), (b'Access-Control-Allow-Origin', b'*'), (b'Access-Control-Allow-Methods', b'GET, POST, OPTIONS'), (b'Access-Control-Expose-Headers', b'Content-Length,Content-Type,Date,Server,Connection')])
2026-01-10 18:31:43,058 - httpx - INFO - HTTP Request: POST https://api.telegram.org/bot8490932438:AAFVy70Urq5Cj0h7gUKJbECBv3z9-apYZtM/getUpdates "HTTP/1.1 200 OK"
2026-01-10 18:31:43,058 - httpcore.http11 - DEBUG - receive_response_body.started request=<Request [b'POST']>
2026-01-10 18:31:43,058 - httpcore.http11 - DEBUG - receive_response_body.complete
2026-01-10 18:31:43,058 - httpcore.http11 - DEBUG - response_closed.started
2026-01-10 18:31:43,058 - httpcore.http11 - DEBUG - response_closed.complete
2026-01-10 18:31:43,058 - telegram.ext.ExtBot - DEBUG - Call to Bot API endpoint `getUpdates` finished with return value `[]`
2026-01-10 18:31:43,059 - telegram.ext.ExtBot - DEBUG - No new updates found.
2026-01-10 18:31:43,059 - telegram.ext.ExtBot - DEBUG - Calling Bot API endpoint `getUpdates` with parameters `{'timeout': datetime.timedelta(seconds=10), 'offset': 328648466, 'allowed_updates': [<UpdateType.MESSAGE>, <UpdateType.EDITED_MESSAGE>, <UpdateType.CHANNEL_POST>, <UpdateType.EDITED_CHANNEL_POST>, <UpdateType.INLINE_QUERY>, <UpdateType.CHOSEN_INLINE_RESULT>, <UpdateType.CALLBACK_QUERY>, <UpdateType.SHIPPING_QUERY>, <UpdateType.PRE_CHECKOUT_QUERY>, <UpdateType.POLL>, <UpdateType.POLL_ANSWER>, <UpdateType.MY_CHAT_MEMBER>, <UpdateType.CHAT_MEMBER>, <UpdateType.CHAT_JOIN_REQUEST>, <UpdateType.CHAT_BOOST>, <UpdateType.REMOVED_CHAT_BOOST>, <UpdateType.MESSAGE_REACTION>, <UpdateType.MESSAGE_REACTION_COUNT>, <UpdateType.BUSINESS_CONNECTION>, <UpdateType.BUSINESS_MESSAGE>, <UpdateType.EDITED_BUSINESS_MESSAGE>, <UpdateType.DELETED_BUSINESS_MESSAGES>, <UpdateType.PURCHASED_PAID_MEDIA>]}`
2026-01-10 18:31:43,060 - httpcore.http11 - DEBUG - send_request_headers.started request=<Request [b'POST']>
2026-01-10 18:31:43,060 - httpcore.http11 - DEBUG - send_request_headers.complete
2026-01-10 18:31:43,060 - httpcore.http11 - DEBUG - send_request_body.started request=<Request [b'POST']>
2026-01-10 18:31:43,060 - httpcore.http11 - DEBUG - send_request_body.complete
2026-01-10 18:31:43,060 - httpcore.http11 - DEBUG - receive_response_headers.started request=<Request [b'POST']>
2026-01-10 18:31:48,050 - pymongo.topology - DEBUG - {"message": "Server heartbeat succeeded", "topologyId": {"$oid": "6962785d3127086e3f0188e5"}, "driverConnectionId": 1, "serverConnectionId": 221, "serverHost": "localhost", "serverPort": 27017, "awaited": true, "durationMS": 10139.372708741575, "reply": "{\"isWritablePrimary\": true, \"topologyVersion\": {\"processId\": {\"$oid\": \"695c03b553e27f5a444409fe\"}}, \"maxBsonObjectSize\": 16777216, \"maxMessageSizeBytes\": 48000000, \"maxWriteBatchSize\": 100000, \"localTime\": {\"$date\": \"2026-01-10T16:31:48.049Z\"}, \"logicalSessionTimeoutMinutes\": 30, \"connectionId\": 221, \"maxWireVersion\": 27, \"ok\": 1.0}"}
2026-01-10 18:31:48,051 - pymongo.topology - DEBUG - {"message": "Server heartbeat started", "topologyId": {"$oid": "6962785d3127086e3f0188e5"}, "driverConnectionId": 1, "serverConnectionId": 221, "serverHost": "localhost", "serverPort": 27017, "awaited": true}
2026-01-10 18:31:53,194 - httpcore.http11 - DEBUG - receive_response_headers.complete return_value=(b'HTTP/1.1', 200, b'OK', [(b'Server', b'nginx/1.18.0'), (b'Date', b'Sat, 10 Jan 2026 16:31:53 GMT'), (b'Content-Type', b'application/json'), (b'Content-Length', b'23'), (b'Connection', b'keep-alive'), (b'Strict-Transport-Security', b'max-age=31536000; includeSubDomains; preload'), (b'Access-Control-Allow-Origin', b'*'), (b'Access-Control-Allow-Methods', b'GET, POST, OPTIONS'), (b'Access-Control-Expose-Headers', b'Content-Length,Content-Type,Date,Server,Connection')])
2026-01-10 18:31:53,195 - httpx - INFO - HTTP Request: POST https://api.telegram.org/bot8490932438:AAFVy70Urq5Cj0h7gUKJbECBv3z9-apYZtM/getUpdates "HTTP/1.1 200 OK"
2026-01-10 18:31:53,195 - httpcore.http11 - DEBUG - receive_response_body.started request=<Request [b'POST']>
2026-01-10 18:31:53,195 - httpcore.http11 - DEBUG - receive_response_body.complete
2026-01-10 18:31:53,195 - httpcore.http11 - DEBUG - response_closed.started
2026-01-10 18:31:53,195 - httpcore.http11 - DEBUG - response_closed.complete
2026-01-10 18:31:53,196 - telegram.ext.ExtBot - DEBUG - Call to Bot API endpoint `getUpdates` finished with return value `[]`
2026-01-10 18:31:53,196 - telegram.ext.ExtBot - DEBUG - No new updates found.
2026-01-10 18:31:53,196 - telegram.ext.ExtBot - DEBUG - Calling Bot API endpoint `getUpdates` with parameters `{'timeout': datetime.timedelta(seconds=10), 'offset': 328648466, 'allowed_updates': [<UpdateType.MESSAGE>, <UpdateType.EDITED_MESSAGE>, <UpdateType.CHANNEL_POST>, <UpdateType.EDITED_CHANNEL_POST>, <UpdateType.INLINE_QUERY>, <UpdateType.CHOSEN_INLINE_RESULT>, <UpdateType.CALLBACK_QUERY>, <UpdateType.SHIPPING_QUERY>, <UpdateType.PRE_CHECKOUT_QUERY>, <UpdateType.POLL>, <UpdateType.POLL_ANSWER>, <UpdateType.MY_CHAT_MEMBER>, <UpdateType.CHAT_MEMBER>, <UpdateType.CHAT_JOIN_REQUEST>, <UpdateType.CHAT_BOOST>, <UpdateType.REMOVED_CHAT_BOOST>, <UpdateType.MESSAGE_REACTION>, <UpdateType.MESSAGE_REACTION_COUNT>, <UpdateType.BUSINESS_CONNECTION>, <UpdateType.BUSINESS_MESSAGE>, <UpdateType.EDITED_BUSINESS_MESSAGE>, <UpdateType.DELETED_BUSINESS_MESSAGES>, <UpdateType.PURCHASED_PAID_MEDIA>]}`
2026-01-10 18:31:53,196 - httpcore.http11 - DEBUG - send_request_headers.started request=<Request [b'POST']>
2026-01-10 18:31:53,197 - httpcore.http11 - DEBUG - send_request_headers.complete
2026-01-10 18:31:53,197 - httpcore.http11 - DEBUG - send_request_body.started request=<Request [b'POST']>
2026-01-10 18:31:53,197 - httpcore.http11 - DEBUG - send_request_body.complete
2026-01-10 18:31:53,197 - httpcore.http11 - DEBUG - receive_response_headers.started request=<Request [b'POST']>
2026-01-10 18:31:58,163 - pymongo.topology - DEBUG - {"message": "Server heartbeat succeeded", "topologyId": {"$oid": "6962785d3127086e3f0188e5"}, "driverConnectionId": 1, "serverConnectionId": 221, "serverHost": "localhost", "serverPort": 27017, "awaited": true, "durationMS": 10111.845791339874, "reply": "{\"isWritablePrimary\": true, \"topologyVersion\": {\"processId\": {\"$oid\": \"695c03b553e27f5a444409fe\"}}, \"maxBsonObjectSize\": 16777216, \"maxMessageSizeBytes\": 48000000, \"maxWriteBatchSize\": 100000, \"localTime\": {\"$date\": \"2026-01-10T16:31:58.162Z\"}, \"logicalSessionTimeoutMinutes\": 30, \"connectionId\": 221, \"maxWireVersion\": 27, \"ok\": 1.0}"}
2026-01-10 18:31:58,163 - pymongo.topology - DEBUG - {"message": "Server heartbeat started", "topologyId": {"$oid": "6962785d3127086e3f0188e5"}, "driverConnectionId": 1, "serverConnectionId": 221, "serverHost": "localhost", "serverPort": 27017, "awaited": true}
2026-01-10 18:32:03,278 - httpcore.http11 - DEBUG - receive_response_headers.complete return_value=(b'HTTP/1.1', 200, b'OK', [(b'Server', b'nginx/1.18.0'), (b'Date', b'Sat, 10 Jan 2026 16:32:03 GMT'), (b'Content-Type', b'application/json'), (b'Content-Length', b'23'), (b'Connection', b'keep-alive'), (b'Strict-Transport-Security', b'max-age=31536000; includeSubDomains; preload'), (b'Access-Control-Allow-Origin', b'*'), (b'Access-Control-Allow-Methods', b'GET, POST, OPTIONS'), (b'Access-Control-Expose-Headers', b'Content-Length,Content-Type,Date,Server,Connection')])
2026-01-10 18:32:03,279 - httpx - INFO - HTTP Request: POST https://api.telegram.org/bot8490932438:AAFVy70Urq5Cj0h7gUKJbECBv3z9-apYZtM/getUpdates "HTTP/1.1 200 OK"
2026-01-10 18:32:03,279 - httpcore.http11 - DEBUG - receive_response_body.started request=<Request [b'POST']>
2026-01-10 18:32:03,279 - httpcore.http11 - DEBUG - receive_response_body.complete
2026-01-10 18:32:03,280 - httpcore.http11 - DEBUG - response_closed.started
2026-01-10 18:32:03,280 - httpcore.http11 - DEBUG - response_closed.complete
2026-01-10 18:32:03,281 - telegram.ext.ExtBot - DEBUG - Call to Bot API endpoint `getUpdates` finished with return value `[]`
2026-01-10 18:32:03,281 - telegram.ext.ExtBot - DEBUG - No new updates found.
2026-01-10 18:32:03,281 - telegram.ext.ExtBot - DEBUG - Calling Bot API endpoint `getUpdates` with parameters `{'timeout': datetime.timedelta(seconds=10), 'offset': 328648466, 'allowed_updates': [<UpdateType.MESSAGE>, <UpdateType.EDITED_MESSAGE>, <UpdateType.CHANNEL_POST>, <UpdateType.EDITED_CHANNEL_POST>, <UpdateType.INLINE_QUERY>, <UpdateType.CHOSEN_INLINE_RESULT>, <UpdateType.CALLBACK_QUERY>, <UpdateType.SHIPPING_QUERY>, <UpdateType.PRE_CHECKOUT_QUERY>, <UpdateType.POLL>, <UpdateType.POLL_ANSWER>, <UpdateType.MY_CHAT_MEMBER>, <UpdateType.CHAT_MEMBER>, <UpdateType.CHAT_JOIN_REQUEST>, <UpdateType.CHAT_BOOST>, <UpdateType.REMOVED_CHAT_BOOST>, <UpdateType.MESSAGE_REACTION>, <UpdateType.MESSAGE_REACTION_COUNT>, <UpdateType.BUSINESS_CONNECTION>, <UpdateType.BUSINESS_MESSAGE>, <UpdateType.EDITED_BUSINESS_MESSAGE>, <UpdateType.DELETED_BUSINESS_MESSAGES>, <UpdateType.PURCHASED_PAID_MEDIA>]}`
2026-01-10 18:32:03,282 - httpcore.http11 - DEBUG - send_request_headers.started request=<Request [b'POST']>
2026-01-10 18:32:03,283 - httpcore.http11 - DEBUG - send_request_headers.complete
2026-01-10 18:32:03,283 - httpcore.http11 - DEBUG - send_request_body.started request=<Request [b'POST']>
2026-01-10 18:32:03,283 - httpcore.http11 - DEBUG - send_request_body.complete
2026-01-10 18:32:03,283 - httpcore.http11 - DEBUG - receive_response_headers.started request=<Request [b'POST']>
2026-01-10 18:32:08,281 - pymongo.topology - DEBUG - {"message": "Server heartbeat succeeded", "topologyId": {"$oid": "6962785d3127086e3f0188e5"}, "driverConnectionId": 1, "serverConnectionId": 221, "serverHost": "localhost", "serverPort": 27017, "awaited": true, "durationMS": 10117.643124889582, "reply": "{\"isWritablePrimary\": true, \"topologyVersion\": {\"processId\": {\"$oid\": \"695c03b553e27f5a444409fe\"}}, \"maxBsonObjectSize\": 16777216, \"maxMessageSizeBytes\": 48000000, \"maxWriteBatchSize\": 100000, \"localTime\": {\"$date\": \"2026-01-10T16:32:08.281Z\"}, \"logicalSessionTimeoutMinutes\": 30, \"connectionId\": 221, \"maxWireVersion\": 27, \"ok\": 1.0}"}
2026-01-10 18:32:08,282 - pymongo.topology - DEBUG - {"message": "Server heartbeat started", "topologyId": {"$oid": "6962785d3127086e3f0188e5"}, "driverConnectionId": 1, "serverConnectionId": 221, "serverHost": "localhost", "serverPort": 27017, "awaited": true}
2026-01-10 18:32:13,470 - httpcore.http11 - DEBUG - receive_response_headers.complete return_value=(b'HTTP/1.1', 200, b'OK', [(b'Server', b'nginx/1.18.0'), (b'Date', b'Sat, 10 Jan 2026 16:32:13 GMT'), (b'Content-Type', b'application/json'), (b'Content-Length', b'23'), (b'Connection', b'keep-alive'), (b'Strict-Transport-Security', b'max-age=31536000; includeSubDomains; preload'), (b'Access-Control-Allow-Origin', b'*'), (b'Access-Control-Allow-Methods', b'GET, POST, OPTIONS'), (b'Access-Control-Expose-Headers', b'Content-Length,Content-Type,Date,Server,Connection')])
2026-01-10 18:32:13,471 - httpx - INFO - HTTP Request: POST https://api.telegram.org/bot8490932438:AAFVy70Urq5Cj0h7gUKJbECBv3z9-apYZtM/getUpdates "HTTP/1.1 200 OK"
2026-01-10 18:32:13,471 - httpcore.http11 - DEBUG - receive_response_body.started request=<Request [b'POST']>
2026-01-10 18:32:13,471 - httpcore.http11 - DEBUG - receive_response_body.complete
2026-01-10 18:32:13,471 - httpcore.http11 - DEBUG - response_closed.started
2026-01-10 18:32:13,471 - httpcore.http11 - DEBUG - response_closed.complete
2026-01-10 18:32:13,472 - telegram.ext.ExtBot - DEBUG - Call to Bot API endpoint `getUpdates` finished with return value `[]`
2026-01-10 18:32:13,472 - telegram.ext.ExtBot - DEBUG - No new updates found.
2026-01-10 18:32:13,472 - telegram.ext.ExtBot - DEBUG - Calling Bot API endpoint `getUpdates` with parameters `{'timeout': datetime.timedelta(seconds=10), 'offset': 328648466, 'allowed_updates': [<UpdateType.MESSAGE>, <UpdateType.EDITED_MESSAGE>, <UpdateType.CHANNEL_POST>, <UpdateType.EDITED_CHANNEL_POST>, <UpdateType.INLINE_QUERY>, <UpdateType.CHOSEN_INLINE_RESULT>, <UpdateType.CALLBACK_QUERY>, <UpdateType.SHIPPING_QUERY>, <UpdateType.PRE_CHECKOUT_QUERY>, <UpdateType.POLL>, <UpdateType.POLL_ANSWER>, <UpdateType.MY_CHAT_MEMBER>, <UpdateType.CHAT_MEMBER>, <UpdateType.CHAT_JOIN_REQUEST>, <UpdateType.CHAT_BOOST>, <UpdateType.REMOVED_CHAT_BOOST>, <UpdateType.MESSAGE_REACTION>, <UpdateType.MESSAGE_REACTION_COUNT>, <UpdateType.BUSINESS_CONNECTION>, <UpdateType.BUSINESS_MESSAGE>, <UpdateType.EDITED_BUSINESS_MESSAGE>, <UpdateType.DELETED_BUSINESS_MESSAGES>, <UpdateType.PURCHASED_PAID_MEDIA>]}`
2026-01-10 18:32:13,473 - httpcore.http11 - DEBUG - send_request_headers.started request=<Request [b'POST']>
2026-01-10 18:32:13,473 - httpcore.http11 - DEBUG - send_request_headers.complete
2026-01-10 18:32:13,473 - httpcore.http11 - DEBUG - send_request_body.started request=<Request [b'POST']>
2026-01-10 18:32:13,474 - httpcore.http11 - DEBUG - send_request_body.complete
2026-01-10 18:32:13,474 - httpcore.http11 - DEBUG - receive_response_headers.started request=<Request [b'POST']>
2026-01-10 18:32:18,397 - pymongo.topology - DEBUG - {"message": "Server heartbeat succeeded", "topologyId": {"$oid": "6962785d3127086e3f0188e5"}, "driverConnectionId": 1, "serverConnectionId": 221, "serverHost": "localhost", "serverPort": 27017, "awaited": true, "durationMS": 10115.122958086431, "reply": "{\"isWritablePrimary\": true, \"topologyVersion\": {\"processId\": {\"$oid\": \"695c03b553e27f5a444409fe\"}}, \"maxBsonObjectSize\": 16777216, \"maxMessageSizeBytes\": 48000000, \"maxWriteBatchSize\": 100000, \"localTime\": {\"$date\": \"2026-01-10T16:32:18.397Z\"}, \"logicalSessionTimeoutMinutes\": 30, \"connectionId\": 221, \"maxWireVersion\": 27, \"ok\": 1.0}"}
2026-01-10 18:32:18,398 - pymongo.topology - DEBUG - {"message": "Server heartbeat started", "topologyId": {"$oid": "6962785d3127086e3f0188e5"}, "driverConnectionId": 1, "serverConnectionId": 221, "serverHost": "localhost", "serverPort": 27017, "awaited": true}
2026-01-10 18:32:23,607 - httpcore.http11 - DEBUG - receive_response_headers.complete return_value=(b'HTTP/1.1', 200, b'OK', [(b'Server', b'nginx/1.18.0'), (b'Date', b'Sat, 10 Jan 2026 16:32:23 GMT'), (b'Content-Type', b'application/json'), (b'Content-Length', b'23'), (b'Connection', b'keep-alive'), (b'Strict-Transport-Security', b'max-age=31536000; includeSubDomains; preload'), (b'Access-Control-Allow-Origin', b'*'), (b'Access-Control-Allow-Methods', b'GET, POST, OPTIONS'), (b'Access-Control-Expose-Headers', b'Content-Length,Content-Type,Date,Server,Connection')])
2026-01-10 18:32:23,608 - httpx - INFO - HTTP Request: POST https://api.telegram.org/bot8490932438:AAFVy70Urq5Cj0h7gUKJbECBv3z9-apYZtM/getUpdates "HTTP/1.1 200 OK"
2026-01-10 18:32:23,608 - httpcore.http11 - DEBUG - receive_response_body.started request=<Request [b'POST']>
2026-01-10 18:32:23,608 - httpcore.http11 - DEBUG - receive_response_body.complete
2026-01-10 18:32:23,608 - httpcore.http11 - DEBUG - response_closed.started
2026-01-10 18:32:23,608 - httpcore.http11 - DEBUG - response_closed.complete
2026-01-10 18:32:23,608 - telegram.ext.ExtBot - DEBUG - Call to Bot API endpoint `getUpdates` finished with return value `[]`
2026-01-10 18:32:23,608 - telegram.ext.ExtBot - DEBUG - No new updates found.
2026-01-10 18:32:23,609 - telegram.ext.ExtBot - DEBUG - Calling Bot API endpoint `getUpdates` with parameters `{'timeout': datetime.timedelta(seconds=10), 'offset': 328648466, 'allowed_updates': [<UpdateType.MESSAGE>, <UpdateType.EDITED_MESSAGE>, <UpdateType.CHANNEL_POST>, <UpdateType.EDITED_CHANNEL_POST>, <UpdateType.INLINE_QUERY>, <UpdateType.CHOSEN_INLINE_RESULT>, <UpdateType.CALLBACK_QUERY>, <UpdateType.SHIPPING_QUERY>, <UpdateType.PRE_CHECKOUT_QUERY>, <UpdateType.POLL>, <UpdateType.POLL_ANSWER>, <UpdateType.MY_CHAT_MEMBER>, <UpdateType.CHAT_MEMBER>, <UpdateType.CHAT_JOIN_REQUEST>, <UpdateType.CHAT_BOOST>, <UpdateType.REMOVED_CHAT_BOOST>, <UpdateType.MESSAGE_REACTION>, <UpdateType.MESSAGE_REACTION_COUNT>, <UpdateType.BUSINESS_CONNECTION>, <UpdateType.BUSINESS_MESSAGE>, <UpdateType.EDITED_BUSINESS_MESSAGE>, <UpdateType.DELETED_BUSINESS_MESSAGES>, <UpdateType.PURCHASED_PAID_MEDIA>]}`
2026-01-10 18:32:23,609 - httpcore.http11 - DEBUG - send_request_headers.started request=<Request [b'POST']>
2026-01-10 18:32:23,610 - httpcore.http11 - DEBUG - send_request_headers.complete
2026-01-10 18:32:23,610 - httpcore.http11 - DEBUG - send_request_body.started request=<Request [b'POST']>
2026-01-10 18:32:23,610 - httpcore.http11 - DEBUG - send_request_body.complete
2026-01-10 18:32:23,610 - httpcore.http11 - DEBUG - receive_response_headers.started request=<Request [b'POST']>
2026-01-10 18:32:28,438 - pymongo.topology - DEBUG - {"message": "Server heartbeat succeeded", "topologyId": {"$oid": "6962785d3127086e3f0188e5"}, "driverConnectionId": 1, "serverConnectionId": 221, "serverHost": "localhost", "serverPort": 27017, "awaited": true, "durationMS": 10039.754083380103, "reply": "{\"isWritablePrimary\": true, \"topologyVersion\": {\"processId\": {\"$oid\": \"695c03b553e27f5a444409fe\"}}, \"maxBsonObjectSize\": 16777216, \"maxMessageSizeBytes\": 48000000, \"maxWriteBatchSize\": 100000, \"localTime\": {\"$date\": \"2026-01-10T16:32:28.437Z\"}, \"logicalSessionTimeoutMinutes\": 30, \"connectionId\": 221, \"maxWireVersion\": 27, \"ok\": 1.0}"}
2026-01-10 18:32:28,439 - pymongo.topology - DEBUG - {"message": "Server heartbeat started", "topologyId": {"$oid": "6962785d3127086e3f0188e5"}, "driverConnectionId": 1, "serverConnectionId": 221, "serverHost": "localhost", "serverPort": 27017, "awaited": true}
2026-01-10 18:32:33,696 - httpcore.http11 - DEBUG - receive_response_headers.complete return_value=(b'HTTP/1.1', 200, b'OK', [(b'Server', b'nginx/1.18.0'), (b'Date', b'Sat, 10 Jan 2026 16:32:33 GMT'), (b'Content-Type', b'application/json'), (b'Content-Length', b'23'), (b'Connection', b'keep-alive'), (b'Strict-Transport-Security', b'max-age=31536000; includeSubDomains; preload'), (b'Access-Control-Allow-Origin', b'*'), (b'Access-Control-Allow-Methods', b'GET, POST, OPTIONS'), (b'Access-Control-Expose-Headers', b'Content-Length,Content-Type,Date,Server,Connection')])
2026-01-10 18:32:33,696 - httpx - INFO - HTTP Request: POST https://api.telegram.org/bot8490932438:AAFVy70Urq5Cj0h7gUKJbECBv3z9-apYZtM/getUpdates "HTTP/1.1 200 OK"
2026-01-10 18:32:33,696 - httpcore.http11 - DEBUG - receive_response_body.started request=<Request [b'POST']>
2026-01-10 18:32:33,697 - httpcore.http11 - DEBUG - receive_response_body.complete
2026-01-10 18:32:33,697 - httpcore.http11 - DEBUG - response_closed.started
2026-01-10 18:32:33,697 - httpcore.http11 - DEBUG - response_closed.complete
2026-01-10 18:32:33,697 - telegram.ext.ExtBot - DEBUG - Call to Bot API endpoint `getUpdates` finished with return value `[]`
2026-01-10 18:32:33,697 - telegram.ext.ExtBot - DEBUG - No new updates found.
2026-01-10 18:32:33,697 - telegram.ext.ExtBot - DEBUG - Calling Bot API endpoint `getUpdates` with parameters `{'timeout': datetime.timedelta(seconds=10), 'offset': 328648466, 'allowed_updates': [<UpdateType.MESSAGE>, <UpdateType.EDITED_MESSAGE>, <UpdateType.CHANNEL_POST>, <UpdateType.EDITED_CHANNEL_POST>, <UpdateType.INLINE_QUERY>, <UpdateType.CHOSEN_INLINE_RESULT>, <UpdateType.CALLBACK_QUERY>, <UpdateType.SHIPPING_QUERY>, <UpdateType.PRE_CHECKOUT_QUERY>, <UpdateType.POLL>, <UpdateType.POLL_ANSWER>, <UpdateType.MY_CHAT_MEMBER>, <UpdateType.CHAT_MEMBER>, <UpdateType.CHAT_JOIN_REQUEST>, <UpdateType.CHAT_BOOST>, <UpdateType.REMOVED_CHAT_BOOST>, <UpdateType.MESSAGE_REACTION>, <UpdateType.MESSAGE_REACTION_COUNT>, <UpdateType.BUSINESS_CONNECTION>, <UpdateType.BUSINESS_MESSAGE>, <UpdateType.EDITED_BUSINESS_MESSAGE>, <UpdateType.DELETED_BUSINESS_MESSAGES>, <UpdateType.PURCHASED_PAID_MEDIA>]}`
2026-01-10 18:32:33,698 - httpcore.http11 - DEBUG - send_request_headers.started request=<Request [b'POST']>
2026-01-10 18:32:33,698 - httpcore.http11 - DEBUG - send_request_headers.complete
2026-01-10 18:32:33,698 - httpcore.http11 - DEBUG - send_request_body.started request=<Request [b'POST']>
2026-01-10 18:32:33,698 - httpcore.http11 - DEBUG - send_request_body.complete
2026-01-10 18:32:33,698 - httpcore.http11 - DEBUG - receive_response_headers.started request=<Request [b'POST']>
2026-01-10 18:32:38,588 - pymongo.topology - DEBUG - {"message": "Server heartbeat succeeded", "topologyId": {"$oid": "6962785d3127086e3f0188e5"}, "driverConnectionId": 1, "serverConnectionId": 221, "serverHost": "localhost", "serverPort": 27017, "awaited": true, "durationMS": 10149.070790968835, "reply": "{\"isWritablePrimary\": true, \"topologyVersion\": {\"processId\": {\"$oid\": \"695c03b553e27f5a444409fe\"}}, \"maxBsonObjectSize\": 16777216, \"maxMessageSizeBytes\": 48000000, \"maxWriteBatchSize\": 100000, \"localTime\": {\"$date\": \"2026-01-10T16:32:38.587Z\"}, \"logicalSessionTimeoutMinutes\": 30, \"connectionId\": 221, \"maxWireVersion\": 27, \"ok\": 1.0}"}
2026-01-10 18:32:38,589 - pymongo.topology - DEBUG - {"message": "Server heartbeat started", "topologyId": {"$oid": "6962785d3127086e3f0188e5"}, "driverConnectionId": 1, "serverConnectionId": 221, "serverHost": "localhost", "serverPort": 27017, "awaited": true}
2026-01-10 18:32:43,784 - httpcore.http11 - DEBUG - receive_response_headers.complete return_value=(b'HTTP/1.1', 200, b'OK', [(b'Server', b'nginx/1.18.0'), (b'Date', b'Sat, 10 Jan 2026 16:32:43 GMT'), (b'Content-Type', b'application/json'), (b'Content-Length', b'23'), (b'Connection', b'keep-alive'), (b'Strict-Transport-Security', b'max-age=31536000; includeSubDomains; preload'), (b'Access-Control-Allow-Origin', b'*'), (b'Access-Control-Allow-Methods', b'GET, POST, OPTIONS'), (b'Access-Control-Expose-Headers', b'Content-Length,Content-Type,Date,Server,Connection')])
2026-01-10 18:32:43,784 - httpx - INFO - HTTP Request: POST https://api.telegram.org/bot8490932438:AAFVy70Urq5Cj0h7gUKJbECBv3z9-apYZtM/getUpdates "HTTP/1.1 200 OK"
2026-01-10 18:32:43,784 - httpcore.http11 - DEBUG - receive_response_body.started request=<Request [b'POST']>
2026-01-10 18:32:43,784 - httpcore.http11 - DEBUG - receive_response_body.complete
2026-01-10 18:32:43,785 - httpcore.http11 - DEBUG - response_closed.started
2026-01-10 18:32:43,785 - httpcore.http11 - DEBUG - response_closed.complete
2026-01-10 18:32:43,785 - telegram.ext.ExtBot - DEBUG - Call to Bot API endpoint `getUpdates` finished with return value `[]`
2026-01-10 18:32:43,785 - telegram.ext.ExtBot - DEBUG - No new updates found.
2026-01-10 18:32:43,786 - telegram.ext.ExtBot - DEBUG - Calling Bot API endpoint `getUpdates` with parameters `{'timeout': datetime.timedelta(seconds=10), 'offset': 328648466, 'allowed_updates': [<UpdateType.MESSAGE>, <UpdateType.EDITED_MESSAGE>, <UpdateType.CHANNEL_POST>, <UpdateType.EDITED_CHANNEL_POST>, <UpdateType.INLINE_QUERY>, <UpdateType.CHOSEN_INLINE_RESULT>, <UpdateType.CALLBACK_QUERY>, <UpdateType.SHIPPING_QUERY>, <UpdateType.PRE_CHECKOUT_QUERY>, <UpdateType.POLL>, <UpdateType.POLL_ANSWER>, <UpdateType.MY_CHAT_MEMBER>, <UpdateType.CHAT_MEMBER>, <UpdateType.CHAT_JOIN_REQUEST>, <UpdateType.CHAT_BOOST>, <UpdateType.REMOVED_CHAT_BOOST>, <UpdateType.MESSAGE_REACTION>, <UpdateType.MESSAGE_REACTION_COUNT>, <UpdateType.BUSINESS_CONNECTION>, <UpdateType.BUSINESS_MESSAGE>, <UpdateType.EDITED_BUSINESS_MESSAGE>, <UpdateType.DELETED_BUSINESS_MESSAGES>, <UpdateType.PURCHASED_PAID_MEDIA>]}`
2026-01-10 18:32:43,786 - httpcore.http11 - DEBUG - send_request_headers.started request=<Request [b'POST']>
2026-01-10 18:32:43,787 - httpcore.http11 - DEBUG - send_request_headers.complete
2026-01-10 18:32:43,787 - httpcore.http11 - DEBUG - send_request_body.started request=<Request [b'POST']>
2026-01-10 18:32:43,787 - httpcore.http11 - DEBUG - send_request_body.complete
2026-01-10 18:32:43,787 - httpcore.http11 - DEBUG - receive_response_headers.started request=<Request [b'POST']>
2026-01-10 18:32:48,736 - pymongo.topology - DEBUG - {"message": "Server heartbeat succeeded", "topologyId": {"$oid": "6962785d3127086e3f0188e5"}, "driverConnectionId": 1, "serverConnectionId": 221, "serverHost": "localhost", "serverPort": 27017, "awaited": true, "durationMS": 10146.86508430168, "reply": "{\"isWritablePrimary\": true, \"topologyVersion\": {\"processId\": {\"$oid\": \"695c03b553e27f5a444409fe\"}}, \"maxBsonObjectSize\": 16777216, \"maxMessageSizeBytes\": 48000000, \"maxWriteBatchSize\": 100000, \"localTime\": {\"$date\": \"2026-01-10T16:32:48.735Z\"}, \"logicalSessionTimeoutMinutes\": 30, \"connectionId\": 221, \"maxWireVersion\": 27, \"ok\": 1.0}"}
2026-01-10 18:32:48,737 - pymongo.topology - DEBUG - {"message": "Server heartbeat started", "topologyId": {"$oid": "6962785d3127086e3f0188e5"}, "driverConnectionId": 1, "serverConnectionId": 221, "serverHost": "localhost", "serverPort": 27017, "awaited": true}
2026-01-10 18:32:53,918 - httpcore.http11 - DEBUG - receive_response_headers.complete return_value=(b'HTTP/1.1', 200, b'OK', [(b'Server', b'nginx/1.18.0'), (b'Date', b'Sat, 10 Jan 2026 16:32:53 GMT'), (b'Content-Type', b'application/json'), (b'Content-Length', b'23'), (b'Connection', b'keep-alive'), (b'Strict-Transport-Security', b'max-age=31536000; includeSubDomains; preload'), (b'Access-Control-Allow-Origin', b'*'), (b'Access-Control-Allow-Methods', b'GET, POST, OPTIONS'), (b'Access-Control-Expose-Headers', b'Content-Length,Content-Type,Date,Server,Connection')])
2026-01-10 18:32:53,918 - httpx - INFO - HTTP Request: POST https://api.telegram.org/bot8490932438:AAFVy70Urq5Cj0h7gUKJbECBv3z9-apYZtM/getUpdates "HTTP/1.1 200 OK"
2026-01-10 18:32:53,918 - httpcore.http11 - DEBUG - receive_response_body.started request=<Request [b'POST']>
2026-01-10 18:32:53,919 - httpcore.http11 - DEBUG - receive_response_body.complete
2026-01-10 18:32:53,919 - httpcore.http11 - DEBUG - response_closed.started
2026-01-10 18:32:53,919 - httpcore.http11 - DEBUG - response_closed.complete
2026-01-10 18:32:53,919 - telegram.ext.ExtBot - DEBUG - Call to Bot API endpoint `getUpdates` finished with return value `[]`
2026-01-10 18:32:53,919 - telegram.ext.ExtBot - DEBUG - No new updates found.
2026-01-10 18:32:53,920 - telegram.ext.ExtBot - DEBUG - Calling Bot API endpoint `getUpdates` with parameters `{'timeout': datetime.timedelta(seconds=10), 'offset': 328648466, 'allowed_updates': [<UpdateType.MESSAGE>, <UpdateType.EDITED_MESSAGE>, <UpdateType.CHANNEL_POST>, <UpdateType.EDITED_CHANNEL_POST>, <UpdateType.INLINE_QUERY>, <UpdateType.CHOSEN_INLINE_RESULT>, <UpdateType.CALLBACK_QUERY>, <UpdateType.SHIPPING_QUERY>, <UpdateType.PRE_CHECKOUT_QUERY>, <UpdateType.POLL>, <UpdateType.POLL_ANSWER>, <UpdateType.MY_CHAT_MEMBER>, <UpdateType.CHAT_MEMBER>, <UpdateType.CHAT_JOIN_REQUEST>, <UpdateType.CHAT_BOOST>, <UpdateType.REMOVED_CHAT_BOOST>, <UpdateType.MESSAGE_REACTION>, <UpdateType.MESSAGE_REACTION_COUNT>, <UpdateType.BUSINESS_CONNECTION>, <UpdateType.BUSINESS_MESSAGE>, <UpdateType.EDITED_BUSINESS_MESSAGE>, <UpdateType.DELETED_BUSINESS_MESSAGES>, <UpdateType.PURCHASED_PAID_MEDIA>]}`
2026-01-10 18:32:53,920 - httpcore.http11 - DEBUG - send_request_headers.started request=<Request [b'POST']>
2026-01-10 18:32:53,921 - httpcore.http11 - DEBUG - send_request_headers.complete
2026-01-10 18:32:53,921 - httpcore.http11 - DEBUG - send_request_body.started request=<Request [b'POST']>
2026-01-10 18:32:53,921 - httpcore.http11 - DEBUG - send_request_body.complete
2026-01-10 18:32:53,921 - httpcore.http11 - DEBUG - receive_response_headers.started request=<Request [b'POST']>
2026-01-10 18:32:58,882 - pymongo.topology - DEBUG - {"message": "Server heartbeat succeeded", "topologyId": {"$oid": "6962785d3127086e3f0188e5"}, "driverConnectionId": 1, "serverConnectionId": 221, "serverHost": "localhost", "serverPort": 27017, "awaited": true, "durationMS": 10144.815749954432, "reply": "{\"isWritablePrimary\": true, \"topologyVersion\": {\"processId\": {\"$oid\": \"695c03b553e27f5a444409fe\"}}, \"maxBsonObjectSize\": 16777216, \"maxMessageSizeBytes\": 48000000, \"maxWriteBatchSize\": 100000, \"localTime\": {\"$date\": \"2026-01-10T16:32:58.881Z\"}, \"logicalSessionTimeoutMinutes\": 30, \"connectionId\": 221, \"maxWireVersion\": 27, \"ok\": 1.0}"}
2026-01-10 18:32:58,882 - pymongo.topology - DEBUG - {"message": "Server heartbeat started", "topologyId": {"$oid": "6962785d3127086e3f0188e5"}, "driverConnectionId": 1, "serverConnectionId": 221, "serverHost": "localhost", "serverPort": 27017, "awaited": true}
2026-01-10 18:33:04,001 - httpcore.http11 - DEBUG - receive_response_headers.complete return_value=(b'HTTP/1.1', 200, b'OK', [(b'Server', b'nginx/1.18.0'), (b'Date', b'Sat, 10 Jan 2026 16:33:04 GMT'), (b'Content-Type', b'application/json'), (b'Content-Length', b'23'), (b'Connection', b'keep-alive'), (b'Strict-Transport-Security', b'max-age=31536000; includeSubDomains; preload'), (b'Access-Control-Allow-Origin', b'*'), (b'Access-Control-Allow-Methods', b'GET, POST, OPTIONS'), (b'Access-Control-Expose-Headers', b'Content-Length,Content-Type,Date,Server,Connection')])
2026-01-10 18:33:04,001 - httpx - INFO - HTTP Request: POST https://api.telegram.org/bot8490932438:AAFVy70Urq5Cj0h7gUKJbECBv3z9-apYZtM/getUpdates "HTTP/1.1 200 OK"
2026-01-10 18:33:04,001 - httpcore.http11 - DEBUG - receive_response_body.started request=<Request [b'POST']>
2026-01-10 18:33:04,001 - httpcore.http11 - DEBUG - receive_response_body.complete
2026-01-10 18:33:04,002 - httpcore.http11 - DEBUG - response_closed.started
2026-01-10 18:33:04,002 - httpcore.http11 - DEBUG - response_closed.complete
2026-01-10 18:33:04,002 - telegram.ext.ExtBot - DEBUG - Call to Bot API endpoint `getUpdates` finished with return value `[]`
2026-01-10 18:33:04,002 - telegram.ext.ExtBot - DEBUG - No new updates found.
2026-01-10 18:33:04,002 - telegram.ext.ExtBot - DEBUG - Calling Bot API endpoint `getUpdates` with parameters `{'timeout': datetime.timedelta(seconds=10), 'offset': 328648466, 'allowed_updates': [<UpdateType.MESSAGE>, <UpdateType.EDITED_MESSAGE>, <UpdateType.CHANNEL_POST>, <UpdateType.EDITED_CHANNEL_POST>, <UpdateType.INLINE_QUERY>, <UpdateType.CHOSEN_INLINE_RESULT>, <UpdateType.CALLBACK_QUERY>, <UpdateType.SHIPPING_QUERY>, <UpdateType.PRE_CHECKOUT_QUERY>, <UpdateType.POLL>, <UpdateType.POLL_ANSWER>, <UpdateType.MY_CHAT_MEMBER>, <UpdateType.CHAT_MEMBER>, <UpdateType.CHAT_JOIN_REQUEST>, <UpdateType.CHAT_BOOST>, <UpdateType.REMOVED_CHAT_BOOST>, <UpdateType.MESSAGE_REACTION>, <UpdateType.MESSAGE_REACTION_COUNT>, <UpdateType.BUSINESS_CONNECTION>, <UpdateType.BUSINESS_MESSAGE>, <UpdateType.EDITED_BUSINESS_MESSAGE>, <UpdateType.DELETED_BUSINESS_MESSAGES>, <UpdateType.PURCHASED_PAID_MEDIA>]}`
2026-01-10 18:33:04,003 - httpcore.http11 - DEBUG - send_request_headers.started request=<Request [b'POST']>
2026-01-10 18:33:04,004 - httpcore.http11 - DEBUG - send_request_headers.complete
2026-01-10 18:33:04,004 - httpcore.http11 - DEBUG - send_request_body.started request=<Request [b'POST']>
2026-01-10 18:33:04,004 - httpcore.http11 - DEBUG - send_request_body.complete
2026-01-10 18:33:04,004 - httpcore.http11 - DEBUG - receive_response_headers.started request=<Request [b'POST']>
2026-01-10 18:33:09,003 - pymongo.topology - DEBUG - {"message": "Server heartbeat succeeded", "topologyId": {"$oid": "6962785d3127086e3f0188e5"}, "driverConnectionId": 1, "serverConnectionId": 221, "serverHost": "localhost", "serverPort": 27017, "awaited": true, "durationMS": 10120.513999834657, "reply": "{\"isWritablePrimary\": true, \"topologyVersion\": {\"processId\": {\"$oid\": \"695c03b553e27f5a444409fe\"}}, \"maxBsonObjectSize\": 16777216, \"maxMessageSizeBytes\": 48000000, \"maxWriteBatchSize\": 100000, \"localTime\": {\"$date\": \"2026-01-10T16:33:09.003Z\"}, \"logicalSessionTimeoutMinutes\": 30, \"connectionId\": 221, \"maxWireVersion\": 27, \"ok\": 1.0}"}
2026-01-10 18:33:09,004 - pymongo.topology - DEBUG - {"message": "Server heartbeat started", "topologyId": {"$oid": "6962785d3127086e3f0188e5"}, "driverConnectionId": 1, "serverConnectionId": 221, "serverHost": "localhost", "serverPort": 27017, "awaited": true}
2026-01-10 18:33:14,193 - httpcore.http11 - DEBUG - receive_response_headers.complete return_value=(b'HTTP/1.1', 200, b'OK', [(b'Server', b'nginx/1.18.0'), (b'Date', b'Sat, 10 Jan 2026 16:33:14 GMT'), (b'Content-Type', b'application/json'), (b'Content-Length', b'23'), (b'Connection', b'keep-alive'), (b'Strict-Transport-Security', b'max-age=31536000; includeSubDomains; preload'), (b'Access-Control-Allow-Origin', b'*'), (b'Access-Control-Allow-Methods', b'GET, POST, OPTIONS'), (b'Access-Control-Expose-Headers', b'Content-Length,Content-Type,Date,Server,Connection')])
2026-01-10 18:33:14,193 - httpx - INFO - HTTP Request: POST https://api.telegram.org/bot8490932438:AAFVy70Urq5Cj0h7gUKJbECBv3z9-apYZtM/getUpdates "HTTP/1.1 200 OK"
2026-01-10 18:33:14,193 - httpcore.http11 - DEBUG - receive_response_body.started request=<Request [b'POST']>
2026-01-10 18:33:14,193 - httpcore.http11 - DEBUG - receive_response_body.complete
2026-01-10 18:33:14,193 - httpcore.http11 - DEBUG - response_closed.started
2026-01-10 18:33:14,194 - httpcore.http11 - DEBUG - response_closed.complete
2026-01-10 18:33:14,194 - telegram.ext.ExtBot - DEBUG - Call to Bot API endpoint `getUpdates` finished with return value `[]`
2026-01-10 18:33:14,194 - telegram.ext.ExtBot - DEBUG - No new updates found.
2026-01-10 18:33:14,194 - telegram.ext.ExtBot - DEBUG - Calling Bot API endpoint `getUpdates` with parameters `{'timeout': datetime.timedelta(seconds=10), 'offset': 328648466, 'allowed_updates': [<UpdateType.MESSAGE>, <UpdateType.EDITED_MESSAGE>, <UpdateType.CHANNEL_POST>, <UpdateType.EDITED_CHANNEL_POST>, <UpdateType.INLINE_QUERY>, <UpdateType.CHOSEN_INLINE_RESULT>, <UpdateType.CALLBACK_QUERY>, <UpdateType.SHIPPING_QUERY>, <UpdateType.PRE_CHECKOUT_QUERY>, <UpdateType.POLL>, <UpdateType.POLL_ANSWER>, <UpdateType.MY_CHAT_MEMBER>, <UpdateType.CHAT_MEMBER>, <UpdateType.CHAT_JOIN_REQUEST>, <UpdateType.CHAT_BOOST>, <UpdateType.REMOVED_CHAT_BOOST>, <UpdateType.MESSAGE_REACTION>, <UpdateType.MESSAGE_REACTION_COUNT>, <UpdateType.BUSINESS_CONNECTION>, <UpdateType.BUSINESS_MESSAGE>, <UpdateType.EDITED_BUSINESS_MESSAGE>, <UpdateType.DELETED_BUSINESS_MESSAGES>, <UpdateType.PURCHASED_PAID_MEDIA>]}`
2026-01-10 18:33:14,195 - httpcore.http11 - DEBUG - send_request_headers.started request=<Request [b'POST']>
2026-01-10 18:33:14,195 - httpcore.http11 - DEBUG - send_request_headers.complete
2026-01-10 18:33:14,195 - httpcore.http11 - DEBUG - send_request_body.started request=<Request [b'POST']>
2026-01-10 18:33:14,195 - httpcore.http11 - DEBUG - send_request_body.complete
2026-01-10 18:33:14,195 - httpcore.http11 - DEBUG - receive_response_headers.started request=<Request [b'POST']>
2026-01-10 18:33:19,082 - pymongo.topology - DEBUG - {"message": "Server heartbeat succeeded", "topologyId": {"$oid": "6962785d3127086e3f0188e5"}, "driverConnectionId": 1, "serverConnectionId": 221, "serverHost": "localhost", "serverPort": 27017, "awaited": true, "durationMS": 10078.198292292655, "reply": "{\"isWritablePrimary\": true, \"topologyVersion\": {\"processId\": {\"$oid\": \"695c03b553e27f5a444409fe\"}}, \"maxBsonObjectSize\": 16777216, \"maxMessageSizeBytes\": 48000000, \"maxWriteBatchSize\": 100000, \"localTime\": {\"$date\": \"2026-01-10T16:33:19.081Z\"}, \"logicalSessionTimeoutMinutes\": 30, \"connectionId\": 221, \"maxWireVersion\": 27, \"ok\": 1.0}"}
2026-01-10 18:33:19,083 - pymongo.topology - DEBUG - {"message": "Server heartbeat started", "topologyId": {"$oid": "6962785d3127086e3f0188e5"}, "driverConnectionId": 1, "serverConnectionId": 221, "serverHost": "localhost", "serverPort": 27017, "awaited": true}
2026-01-10 18:33:24,276 - httpcore.http11 - DEBUG - receive_response_headers.complete return_value=(b'HTTP/1.1', 200, b'OK', [(b'Server', b'nginx/1.18.0'), (b'Date', b'Sat, 10 Jan 2026 16:33:24 GMT'), (b'Content-Type', b'application/json'), (b'Content-Length', b'23'), (b'Connection', b'keep-alive'), (b'Strict-Transport-Security', b'max-age=31536000; includeSubDomains; preload'), (b'Access-Control-Allow-Origin', b'*'), (b'Access-Control-Allow-Methods', b'GET, POST, OPTIONS'), (b'Access-Control-Expose-Headers', b'Content-Length,Content-Type,Date,Server,Connection')])
2026-01-10 18:33:24,276 - httpx - INFO - HTTP Request: POST https://api.telegram.org/bot8490932438:AAFVy70Urq5Cj0h7gUKJbECBv3z9-apYZtM/getUpdates "HTTP/1.1 200 OK"
2026-01-10 18:33:24,276 - httpcore.http11 - DEBUG - receive_response_body.started request=<Request [b'POST']>
2026-01-10 18:33:24,276 - httpcore.http11 - DEBUG - receive_response_body.complete
2026-01-10 18:33:24,277 - httpcore.http11 - DEBUG - response_closed.started
2026-01-10 18:33:24,277 - httpcore.http11 - DEBUG - response_closed.complete
2026-01-10 18:33:24,277 - telegram.ext.ExtBot - DEBUG - Call to Bot API endpoint `getUpdates` finished with return value `[]`
2026-01-10 18:33:24,277 - telegram.ext.ExtBot - DEBUG - No new updates found.
2026-01-10 18:33:24,277 - telegram.ext.ExtBot - DEBUG - Calling Bot API endpoint `getUpdates` with parameters `{'timeout': datetime.timedelta(seconds=10), 'offset': 328648466, 'allowed_updates': [<UpdateType.MESSAGE>, <UpdateType.EDITED_MESSAGE>, <UpdateType.CHANNEL_POST>, <UpdateType.EDITED_CHANNEL_POST>, <UpdateType.INLINE_QUERY>, <UpdateType.CHOSEN_INLINE_RESULT>, <UpdateType.CALLBACK_QUERY>, <UpdateType.SHIPPING_QUERY>, <UpdateType.PRE_CHECKOUT_QUERY>, <UpdateType.POLL>, <UpdateType.POLL_ANSWER>, <UpdateType.MY_CHAT_MEMBER>, <UpdateType.CHAT_MEMBER>, <UpdateType.CHAT_JOIN_REQUEST>, <UpdateType.CHAT_BOOST>, <UpdateType.REMOVED_CHAT_BOOST>, <UpdateType.MESSAGE_REACTION>, <UpdateType.MESSAGE_REACTION_COUNT>, <UpdateType.BUSINESS_CONNECTION>, <UpdateType.BUSINESS_MESSAGE>, <UpdateType.EDITED_BUSINESS_MESSAGE>, <UpdateType.DELETED_BUSINESS_MESSAGES>, <UpdateType.PURCHASED_PAID_MEDIA>]}`
2026-01-10 18:33:24,278 - httpcore.http11 - DEBUG - send_request_headers.started request=<Request [b'POST']>
2026-01-10 18:33:24,278 - httpcore.http11 - DEBUG - send_request_headers.complete
2026-01-10 18:33:24,278 - httpcore.http11 - DEBUG - send_request_body.started request=<Request [b'POST']>
2026-01-10 18:33:24,278 - httpcore.http11 - DEBUG - send_request_body.complete
2026-01-10 18:33:24,278 - httpcore.http11 - DEBUG - receive_response_headers.started request=<Request [b'POST']>
2026-01-10 18:33:29,211 - pymongo.topology - DEBUG - {"message": "Server heartbeat succeeded", "topologyId": {"$oid": "6962785d3127086e3f0188e5"}, "driverConnectionId": 1, "serverConnectionId": 221, "serverHost": "localhost", "serverPort": 27017, "awaited": true, "durationMS": 10128.067874815315, "reply": "{\"isWritablePrimary\": true, \"topologyVersion\": {\"processId\": {\"$oid\": \"695c03b553e27f5a444409fe\"}}, \"maxBsonObjectSize\": 16777216, \"maxMessageSizeBytes\": 48000000, \"maxWriteBatchSize\": 100000, \"localTime\": {\"$date\": \"2026-01-10T16:33:29.211Z\"}, \"logicalSessionTimeoutMinutes\": 30, \"connectionId\": 221, \"maxWireVersion\": 27, \"ok\": 1.0}"}
2026-01-10 18:33:29,212 - pymongo.topology - DEBUG - {"message": "Server heartbeat started", "topologyId": {"$oid": "6962785d3127086e3f0188e5"}, "driverConnectionId": 1, "serverConnectionId": 221, "serverHost": "localhost", "serverPort": 27017, "awaited": true}
2026-01-10 18:33:34,359 - httpcore.http11 - DEBUG - receive_response_headers.complete return_value=(b'HTTP/1.1', 200, b'OK', [(b'Server', b'nginx/1.18.0'), (b'Date', b'Sat, 10 Jan 2026 16:33:34 GMT'), (b'Content-Type', b'application/json'), (b'Content-Length', b'23'), (b'Connection', b'keep-alive'), (b'Strict-Transport-Security', b'max-age=31536000; includeSubDomains; preload'), (b'Access-Control-Allow-Origin', b'*'), (b'Access-Control-Allow-Methods', b'GET, POST, OPTIONS'), (b'Access-Control-Expose-Headers', b'Content-Length,Content-Type,Date,Server,Connection')])
2026-01-10 18:33:34,360 - httpx - INFO - HTTP Request: POST https://api.telegram.org/bot8490932438:AAFVy70Urq5Cj0h7gUKJbECBv3z9-apYZtM/getUpdates "HTTP/1.1 200 OK"
2026-01-10 18:33:34,360 - httpcore.http11 - DEBUG - receive_response_body.started request=<Request [b'POST']>
2026-01-10 18:33:34,360 - httpcore.http11 - DEBUG - receive_response_body.complete
2026-01-10 18:33:34,360 - httpcore.http11 - DEBUG - response_closed.started
2026-01-10 18:33:34,360 - httpcore.http11 - DEBUG - response_closed.complete
2026-01-10 18:33:34,361 - telegram.ext.ExtBot - DEBUG - Call to Bot API endpoint `getUpdates` finished with return value `[]`
2026-01-10 18:33:34,361 - telegram.ext.ExtBot - DEBUG - No new updates found.
2026-01-10 18:33:34,361 - telegram.ext.ExtBot - DEBUG - Calling Bot API endpoint `getUpdates` with parameters `{'timeout': datetime.timedelta(seconds=10), 'offset': 328648466, 'allowed_updates': [<UpdateType.MESSAGE>, <UpdateType.EDITED_MESSAGE>, <UpdateType.CHANNEL_POST>, <UpdateType.EDITED_CHANNEL_POST>, <UpdateType.INLINE_QUERY>, <UpdateType.CHOSEN_INLINE_RESULT>, <UpdateType.CALLBACK_QUERY>, <UpdateType.SHIPPING_QUERY>, <UpdateType.PRE_CHECKOUT_QUERY>, <UpdateType.POLL>, <UpdateType.POLL_ANSWER>, <UpdateType.MY_CHAT_MEMBER>, <UpdateType.CHAT_MEMBER>, <UpdateType.CHAT_JOIN_REQUEST>, <UpdateType.CHAT_BOOST>, <UpdateType.REMOVED_CHAT_BOOST>, <UpdateType.MESSAGE_REACTION>, <UpdateType.MESSAGE_REACTION_COUNT>, <UpdateType.BUSINESS_CONNECTION>, <UpdateType.BUSINESS_MESSAGE>, <UpdateType.EDITED_BUSINESS_MESSAGE>, <UpdateType.DELETED_BUSINESS_MESSAGES>, <UpdateType.PURCHASED_PAID_MEDIA>]}`
2026-01-10 18:33:34,362 - httpcore.http11 - DEBUG - send_request_headers.started request=<Request [b'POST']>
2026-01-10 18:33:34,363 - httpcore.http11 - DEBUG - send_request_headers.complete
2026-01-10 18:33:34,363 - httpcore.http11 - DEBUG - send_request_body.started request=<Request [b'POST']>
2026-01-10 18:33:34,363 - httpcore.http11 - DEBUG - send_request_body.complete
2026-01-10 18:33:34,363 - httpcore.http11 - DEBUG - receive_response_headers.started request=<Request [b'POST']>
2026-01-10 18:33:39,351 - pymongo.topology - DEBUG - {"message": "Server heartbeat succeeded", "topologyId": {"$oid": "6962785d3127086e3f0188e5"}, "driverConnectionId": 1, "serverConnectionId": 221, "serverHost": "localhost", "serverPort": 27017, "awaited": true, "durationMS": 10139.32420918718, "reply": "{\"isWritablePrimary\": true, \"topologyVersion\": {\"processId\": {\"$oid\": \"695c03b553e27f5a444409fe\"}}, \"maxBsonObjectSize\": 16777216, \"maxMessageSizeBytes\": 48000000, \"maxWriteBatchSize\": 100000, \"localTime\": {\"$date\": \"2026-01-10T16:33:39.351Z\"}, \"logicalSessionTimeoutMinutes\": 30, \"connectionId\": 221, \"maxWireVersion\": 27, \"ok\": 1.0}"}
2026-01-10 18:33:39,352 - pymongo.topology - DEBUG - {"message": "Server heartbeat started", "topologyId": {"$oid": "6962785d3127086e3f0188e5"}, "driverConnectionId": 1, "serverConnectionId": 221, "serverHost": "localhost", "serverPort": 27017, "awaited": true}
2026-01-10 18:33:44,478 - httpcore.http11 - DEBUG - receive_response_headers.complete return_value=(b'HTTP/1.1', 200, b'OK', [(b'Server', b'nginx/1.18.0'), (b'Date', b'Sat, 10 Jan 2026 16:33:44 GMT'), (b'Content-Type', b'application/json'), (b'Content-Length', b'23'), (b'Connection', b'keep-alive'), (b'Strict-Transport-Security', b'max-age=31536000; includeSubDomains; preload'), (b'Access-Control-Allow-Origin', b'*'), (b'Access-Control-Allow-Methods', b'GET, POST, OPTIONS'), (b'Access-Control-Expose-Headers', b'Content-Length,Content-Type,Date,Server,Connection')])
2026-01-10 18:33:44,478 - httpx - INFO - HTTP Request: POST https://api.telegram.org/bot8490932438:AAFVy70Urq5Cj0h7gUKJbECBv3z9-apYZtM/getUpdates "HTTP/1.1 200 OK"
2026-01-10 18:33:44,479 - httpcore.http11 - DEBUG - receive_response_body.started request=<Request [b'POST']>
2026-01-10 18:33:44,479 - httpcore.http11 - DEBUG - receive_response_body.complete
2026-01-10 18:33:44,479 - httpcore.http11 - DEBUG - response_closed.started
2026-01-10 18:33:44,479 - httpcore.http11 - DEBUG - response_closed.complete
2026-01-10 18:33:44,479 - telegram.ext.ExtBot - DEBUG - Call to Bot API endpoint `getUpdates` finished with return value `[]`
2026-01-10 18:33:44,479 - telegram.ext.ExtBot - DEBUG - No new updates found.
2026-01-10 18:33:44,479 - telegram.ext.ExtBot - DEBUG - Calling Bot API endpoint `getUpdates` with parameters `{'timeout': datetime.timedelta(seconds=10), 'offset': 328648466, 'allowed_updates': [<UpdateType.MESSAGE>, <UpdateType.EDITED_MESSAGE>, <UpdateType.CHANNEL_POST>, <UpdateType.EDITED_CHANNEL_POST>, <UpdateType.INLINE_QUERY>, <UpdateType.CHOSEN_INLINE_RESULT>, <UpdateType.CALLBACK_QUERY>, <UpdateType.SHIPPING_QUERY>, <UpdateType.PRE_CHECKOUT_QUERY>, <UpdateType.POLL>, <UpdateType.POLL_ANSWER>, <UpdateType.MY_CHAT_MEMBER>, <UpdateType.CHAT_MEMBER>, <UpdateType.CHAT_JOIN_REQUEST>, <UpdateType.CHAT_BOOST>, <UpdateType.REMOVED_CHAT_BOOST>, <UpdateType.MESSAGE_REACTION>, <UpdateType.MESSAGE_REACTION_COUNT>, <UpdateType.BUSINESS_CONNECTION>, <UpdateType.BUSINESS_MESSAGE>, <UpdateType.EDITED_BUSINESS_MESSAGE>, <UpdateType.DELETED_BUSINESS_MESSAGES>, <UpdateType.PURCHASED_PAID_MEDIA>]}`
2026-01-10 18:33:44,480 - httpcore.http11 - DEBUG - send_request_headers.started request=<Request [b'POST']>
2026-01-10 18:33:44,480 - httpcore.http11 - DEBUG - send_request_headers.complete
2026-01-10 18:33:44,480 - httpcore.http11 - DEBUG - send_request_body.started request=<Request [b'POST']>
2026-01-10 18:33:44,480 - httpcore.http11 - DEBUG - send_request_body.complete
2026-01-10 18:33:44,480 - httpcore.http11 - DEBUG - receive_response_headers.started request=<Request [b'POST']>
2026-01-10 18:33:49,498 - pymongo.topology - DEBUG - {"message": "Server heartbeat succeeded", "topologyId": {"$oid": "6962785d3127086e3f0188e5"}, "driverConnectionId": 1, "serverConnectionId": 221, "serverHost": "localhost", "serverPort": 27017, "awaited": true, "durationMS": 10145.638625137508, "reply": "{\"isWritablePrimary\": true, \"topologyVersion\": {\"processId\": {\"$oid\": \"695c03b553e27f5a444409fe\"}}, \"maxBsonObjectSize\": 16777216, \"maxMessageSizeBytes\": 48000000, \"maxWriteBatchSize\": 100000, \"localTime\": {\"$date\": \"2026-01-10T16:33:49.497Z\"}, \"logicalSessionTimeoutMinutes\": 30, \"connectionId\": 221, \"maxWireVersion\": 27, \"ok\": 1.0}"}
2026-01-10 18:33:49,498 - pymongo.topology - DEBUG - {"message": "Server heartbeat started", "topologyId": {"$oid": "6962785d3127086e3f0188e5"}, "driverConnectionId": 1, "serverConnectionId": 221, "serverHost": "localhost", "serverPort": 27017, "awaited": true}
2026-01-10 18:33:54,640 - httpcore.http11 - DEBUG - receive_response_headers.complete return_value=(b'HTTP/1.1', 200, b'OK', [(b'Server', b'nginx/1.18.0'), (b'Date', b'Sat, 10 Jan 2026 16:33:54 GMT'), (b'Content-Type', b'application/json'), (b'Content-Length', b'23'), (b'Connection', b'keep-alive'), (b'Strict-Transport-Security', b'max-age=31536000; includeSubDomains; preload'), (b'Access-Control-Allow-Origin', b'*'), (b'Access-Control-Allow-Methods', b'GET, POST, OPTIONS'), (b'Access-Control-Expose-Headers', b'Content-Length,Content-Type,Date,Server,Connection')])
2026-01-10 18:33:54,640 - httpx - INFO - HTTP Request: POST https://api.telegram.org/bot8490932438:AAFVy70Urq5Cj0h7gUKJbECBv3z9-apYZtM/getUpdates "HTTP/1.1 200 OK"
2026-01-10 18:33:54,640 - httpcore.http11 - DEBUG - receive_response_body.started request=<Request [b'POST']>
2026-01-10 18:33:54,640 - httpcore.http11 - DEBUG - receive_response_body.complete
2026-01-10 18:33:54,640 - httpcore.http11 - DEBUG - response_closed.started
2026-01-10 18:33:54,641 - httpcore.http11 - DEBUG - response_closed.complete
2026-01-10 18:33:54,641 - telegram.ext.ExtBot - DEBUG - Call to Bot API endpoint `getUpdates` finished with return value `[]`
2026-01-10 18:33:54,641 - telegram.ext.ExtBot - DEBUG - No new updates found.
2026-01-10 18:33:54,641 - telegram.ext.ExtBot - DEBUG - Calling Bot API endpoint `getUpdates` with parameters `{'timeout': datetime.timedelta(seconds=10), 'offset': 328648466, 'allowed_updates': [<UpdateType.MESSAGE>, <UpdateType.EDITED_MESSAGE>, <UpdateType.CHANNEL_POST>, <UpdateType.EDITED_CHANNEL_POST>, <UpdateType.INLINE_QUERY>, <UpdateType.CHOSEN_INLINE_RESULT>, <UpdateType.CALLBACK_QUERY>, <UpdateType.SHIPPING_QUERY>, <UpdateType.PRE_CHECKOUT_QUERY>, <UpdateType.POLL>, <UpdateType.POLL_ANSWER>, <UpdateType.MY_CHAT_MEMBER>, <UpdateType.CHAT_MEMBER>, <UpdateType.CHAT_JOIN_REQUEST>, <UpdateType.CHAT_BOOST>, <UpdateType.REMOVED_CHAT_BOOST>, <UpdateType.MESSAGE_REACTION>, <UpdateType.MESSAGE_REACTION_COUNT>, <UpdateType.BUSINESS_CONNECTION>, <UpdateType.BUSINESS_MESSAGE>, <UpdateType.EDITED_BUSINESS_MESSAGE>, <UpdateType.DELETED_BUSINESS_MESSAGES>, <UpdateType.PURCHASED_PAID_MEDIA>]}`
2026-01-10 18:33:54,642 - httpcore.http11 - DEBUG - send_request_headers.started request=<Request [b'POST']>
2026-01-10 18:33:54,642 - httpcore.http11 - DEBUG - send_request_headers.complete
2026-01-10 18:33:54,642 - httpcore.http11 - DEBUG - send_request_body.started request=<Request [b'POST']>
2026-01-10 18:33:54,642 - httpcore.http11 - DEBUG - send_request_body.complete
2026-01-10 18:33:54,642 - httpcore.http11 - DEBUG - receive_response_headers.started request=<Request [b'POST']>
2026-01-10 18:33:59,646 - pymongo.topology - DEBUG - {"message": "Server heartbeat succeeded", "topologyId": {"$oid": "6962785d3127086e3f0188e5"}, "driverConnectionId": 1, "serverConnectionId": 221, "serverHost": "localhost", "serverPort": 27017, "awaited": true, "durationMS": 10147.384459152818, "reply": "{\"isWritablePrimary\": true, \"topologyVersion\": {\"processId\": {\"$oid\": \"695c03b553e27f5a444409fe\"}}, \"maxBsonObjectSize\": 16777216, \"maxMessageSizeBytes\": 48000000, \"maxWriteBatchSize\": 100000, \"localTime\": {\"$date\": \"2026-01-10T16:33:59.645Z\"}, \"logicalSessionTimeoutMinutes\": 30, \"connectionId\": 221, \"maxWireVersion\": 27, \"ok\": 1.0}"}
2026-01-10 18:33:59,647 - pymongo.topology - DEBUG - {"message": "Server heartbeat started", "topologyId": {"$oid": "6962785d3127086e3f0188e5"}, "driverConnectionId": 1, "serverConnectionId": 221, "serverHost": "localhost", "serverPort": 27017, "awaited": true}
2026-01-10 18:34:04,720 - httpcore.http11 - DEBUG - receive_response_headers.complete return_value=(b'HTTP/1.1', 200, b'OK', [(b'Server', b'nginx/1.18.0'), (b'Date', b'Sat, 10 Jan 2026 16:34:04 GMT'), (b'Content-Type', b'application/json'), (b'Content-Length', b'23'), (b'Connection', b'keep-alive'), (b'Strict-Transport-Security', b'max-age=31536000; includeSubDomains; preload'), (b'Access-Control-Allow-Origin', b'*'), (b'Access-Control-Allow-Methods', b'GET, POST, OPTIONS'), (b'Access-Control-Expose-Headers', b'Content-Length,Content-Type,Date,Server,Connection')])
2026-01-10 18:34:04,721 - httpx - INFO - HTTP Request: POST https://api.telegram.org/bot8490932438:AAFVy70Urq5Cj0h7gUKJbECBv3z9-apYZtM/getUpdates "HTTP/1.1 200 OK"
2026-01-10 18:34:04,721 - httpcore.http11 - DEBUG - receive_response_body.started request=<Request [b'POST']>
2026-01-10 18:34:04,721 - httpcore.http11 - DEBUG - receive_response_body.complete
2026-01-10 18:34:04,721 - httpcore.http11 - DEBUG - response_closed.started
2026-01-10 18:34:04,721 - httpcore.http11 - DEBUG - response_closed.complete
2026-01-10 18:34:04,721 - telegram.ext.ExtBot - DEBUG - Call to Bot API endpoint `getUpdates` finished with return value `[]`
2026-01-10 18:34:04,722 - telegram.ext.ExtBot - DEBUG - No new updates found.
2026-01-10 18:34:04,722 - telegram.ext.ExtBot - DEBUG - Calling Bot API endpoint `getUpdates` with parameters `{'timeout': datetime.timedelta(seconds=10), 'offset': 328648466, 'allowed_updates': [<UpdateType.MESSAGE>, <UpdateType.EDITED_MESSAGE>, <UpdateType.CHANNEL_POST>, <UpdateType.EDITED_CHANNEL_POST>, <UpdateType.INLINE_QUERY>, <UpdateType.CHOSEN_INLINE_RESULT>, <UpdateType.CALLBACK_QUERY>, <UpdateType.SHIPPING_QUERY>, <UpdateType.PRE_CHECKOUT_QUERY>, <UpdateType.POLL>, <UpdateType.POLL_ANSWER>, <UpdateType.MY_CHAT_MEMBER>, <UpdateType.CHAT_MEMBER>, <UpdateType.CHAT_JOIN_REQUEST>, <UpdateType.CHAT_BOOST>, <UpdateType.REMOVED_CHAT_BOOST>, <UpdateType.MESSAGE_REACTION>, <UpdateType.MESSAGE_REACTION_COUNT>, <UpdateType.BUSINESS_CONNECTION>, <UpdateType.BUSINESS_MESSAGE>, <UpdateType.EDITED_BUSINESS_MESSAGE>, <UpdateType.DELETED_BUSINESS_MESSAGES>, <UpdateType.PURCHASED_PAID_MEDIA>]}`
2026-01-10 18:34:04,722 - httpcore.http11 - DEBUG - send_request_headers.started request=<Request [b'POST']>
2026-01-10 18:34:04,723 - httpcore.http11 - DEBUG - send_request_headers.complete
2026-01-10 18:34:04,723 - httpcore.http11 - DEBUG - send_request_body.started request=<Request [b'POST']>
2026-01-10 18:34:04,723 - httpcore.http11 - DEBUG - send_request_body.complete
2026-01-10 18:34:04,723 - httpcore.http11 - DEBUG - receive_response_headers.started request=<Request [b'POST']>
2026-01-10 18:34:09,740 - pymongo.topology - DEBUG - {"message": "Server heartbeat succeeded", "topologyId": {"$oid": "6962785d3127086e3f0188e5"}, "driverConnectionId": 1, "serverConnectionId": 221, "serverHost": "localhost", "serverPort": 27017, "awaited": true, "durationMS": 10093.270209152251, "reply": "{\"isWritablePrimary\": true, \"topologyVersion\": {\"processId\": {\"$oid\": \"695c03b553e27f5a444409fe\"}}, \"maxBsonObjectSize\": 16777216, \"maxMessageSizeBytes\": 48000000, \"maxWriteBatchSize\": 100000, \"localTime\": {\"$date\": \"2026-01-10T16:34:09.740Z\"}, \"logicalSessionTimeoutMinutes\": 30, \"connectionId\": 221, \"maxWireVersion\": 27, \"ok\": 1.0}"}
2026-01-10 18:34:09,741 - pymongo.topology - DEBUG - {"message": "Server heartbeat started", "topologyId": {"$oid": "6962785d3127086e3f0188e5"}, "driverConnectionId": 1, "serverConnectionId": 221, "serverHost": "localhost", "serverPort": 27017, "awaited": true}
2026-01-10 18:34:14,916 - httpcore.http11 - DEBUG - receive_response_headers.complete return_value=(b'HTTP/1.1', 200, b'OK', [(b'Server', b'nginx/1.18.0'), (b'Date', b'Sat, 10 Jan 2026 16:34:14 GMT'), (b'Content-Type', b'application/json'), (b'Content-Length', b'23'), (b'Connection', b'keep-alive'), (b'Strict-Transport-Security', b'max-age=31536000; includeSubDomains; preload'), (b'Access-Control-Allow-Origin', b'*'), (b'Access-Control-Allow-Methods', b'GET, POST, OPTIONS'), (b'Access-Control-Expose-Headers', b'Content-Length,Content-Type,Date,Server,Connection')])
2026-01-10 18:34:14,917 - httpx - INFO - HTTP Request: POST https://api.telegram.org/bot8490932438:AAFVy70Urq5Cj0h7gUKJbECBv3z9-apYZtM/getUpdates "HTTP/1.1 200 OK"
2026-01-10 18:34:14,917 - httpcore.http11 - DEBUG - receive_response_body.started request=<Request [b'POST']>
2026-01-10 18:34:14,917 - httpcore.http11 - DEBUG - receive_response_body.complete
2026-01-10 18:34:14,917 - httpcore.http11 - DEBUG - response_closed.started
2026-01-10 18:34:14,917 - httpcore.http11 - DEBUG - response_closed.complete
2026-01-10 18:34:14,917 - telegram.ext.ExtBot - DEBUG - Call to Bot API endpoint `getUpdates` finished with return value `[]`
2026-01-10 18:34:14,917 - telegram.ext.ExtBot - DEBUG - No new updates found.
2026-01-10 18:34:14,918 - telegram.ext.ExtBot - DEBUG - Calling Bot API endpoint `getUpdates` with parameters `{'timeout': datetime.timedelta(seconds=10), 'offset': 328648466, 'allowed_updates': [<UpdateType.MESSAGE>, <UpdateType.EDITED_MESSAGE>, <UpdateType.CHANNEL_POST>, <UpdateType.EDITED_CHANNEL_POST>, <UpdateType.INLINE_QUERY>, <UpdateType.CHOSEN_INLINE_RESULT>, <UpdateType.CALLBACK_QUERY>, <UpdateType.SHIPPING_QUERY>, <UpdateType.PRE_CHECKOUT_QUERY>, <UpdateType.POLL>, <UpdateType.POLL_ANSWER>, <UpdateType.MY_CHAT_MEMBER>, <UpdateType.CHAT_MEMBER>, <UpdateType.CHAT_JOIN_REQUEST>, <UpdateType.CHAT_BOOST>, <UpdateType.REMOVED_CHAT_BOOST>, <UpdateType.MESSAGE_REACTION>, <UpdateType.MESSAGE_REACTION_COUNT>, <UpdateType.BUSINESS_CONNECTION>, <UpdateType.BUSINESS_MESSAGE>, <UpdateType.EDITED_BUSINESS_MESSAGE>, <UpdateType.DELETED_BUSINESS_MESSAGES>, <UpdateType.PURCHASED_PAID_MEDIA>]}`
2026-01-10 18:34:14,918 - httpcore.http11 - DEBUG - send_request_headers.started request=<Request [b'POST']>
2026-01-10 18:34:14,919 - httpcore.http11 - DEBUG - send_request_headers.complete
2026-01-10 18:34:14,919 - httpcore.http11 - DEBUG - send_request_body.started request=<Request [b'POST']>
2026-01-10 18:34:14,919 - httpcore.http11 - DEBUG - send_request_body.complete
2026-01-10 18:34:14,919 - httpcore.http11 - DEBUG - receive_response_headers.started request=<Request [b'POST']>
2026-01-10 18:34:19,810 - pymongo.topology - DEBUG - {"message": "Server heartbeat succeeded", "topologyId": {"$oid": "6962785d3127086e3f0188e5"}, "driverConnectionId": 1, "serverConnectionId": 221, "serverHost": "localhost", "serverPort": 27017, "awaited": true, "durationMS": 10069.297374691814, "reply": "{\"isWritablePrimary\": true, \"topologyVersion\": {\"processId\": {\"$oid\": \"695c03b553e27f5a444409fe\"}}, \"maxBsonObjectSize\": 16777216, \"maxMessageSizeBytes\": 48000000, \"maxWriteBatchSize\": 100000, \"localTime\": {\"$date\": \"2026-01-10T16:34:19.810Z\"}, \"logicalSessionTimeoutMinutes\": 30, \"connectionId\": 221, \"maxWireVersion\": 27, \"ok\": 1.0}"}
2026-01-10 18:34:19,811 - pymongo.topology - DEBUG - {"message": "Server heartbeat started", "topologyId": {"$oid": "6962785d3127086e3f0188e5"}, "driverConnectionId": 1, "serverConnectionId": 221, "serverHost": "localhost", "serverPort": 27017, "awaited": true}
2026-01-10 18:34:25,054 - httpcore.http11 - DEBUG - receive_response_headers.complete return_value=(b'HTTP/1.1', 200, b'OK', [(b'Server', b'nginx/1.18.0'), (b'Date', b'Sat, 10 Jan 2026 16:34:25 GMT'), (b'Content-Type', b'application/json'), (b'Content-Length', b'23'), (b'Connection', b'keep-alive'), (b'Strict-Transport-Security', b'max-age=31536000; includeSubDomains; preload'), (b'Access-Control-Allow-Origin', b'*'), (b'Access-Control-Allow-Methods', b'GET, POST, OPTIONS'), (b'Access-Control-Expose-Headers', b'Content-Length,Content-Type,Date,Server,Connection')])
2026-01-10 18:34:25,054 - httpx - INFO - HTTP Request: POST https://api.telegram.org/bot8490932438:AAFVy70Urq5Cj0h7gUKJbECBv3z9-apYZtM/getUpdates "HTTP/1.1 200 OK"
2026-01-10 18:34:25,054 - httpcore.http11 - DEBUG - receive_response_body.started request=<Request [b'POST']>
2026-01-10 18:34:25,054 - httpcore.http11 - DEBUG - receive_response_body.complete
2026-01-10 18:34:25,054 - httpcore.http11 - DEBUG - response_closed.started
2026-01-10 18:34:25,055 - httpcore.http11 - DEBUG - response_closed.complete
2026-01-10 18:34:25,055 - telegram.ext.ExtBot - DEBUG - Call to Bot API endpoint `getUpdates` finished with return value `[]`
2026-01-10 18:34:25,055 - telegram.ext.ExtBot - DEBUG - No new updates found.
2026-01-10 18:34:25,055 - telegram.ext.ExtBot - DEBUG - Calling Bot API endpoint `getUpdates` with parameters `{'timeout': datetime.timedelta(seconds=10), 'offset': 328648466, 'allowed_updates': [<UpdateType.MESSAGE>, <UpdateType.EDITED_MESSAGE>, <UpdateType.CHANNEL_POST>, <UpdateType.EDITED_CHANNEL_POST>, <UpdateType.INLINE_QUERY>, <UpdateType.CHOSEN_INLINE_RESULT>, <UpdateType.CALLBACK_QUERY>, <UpdateType.SHIPPING_QUERY>, <UpdateType.PRE_CHECKOUT_QUERY>, <UpdateType.POLL>, <UpdateType.POLL_ANSWER>, <UpdateType.MY_CHAT_MEMBER>, <UpdateType.CHAT_MEMBER>, <UpdateType.CHAT_JOIN_REQUEST>, <UpdateType.CHAT_BOOST>, <UpdateType.REMOVED_CHAT_BOOST>, <UpdateType.MESSAGE_REACTION>, <UpdateType.MESSAGE_REACTION_COUNT>, <UpdateType.BUSINESS_CONNECTION>, <UpdateType.BUSINESS_MESSAGE>, <UpdateType.EDITED_BUSINESS_MESSAGE>, <UpdateType.DELETED_BUSINESS_MESSAGES>, <UpdateType.PURCHASED_PAID_MEDIA>]}`
2026-01-10 18:34:25,056 - httpcore.http11 - DEBUG - send_request_headers.started request=<Request [b'POST']>
2026-01-10 18:34:25,056 - httpcore.http11 - DEBUG - send_request_headers.complete
2026-01-10 18:34:25,056 - httpcore.http11 - DEBUG - send_request_body.started request=<Request [b'POST']>
2026-01-10 18:34:25,056 - httpcore.http11 - DEBUG - send_request_body.complete
2026-01-10 18:34:25,056 - httpcore.http11 - DEBUG - receive_response_headers.started request=<Request [b'POST']>
2026-01-10 18:34:29,954 - pymongo.topology - DEBUG - {"message": "Server heartbeat succeeded", "topologyId": {"$oid": "6962785d3127086e3f0188e5"}, "driverConnectionId": 1, "serverConnectionId": 221, "serverHost": "localhost", "serverPort": 27017, "awaited": true, "durationMS": 10143.025958910584, "reply": "{\"isWritablePrimary\": true, \"topologyVersion\": {\"processId\": {\"$oid\": \"695c03b553e27f5a444409fe\"}}, \"maxBsonObjectSize\": 16777216, \"maxMessageSizeBytes\": 48000000, \"maxWriteBatchSize\": 100000, \"localTime\": {\"$date\": \"2026-01-10T16:34:29.954Z\"}, \"logicalSessionTimeoutMinutes\": 30, \"connectionId\": 221, \"maxWireVersion\": 27, \"ok\": 1.0}"}
2026-01-10 18:34:29,955 - pymongo.topology - DEBUG - {"message": "Server heartbeat started", "topologyId": {"$oid": "6962785d3127086e3f0188e5"}, "driverConnectionId": 1, "serverConnectionId": 221, "serverHost": "localhost", "serverPort": 27017, "awaited": true}
2026-01-10 18:34:35,138 - httpcore.http11 - DEBUG - receive_response_headers.complete return_value=(b'HTTP/1.1', 200, b'OK', [(b'Server', b'nginx/1.18.0'), (b'Date', b'Sat, 10 Jan 2026 16:34:35 GMT'), (b'Content-Type', b'application/json'), (b'Content-Length', b'23'), (b'Connection', b'keep-alive'), (b'Strict-Transport-Security', b'max-age=31536000; includeSubDomains; preload'), (b'Access-Control-Allow-Origin', b'*'), (b'Access-Control-Allow-Methods', b'GET, POST, OPTIONS'), (b'Access-Control-Expose-Headers', b'Content-Length,Content-Type,Date,Server,Connection')])
2026-01-10 18:34:35,139 - httpx - INFO - HTTP Request: POST https://api.telegram.org/bot8490932438:AAFVy70Urq5Cj0h7gUKJbECBv3z9-apYZtM/getUpdates "HTTP/1.1 200 OK"
2026-01-10 18:34:35,139 - httpcore.http11 - DEBUG - receive_response_body.started request=<Request [b'POST']>
2026-01-10 18:34:35,139 - httpcore.http11 - DEBUG - receive_response_body.complete
2026-01-10 18:34:35,139 - httpcore.http11 - DEBUG - response_closed.started
2026-01-10 18:34:35,139 - httpcore.http11 - DEBUG - response_closed.complete
2026-01-10 18:34:35,140 - telegram.ext.ExtBot - DEBUG - Call to Bot API endpoint `getUpdates` finished with return value `[]`
2026-01-10 18:34:35,140 - telegram.ext.ExtBot - DEBUG - No new updates found.
2026-01-10 18:34:35,140 - telegram.ext.ExtBot - DEBUG - Calling Bot API endpoint `getUpdates` with parameters `{'timeout': datetime.timedelta(seconds=10), 'offset': 328648466, 'allowed_updates': [<UpdateType.MESSAGE>, <UpdateType.EDITED_MESSAGE>, <UpdateType.CHANNEL_POST>, <UpdateType.EDITED_CHANNEL_POST>, <UpdateType.INLINE_QUERY>, <UpdateType.CHOSEN_INLINE_RESULT>, <UpdateType.CALLBACK_QUERY>, <UpdateType.SHIPPING_QUERY>, <UpdateType.PRE_CHECKOUT_QUERY>, <UpdateType.POLL>, <UpdateType.POLL_ANSWER>, <UpdateType.MY_CHAT_MEMBER>, <UpdateType.CHAT_MEMBER>, <UpdateType.CHAT_JOIN_REQUEST>, <UpdateType.CHAT_BOOST>, <UpdateType.REMOVED_CHAT_BOOST>, <UpdateType.MESSAGE_REACTION>, <UpdateType.MESSAGE_REACTION_COUNT>, <UpdateType.BUSINESS_CONNECTION>, <UpdateType.BUSINESS_MESSAGE>, <UpdateType.EDITED_BUSINESS_MESSAGE>, <UpdateType.DELETED_BUSINESS_MESSAGES>, <UpdateType.PURCHASED_PAID_MEDIA>]}`
2026-01-10 18:34:35,140 - httpcore.http11 - DEBUG - send_request_headers.started request=<Request [b'POST']>
2026-01-10 18:34:35,141 - httpcore.http11 - DEBUG - send_request_headers.complete
2026-01-10 18:34:35,141 - httpcore.http11 - DEBUG - send_request_body.started request=<Request [b'POST']>
2026-01-10 18:34:35,141 - httpcore.http11 - DEBUG - send_request_body.complete
2026-01-10 18:34:35,141 - httpcore.http11 - DEBUG - receive_response_headers.started request=<Request [b'POST']>
2026-01-10 18:34:40,097 - pymongo.topology - DEBUG - {"message": "Server heartbeat succeeded", "topologyId": {"$oid": "6962785d3127086e3f0188e5"}, "driverConnectionId": 1, "serverConnectionId": 221, "serverHost": "localhost", "serverPort": 27017, "awaited": true, "durationMS": 10142.164125107229, "reply": "{\"isWritablePrimary\": true, \"topologyVersion\": {\"processId\": {\"$oid\": \"695c03b553e27f5a444409fe\"}}, \"maxBsonObjectSize\": 16777216, \"maxMessageSizeBytes\": 48000000, \"maxWriteBatchSize\": 100000, \"localTime\": {\"$date\": \"2026-01-10T16:34:40.097Z\"}, \"logicalSessionTimeoutMinutes\": 30, \"connectionId\": 221, \"maxWireVersion\": 27, \"ok\": 1.0}"}
2026-01-10 18:34:40,098 - pymongo.topology - DEBUG - {"message": "Server heartbeat started", "topologyId": {"$oid": "6962785d3127086e3f0188e5"}, "driverConnectionId": 1, "serverConnectionId": 221, "serverHost": "localhost", "serverPort": 27017, "awaited": true}
2026-01-10 18:34:45,226 - httpcore.http11 - DEBUG - receive_response_headers.complete return_value=(b'HTTP/1.1', 200, b'OK', [(b'Server', b'nginx/1.18.0'), (b'Date', b'Sat, 10 Jan 2026 16:34:45 GMT'), (b'Content-Type', b'application/json'), (b'Content-Length', b'23'), (b'Connection', b'keep-alive'), (b'Strict-Transport-Security', b'max-age=31536000; includeSubDomains; preload'), (b'Access-Control-Allow-Origin', b'*'), (b'Access-Control-Allow-Methods', b'GET, POST, OPTIONS'), (b'Access-Control-Expose-Headers', b'Content-Length,Content-Type,Date,Server,Connection')])
2026-01-10 18:34:45,227 - httpx - INFO - HTTP Request: POST https://api.telegram.org/bot8490932438:AAFVy70Urq5Cj0h7gUKJbECBv3z9-apYZtM/getUpdates "HTTP/1.1 200 OK"
2026-01-10 18:34:45,227 - httpcore.http11 - DEBUG - receive_response_body.started request=<Request [b'POST']>
2026-01-10 18:34:45,228 - httpcore.http11 - DEBUG - receive_response_body.complete
2026-01-10 18:34:45,228 - httpcore.http11 - DEBUG - response_closed.started
2026-01-10 18:34:45,228 - httpcore.http11 - DEBUG - response_closed.complete
2026-01-10 18:34:45,228 - telegram.ext.ExtBot - DEBUG - Call to Bot API endpoint `getUpdates` finished with return value `[]`
2026-01-10 18:34:45,228 - telegram.ext.ExtBot - DEBUG - No new updates found.
2026-01-10 18:34:45,229 - telegram.ext.ExtBot - DEBUG - Calling Bot API endpoint `getUpdates` with parameters `{'timeout': datetime.timedelta(seconds=10), 'offset': 328648466, 'allowed_updates': [<UpdateType.MESSAGE>, <UpdateType.EDITED_MESSAGE>, <UpdateType.CHANNEL_POST>, <UpdateType.EDITED_CHANNEL_POST>, <UpdateType.INLINE_QUERY>, <UpdateType.CHOSEN_INLINE_RESULT>, <UpdateType.CALLBACK_QUERY>, <UpdateType.SHIPPING_QUERY>, <UpdateType.PRE_CHECKOUT_QUERY>, <UpdateType.POLL>, <UpdateType.POLL_ANSWER>, <UpdateType.MY_CHAT_MEMBER>, <UpdateType.CHAT_MEMBER>, <UpdateType.CHAT_JOIN_REQUEST>, <UpdateType.CHAT_BOOST>, <UpdateType.REMOVED_CHAT_BOOST>, <UpdateType.MESSAGE_REACTION>, <UpdateType.MESSAGE_REACTION_COUNT>, <UpdateType.BUSINESS_CONNECTION>, <UpdateType.BUSINESS_MESSAGE>, <UpdateType.EDITED_BUSINESS_MESSAGE>, <UpdateType.DELETED_BUSINESS_MESSAGES>, <UpdateType.PURCHASED_PAID_MEDIA>]}`
2026-01-10 18:34:45,230 - httpcore.http11 - DEBUG - send_request_headers.started request=<Request [b'POST']>
2026-01-10 18:34:45,230 - httpcore.http11 - DEBUG - send_request_headers.complete
2026-01-10 18:34:45,230 - httpcore.http11 - DEBUG - send_request_body.started request=<Request [b'POST']>
2026-01-10 18:34:45,231 - httpcore.http11 - DEBUG - send_request_body.complete
2026-01-10 18:34:45,231 - httpcore.http11 - DEBUG - receive_response_headers.started request=<Request [b'POST']>
2026-01-10 18:34:50,238 - pymongo.topology - DEBUG - {"message": "Server heartbeat succeeded", "topologyId": {"$oid": "6962785d3127086e3f0188e5"}, "driverConnectionId": 1, "serverConnectionId": 221, "serverHost": "localhost", "serverPort": 27017, "awaited": true, "durationMS": 10139.75774962455, "reply": "{\"isWritablePrimary\": true, \"topologyVersion\": {\"processId\": {\"$oid\": \"695c03b553e27f5a444409fe\"}}, \"maxBsonObjectSize\": 16777216, \"maxMessageSizeBytes\": 48000000, \"maxWriteBatchSize\": 100000, \"localTime\": {\"$date\": \"2026-01-10T16:34:50.238Z\"}, \"logicalSessionTimeoutMinutes\": 30, \"connectionId\": 221, \"maxWireVersion\": 27, \"ok\": 1.0}"}
2026-01-10 18:34:50,238 - pymongo.topology - DEBUG - {"message": "Server heartbeat started", "topologyId": {"$oid": "6962785d3127086e3f0188e5"}, "driverConnectionId": 1, "serverConnectionId": 221, "serverHost": "localhost", "serverPort": 27017, "awaited": true}
2026-01-10 18:34:55,314 - httpcore.http11 - DEBUG - receive_response_headers.complete return_value=(b'HTTP/1.1', 200, b'OK', [(b'Server', b'nginx/1.18.0'), (b'Date', b'Sat, 10 Jan 2026 16:34:55 GMT'), (b'Content-Type', b'application/json'), (b'Content-Length', b'23'), (b'Connection', b'keep-alive'), (b'Strict-Transport-Security', b'max-age=31536000; includeSubDomains; preload'), (b'Access-Control-Allow-Origin', b'*'), (b'Access-Control-Allow-Methods', b'GET, POST, OPTIONS'), (b'Access-Control-Expose-Headers', b'Content-Length,Content-Type,Date,Server,Connection')])
2026-01-10 18:34:55,315 - httpx - INFO - HTTP Request: POST https://api.telegram.org/bot8490932438:AAFVy70Urq5Cj0h7gUKJbECBv3z9-apYZtM/getUpdates "HTTP/1.1 200 OK"
2026-01-10 18:34:55,315 - httpcore.http11 - DEBUG - receive_response_body.started request=<Request [b'POST']>
2026-01-10 18:34:55,316 - httpcore.http11 - DEBUG - receive_response_body.complete
2026-01-10 18:34:55,316 - httpcore.http11 - DEBUG - response_closed.started
2026-01-10 18:34:55,316 - httpcore.http11 - DEBUG - response_closed.complete
2026-01-10 18:34:55,316 - telegram.ext.ExtBot - DEBUG - Call to Bot API endpoint `getUpdates` finished with return value `[]`
2026-01-10 18:34:55,316 - telegram.ext.ExtBot - DEBUG - No new updates found.
2026-01-10 18:34:55,317 - telegram.ext.ExtBot - DEBUG - Calling Bot API endpoint `getUpdates` with parameters `{'timeout': datetime.timedelta(seconds=10), 'offset': 328648466, 'allowed_updates': [<UpdateType.MESSAGE>, <UpdateType.EDITED_MESSAGE>, <UpdateType.CHANNEL_POST>, <UpdateType.EDITED_CHANNEL_POST>, <UpdateType.INLINE_QUERY>, <UpdateType.CHOSEN_INLINE_RESULT>, <UpdateType.CALLBACK_QUERY>, <UpdateType.SHIPPING_QUERY>, <UpdateType.PRE_CHECKOUT_QUERY>, <UpdateType.POLL>, <UpdateType.POLL_ANSWER>, <UpdateType.MY_CHAT_MEMBER>, <UpdateType.CHAT_MEMBER>, <UpdateType.CHAT_JOIN_REQUEST>, <UpdateType.CHAT_BOOST>, <UpdateType.REMOVED_CHAT_BOOST>, <UpdateType.MESSAGE_REACTION>, <UpdateType.MESSAGE_REACTION_COUNT>, <UpdateType.BUSINESS_CONNECTION>, <UpdateType.BUSINESS_MESSAGE>, <UpdateType.EDITED_BUSINESS_MESSAGE>, <UpdateType.DELETED_BUSINESS_MESSAGES>, <UpdateType.PURCHASED_PAID_MEDIA>]}`
2026-01-10 18:34:55,318 - httpcore.http11 - DEBUG - send_request_headers.started request=<Request [b'POST']>
2026-01-10 18:34:55,318 - httpcore.http11 - DEBUG - send_request_headers.complete
2026-01-10 18:34:55,318 - httpcore.http11 - DEBUG - send_request_body.started request=<Request [b'POST']>
2026-01-10 18:34:55,318 - httpcore.http11 - DEBUG - send_request_body.complete
2026-01-10 18:34:55,319 - httpcore.http11 - DEBUG - receive_response_headers.started request=<Request [b'POST']>
2026-01-10 18:35:00,340 - pymongo.topology - DEBUG - {"message": "Server heartbeat succeeded", "topologyId": {"$oid": "6962785d3127086e3f0188e5"}, "driverConnectionId": 1, "serverConnectionId": 221, "serverHost": "localhost", "serverPort": 27017, "awaited": true, "durationMS": 10101.972041185945, "reply": "{\"isWritablePrimary\": true, \"topologyVersion\": {\"processId\": {\"$oid\": \"695c03b553e27f5a444409fe\"}}, \"maxBsonObjectSize\": 16777216, \"maxMessageSizeBytes\": 48000000, \"maxWriteBatchSize\": 100000, \"localTime\": {\"$date\": \"2026-01-10T16:35:00.340Z\"}, \"logicalSessionTimeoutMinutes\": 30, \"connectionId\": 221, \"maxWireVersion\": 27, \"ok\": 1.0}"}
2026-01-10 18:35:00,341 - pymongo.topology - DEBUG - {"message": "Server heartbeat started", "topologyId": {"$oid": "6962785d3127086e3f0188e5"}, "driverConnectionId": 1, "serverConnectionId": 221, "serverHost": "localhost", "serverPort": 27017, "awaited": true}
2026-01-10 18:35:05,502 - httpcore.http11 - DEBUG - receive_response_headers.complete return_value=(b'HTTP/1.1', 200, b'OK', [(b'Server', b'nginx/1.18.0'), (b'Date', b'Sat, 10 Jan 2026 16:35:05 GMT'), (b'Content-Type', b'application/json'), (b'Content-Length', b'23'), (b'Connection', b'keep-alive'), (b'Strict-Transport-Security', b'max-age=31536000; includeSubDomains; preload'), (b'Access-Control-Allow-Origin', b'*'), (b'Access-Control-Allow-Methods', b'GET, POST, OPTIONS'), (b'Access-Control-Expose-Headers', b'Content-Length,Content-Type,Date,Server,Connection')])
2026-01-10 18:35:05,503 - httpx - INFO - HTTP Request: POST https://api.telegram.org/bot8490932438:AAFVy70Urq5Cj0h7gUKJbECBv3z9-apYZtM/getUpdates "HTTP/1.1 200 OK"
2026-01-10 18:35:05,503 - httpcore.http11 - DEBUG - receive_response_body.started request=<Request [b'POST']>
2026-01-10 18:35:05,504 - httpcore.http11 - DEBUG - receive_response_body.complete
2026-01-10 18:35:05,504 - httpcore.http11 - DEBUG - response_closed.started
2026-01-10 18:35:05,504 - httpcore.http11 - DEBUG - response_closed.complete
2026-01-10 18:35:05,504 - telegram.ext.ExtBot - DEBUG - Call to Bot API endpoint `getUpdates` finished with return value `[]`
2026-01-10 18:35:05,504 - telegram.ext.ExtBot - DEBUG - No new updates found.
2026-01-10 18:35:05,505 - telegram.ext.ExtBot - DEBUG - Calling Bot API endpoint `getUpdates` with parameters `{'timeout': datetime.timedelta(seconds=10), 'offset': 328648466, 'allowed_updates': [<UpdateType.MESSAGE>, <UpdateType.EDITED_MESSAGE>, <UpdateType.CHANNEL_POST>, <UpdateType.EDITED_CHANNEL_POST>, <UpdateType.INLINE_QUERY>, <UpdateType.CHOSEN_INLINE_RESULT>, <UpdateType.CALLBACK_QUERY>, <UpdateType.SHIPPING_QUERY>, <UpdateType.PRE_CHECKOUT_QUERY>, <UpdateType.POLL>, <UpdateType.POLL_ANSWER>, <UpdateType.MY_CHAT_MEMBER>, <UpdateType.CHAT_MEMBER>, <UpdateType.CHAT_JOIN_REQUEST>, <UpdateType.CHAT_BOOST>, <UpdateType.REMOVED_CHAT_BOOST>, <UpdateType.MESSAGE_REACTION>, <UpdateType.MESSAGE_REACTION_COUNT>, <UpdateType.BUSINESS_CONNECTION>, <UpdateType.BUSINESS_MESSAGE>, <UpdateType.EDITED_BUSINESS_MESSAGE>, <UpdateType.DELETED_BUSINESS_MESSAGES>, <UpdateType.PURCHASED_PAID_MEDIA>]}`
2026-01-10 18:35:05,506 - httpcore.http11 - DEBUG - send_request_headers.started request=<Request [b'POST']>
2026-01-10 18:35:05,506 - httpcore.http11 - DEBUG - send_request_headers.complete
2026-01-10 18:35:05,506 - httpcore.http11 - DEBUG - send_request_body.started request=<Request [b'POST']>
2026-01-10 18:35:05,507 - httpcore.http11 - DEBUG - send_request_body.complete
2026-01-10 18:35:05,507 - httpcore.http11 - DEBUG - receive_response_headers.started request=<Request [b'POST']>
2026-01-10 18:35:10,458 - pymongo.topology - DEBUG - {"message": "Server heartbeat succeeded", "topologyId": {"$oid": "6962785d3127086e3f0188e5"}, "driverConnectionId": 1, "serverConnectionId": 221, "serverHost": "localhost", "serverPort": 27017, "awaited": true, "durationMS": 10116.298125125468, "reply": "{\"isWritablePrimary\": true, \"topologyVersion\": {\"processId\": {\"$oid\": \"695c03b553e27f5a444409fe\"}}, \"maxBsonObjectSize\": 16777216, \"maxMessageSizeBytes\": 48000000, \"maxWriteBatchSize\": 100000, \"localTime\": {\"$date\": \"2026-01-10T16:35:10.457Z\"}, \"logicalSessionTimeoutMinutes\": 30, \"connectionId\": 221, \"maxWireVersion\": 27, \"ok\": 1.0}"}
2026-01-10 18:35:10,458 - pymongo.topology - DEBUG - {"message": "Server heartbeat started", "topologyId": {"$oid": "6962785d3127086e3f0188e5"}, "driverConnectionId": 1, "serverConnectionId": 221, "serverHost": "localhost", "serverPort": 27017, "awaited": true}
2026-01-10 18:35:15,588 - httpcore.http11 - DEBUG - receive_response_headers.complete return_value=(b'HTTP/1.1', 200, b'OK', [(b'Server', b'nginx/1.18.0'), (b'Date', b'Sat, 10 Jan 2026 16:35:15 GMT'), (b'Content-Type', b'application/json'), (b'Content-Length', b'23'), (b'Connection', b'keep-alive'), (b'Strict-Transport-Security', b'max-age=31536000; includeSubDomains; preload'), (b'Access-Control-Allow-Origin', b'*'), (b'Access-Control-Allow-Methods', b'GET, POST, OPTIONS'), (b'Access-Control-Expose-Headers', b'Content-Length,Content-Type,Date,Server,Connection')])
2026-01-10 18:35:15,589 - httpx - INFO - HTTP Request: POST https://api.telegram.org/bot8490932438:AAFVy70Urq5Cj0h7gUKJbECBv3z9-apYZtM/getUpdates "HTTP/1.1 200 OK"
2026-01-10 18:35:15,589 - httpcore.http11 - DEBUG - receive_response_body.started request=<Request [b'POST']>
2026-01-10 18:35:15,589 - httpcore.http11 - DEBUG - receive_response_body.complete
2026-01-10 18:35:15,589 - httpcore.http11 - DEBUG - response_closed.started
2026-01-10 18:35:15,589 - httpcore.http11 - DEBUG - response_closed.complete
2026-01-10 18:35:15,589 - telegram.ext.ExtBot - DEBUG - Call to Bot API endpoint `getUpdates` finished with return value `[]`
2026-01-10 18:35:15,589 - telegram.ext.ExtBot - DEBUG - No new updates found.
2026-01-10 18:35:15,589 - telegram.ext.ExtBot - DEBUG - Calling Bot API endpoint `getUpdates` with parameters `{'timeout': datetime.timedelta(seconds=10), 'offset': 328648466, 'allowed_updates': [<UpdateType.MESSAGE>, <UpdateType.EDITED_MESSAGE>, <UpdateType.CHANNEL_POST>, <UpdateType.EDITED_CHANNEL_POST>, <UpdateType.INLINE_QUERY>, <UpdateType.CHOSEN_INLINE_RESULT>, <UpdateType.CALLBACK_QUERY>, <UpdateType.SHIPPING_QUERY>, <UpdateType.PRE_CHECKOUT_QUERY>, <UpdateType.POLL>, <UpdateType.POLL_ANSWER>, <UpdateType.MY_CHAT_MEMBER>, <UpdateType.CHAT_MEMBER>, <UpdateType.CHAT_JOIN_REQUEST>, <UpdateType.CHAT_BOOST>, <UpdateType.REMOVED_CHAT_BOOST>, <UpdateType.MESSAGE_REACTION>, <UpdateType.MESSAGE_REACTION_COUNT>, <UpdateType.BUSINESS_CONNECTION>, <UpdateType.BUSINESS_MESSAGE>, <UpdateType.EDITED_BUSINESS_MESSAGE>, <UpdateType.DELETED_BUSINESS_MESSAGES>, <UpdateType.PURCHASED_PAID_MEDIA>]}`
2026-01-10 18:35:15,590 - httpcore.http11 - DEBUG - send_request_headers.started request=<Request [b'POST']>
2026-01-10 18:35:15,590 - httpcore.http11 - DEBUG - send_request_headers.complete
2026-01-10 18:35:15,590 - httpcore.http11 - DEBUG - send_request_body.started request=<Request [b'POST']>
2026-01-10 18:35:15,590 - httpcore.http11 - DEBUG - send_request_body.complete
2026-01-10 18:35:15,590 - httpcore.http11 - DEBUG - receive_response_headers.started request=<Request [b'POST']>
2026-01-10 18:35:20,530 - pymongo.topology - DEBUG - {"message": "Server heartbeat succeeded", "topologyId": {"$oid": "6962785d3127086e3f0188e5"}, "driverConnectionId": 1, "serverConnectionId": 221, "serverHost": "localhost", "serverPort": 27017, "awaited": true, "durationMS": 10071.640208363533, "reply": "{\"isWritablePrimary\": true, \"topologyVersion\": {\"processId\": {\"$oid\": \"695c03b553e27f5a444409fe\"}}, \"maxBsonObjectSize\": 16777216, \"maxMessageSizeBytes\": 48000000, \"maxWriteBatchSize\": 100000, \"localTime\": {\"$date\": \"2026-01-10T16:35:20.529Z\"}, \"logicalSessionTimeoutMinutes\": 30, \"connectionId\": 221, \"maxWireVersion\": 27, \"ok\": 1.0}"}
2026-01-10 18:35:20,531 - pymongo.topology - DEBUG - {"message": "Server heartbeat started", "topologyId": {"$oid": "6962785d3127086e3f0188e5"}, "driverConnectionId": 1, "serverConnectionId": 221, "serverHost": "localhost", "serverPort": 27017, "awaited": true}
2026-01-10 18:35:25,677 - httpcore.http11 - DEBUG - receive_response_headers.complete return_value=(b'HTTP/1.1', 200, b'OK', [(b'Server', b'nginx/1.18.0'), (b'Date', b'Sat, 10 Jan 2026 16:35:25 GMT'), (b'Content-Type', b'application/json'), (b'Content-Length', b'23'), (b'Connection', b'keep-alive'), (b'Strict-Transport-Security', b'max-age=31536000; includeSubDomains; preload'), (b'Access-Control-Allow-Origin', b'*'), (b'Access-Control-Allow-Methods', b'GET, POST, OPTIONS'), (b'Access-Control-Expose-Headers', b'Content-Length,Content-Type,Date,Server,Connection')])
2026-01-10 18:35:25,677 - httpx - INFO - HTTP Request: POST https://api.telegram.org/bot8490932438:AAFVy70Urq5Cj0h7gUKJbECBv3z9-apYZtM/getUpdates "HTTP/1.1 200 OK"
2026-01-10 18:35:25,677 - httpcore.http11 - DEBUG - receive_response_body.started request=<Request [b'POST']>
2026-01-10 18:35:25,678 - httpcore.http11 - DEBUG - receive_response_body.complete
2026-01-10 18:35:25,678 - httpcore.http11 - DEBUG - response_closed.started
2026-01-10 18:35:25,678 - httpcore.http11 - DEBUG - response_closed.complete
2026-01-10 18:35:25,678 - telegram.ext.ExtBot - DEBUG - Call to Bot API endpoint `getUpdates` finished with return value `[]`
2026-01-10 18:35:25,678 - telegram.ext.ExtBot - DEBUG - No new updates found.
2026-01-10 18:35:25,679 - telegram.ext.ExtBot - DEBUG - Calling Bot API endpoint `getUpdates` with parameters `{'timeout': datetime.timedelta(seconds=10), 'offset': 328648466, 'allowed_updates': [<UpdateType.MESSAGE>, <UpdateType.EDITED_MESSAGE>, <UpdateType.CHANNEL_POST>, <UpdateType.EDITED_CHANNEL_POST>, <UpdateType.INLINE_QUERY>, <UpdateType.CHOSEN_INLINE_RESULT>, <UpdateType.CALLBACK_QUERY>, <UpdateType.SHIPPING_QUERY>, <UpdateType.PRE_CHECKOUT_QUERY>, <UpdateType.POLL>, <UpdateType.POLL_ANSWER>, <UpdateType.MY_CHAT_MEMBER>, <UpdateType.CHAT_MEMBER>, <UpdateType.CHAT_JOIN_REQUEST>, <UpdateType.CHAT_BOOST>, <UpdateType.REMOVED_CHAT_BOOST>, <UpdateType.MESSAGE_REACTION>, <UpdateType.MESSAGE_REACTION_COUNT>, <UpdateType.BUSINESS_CONNECTION>, <UpdateType.BUSINESS_MESSAGE>, <UpdateType.EDITED_BUSINESS_MESSAGE>, <UpdateType.DELETED_BUSINESS_MESSAGES>, <UpdateType.PURCHASED_PAID_MEDIA>]}`
2026-01-10 18:35:25,680 - httpcore.http11 - DEBUG - send_request_headers.started request=<Request [b'POST']>
2026-01-10 18:35:25,680 - httpcore.http11 - DEBUG - send_request_headers.complete
2026-01-10 18:35:25,680 - httpcore.http11 - DEBUG - send_request_body.started request=<Request [b'POST']>
2026-01-10 18:35:25,681 - httpcore.http11 - DEBUG - send_request_body.complete
2026-01-10 18:35:25,681 - httpcore.http11 - DEBUG - receive_response_headers.started request=<Request [b'POST']>
2026-01-10 18:35:30,605 - pymongo.topology - DEBUG - {"message": "Server heartbeat succeeded", "topologyId": {"$oid": "6962785d3127086e3f0188e5"}, "driverConnectionId": 1, "serverConnectionId": 221, "serverHost": "localhost", "serverPort": 27017, "awaited": true, "durationMS": 10074.042540974915, "reply": "{\"isWritablePrimary\": true, \"topologyVersion\": {\"processId\": {\"$oid\": \"695c03b553e27f5a444409fe\"}}, \"maxBsonObjectSize\": 16777216, \"maxMessageSizeBytes\": 48000000, \"maxWriteBatchSize\": 100000, \"localTime\": {\"$date\": \"2026-01-10T16:35:30.604Z\"}, \"logicalSessionTimeoutMinutes\": 30, \"connectionId\": 221, \"maxWireVersion\": 27, \"ok\": 1.0}"}
2026-01-10 18:35:30,606 - pymongo.topology - DEBUG - {"message": "Server heartbeat started", "topologyId": {"$oid": "6962785d3127086e3f0188e5"}, "driverConnectionId": 1, "serverConnectionId": 221, "serverHost": "localhost", "serverPort": 27017, "awaited": true}
2026-01-10 18:35:35,812 - httpcore.http11 - DEBUG - receive_response_headers.complete return_value=(b'HTTP/1.1', 200, b'OK', [(b'Server', b'nginx/1.18.0'), (b'Date', b'Sat, 10 Jan 2026 16:35:35 GMT'), (b'Content-Type', b'application/json'), (b'Content-Length', b'23'), (b'Connection', b'keep-alive'), (b'Strict-Transport-Security', b'max-age=31536000; includeSubDomains; preload'), (b'Access-Control-Allow-Origin', b'*'), (b'Access-Control-Allow-Methods', b'GET, POST, OPTIONS'), (b'Access-Control-Expose-Headers', b'Content-Length,Content-Type,Date,Server,Connection')])
2026-01-10 18:35:35,813 - httpx - INFO - HTTP Request: POST https://api.telegram.org/bot8490932438:AAFVy70Urq5Cj0h7gUKJbECBv3z9-apYZtM/getUpdates "HTTP/1.1 200 OK"
2026-01-10 18:35:35,813 - httpcore.http11 - DEBUG - receive_response_body.started request=<Request [b'POST']>
2026-01-10 18:35:35,813 - httpcore.http11 - DEBUG - receive_response_body.complete
2026-01-10 18:35:35,813 - httpcore.http11 - DEBUG - response_closed.started
2026-01-10 18:35:35,813 - httpcore.http11 - DEBUG - response_closed.complete
2026-01-10 18:35:35,813 - telegram.ext.ExtBot - DEBUG - Call to Bot API endpoint `getUpdates` finished with return value `[]`
2026-01-10 18:35:35,814 - telegram.ext.ExtBot - DEBUG - No new updates found.
2026-01-10 18:35:35,814 - telegram.ext.ExtBot - DEBUG - Calling Bot API endpoint `getUpdates` with parameters `{'timeout': datetime.timedelta(seconds=10), 'offset': 328648466, 'allowed_updates': [<UpdateType.MESSAGE>, <UpdateType.EDITED_MESSAGE>, <UpdateType.CHANNEL_POST>, <UpdateType.EDITED_CHANNEL_POST>, <UpdateType.INLINE_QUERY>, <UpdateType.CHOSEN_INLINE_RESULT>, <UpdateType.CALLBACK_QUERY>, <UpdateType.SHIPPING_QUERY>, <UpdateType.PRE_CHECKOUT_QUERY>, <UpdateType.POLL>, <UpdateType.POLL_ANSWER>, <UpdateType.MY_CHAT_MEMBER>, <UpdateType.CHAT_MEMBER>, <UpdateType.CHAT_JOIN_REQUEST>, <UpdateType.CHAT_BOOST>, <UpdateType.REMOVED_CHAT_BOOST>, <UpdateType.MESSAGE_REACTION>, <UpdateType.MESSAGE_REACTION_COUNT>, <UpdateType.BUSINESS_CONNECTION>, <UpdateType.BUSINESS_MESSAGE>, <UpdateType.EDITED_BUSINESS_MESSAGE>, <UpdateType.DELETED_BUSINESS_MESSAGES>, <UpdateType.PURCHASED_PAID_MEDIA>]}`
2026-01-10 18:35:35,814 - httpcore.http11 - DEBUG - send_request_headers.started request=<Request [b'POST']>
2026-01-10 18:35:35,815 - httpcore.http11 - DEBUG - send_request_headers.complete
2026-01-10 18:35:35,815 - httpcore.http11 - DEBUG - send_request_body.started request=<Request [b'POST']>
2026-01-10 18:35:35,815 - httpcore.http11 - DEBUG - send_request_body.complete
2026-01-10 18:35:35,815 - httpcore.http11 - DEBUG - receive_response_headers.started request=<Request [b'POST']>
2026-01-10 18:35:40,654 - pymongo.topology - DEBUG - {"message": "Server heartbeat succeeded", "topologyId": {"$oid": "6962785d3127086e3f0188e5"}, "driverConnectionId": 1, "serverConnectionId": 221, "serverHost": "localhost", "serverPort": 27017, "awaited": true, "durationMS": 10047.573916148394, "reply": "{\"isWritablePrimary\": true, \"topologyVersion\": {\"processId\": {\"$oid\": \"695c03b553e27f5a444409fe\"}}, \"maxBsonObjectSize\": 16777216, \"maxMessageSizeBytes\": 48000000, \"maxWriteBatchSize\": 100000, \"localTime\": {\"$date\": \"2026-01-10T16:35:40.653Z\"}, \"logicalSessionTimeoutMinutes\": 30, \"connectionId\": 221, \"maxWireVersion\": 27, \"ok\": 1.0}"}
2026-01-10 18:35:40,655 - pymongo.topology - DEBUG - {"message": "Server heartbeat started", "topologyId": {"$oid": "6962785d3127086e3f0188e5"}, "driverConnectionId": 1, "serverConnectionId": 221, "serverHost": "localhost", "serverPort": 27017, "awaited": true}
2026-01-10 18:35:45,951 - httpcore.http11 - DEBUG - receive_response_headers.complete return_value=(b'HTTP/1.1', 200, b'OK', [(b'Server', b'nginx/1.18.0'), (b'Date', b'Sat, 10 Jan 2026 16:35:46 GMT'), (b'Content-Type', b'application/json'), (b'Content-Length', b'23'), (b'Connection', b'keep-alive'), (b'Strict-Transport-Security', b'max-age=31536000; includeSubDomains; preload'), (b'Access-Control-Allow-Origin', b'*'), (b'Access-Control-Allow-Methods', b'GET, POST, OPTIONS'), (b'Access-Control-Expose-Headers', b'Content-Length,Content-Type,Date,Server,Connection')])
2026-01-10 18:35:45,951 - httpx - INFO - HTTP Request: POST https://api.telegram.org/bot8490932438:AAFVy70Urq5Cj0h7gUKJbECBv3z9-apYZtM/getUpdates "HTTP/1.1 200 OK"
2026-01-10 18:35:45,952 - httpcore.http11 - DEBUG - receive_response_body.started request=<Request [b'POST']>
2026-01-10 18:35:45,952 - httpcore.http11 - DEBUG - receive_response_body.complete
2026-01-10 18:35:45,952 - httpcore.http11 - DEBUG - response_closed.started
2026-01-10 18:35:45,952 - httpcore.http11 - DEBUG - response_closed.complete
2026-01-10 18:35:45,953 - telegram.ext.ExtBot - DEBUG - Call to Bot API endpoint `getUpdates` finished with return value `[]`
2026-01-10 18:35:45,953 - telegram.ext.ExtBot - DEBUG - No new updates found.
2026-01-10 18:35:45,953 - telegram.ext.ExtBot - DEBUG - Calling Bot API endpoint `getUpdates` with parameters `{'timeout': datetime.timedelta(seconds=10), 'offset': 328648466, 'allowed_updates': [<UpdateType.MESSAGE>, <UpdateType.EDITED_MESSAGE>, <UpdateType.CHANNEL_POST>, <UpdateType.EDITED_CHANNEL_POST>, <UpdateType.INLINE_QUERY>, <UpdateType.CHOSEN_INLINE_RESULT>, <UpdateType.CALLBACK_QUERY>, <UpdateType.SHIPPING_QUERY>, <UpdateType.PRE_CHECKOUT_QUERY>, <UpdateType.POLL>, <UpdateType.POLL_ANSWER>, <UpdateType.MY_CHAT_MEMBER>, <UpdateType.CHAT_MEMBER>, <UpdateType.CHAT_JOIN_REQUEST>, <UpdateType.CHAT_BOOST>, <UpdateType.REMOVED_CHAT_BOOST>, <UpdateType.MESSAGE_REACTION>, <UpdateType.MESSAGE_REACTION_COUNT>, <UpdateType.BUSINESS_CONNECTION>, <UpdateType.BUSINESS_MESSAGE>, <UpdateType.EDITED_BUSINESS_MESSAGE>, <UpdateType.DELETED_BUSINESS_MESSAGES>, <UpdateType.PURCHASED_PAID_MEDIA>]}`
2026-01-10 18:35:45,954 - httpcore.http11 - DEBUG - send_request_headers.started request=<Request [b'POST']>
2026-01-10 18:35:45,955 - httpcore.http11 - DEBUG - send_request_headers.complete
2026-01-10 18:35:45,955 - httpcore.http11 - DEBUG - send_request_body.started request=<Request [b'POST']>
2026-01-10 18:35:45,955 - httpcore.http11 - DEBUG - send_request_body.complete
2026-01-10 18:35:45,955 - httpcore.http11 - DEBUG - receive_response_headers.started request=<Request [b'POST']>
2026-01-10 18:35:50,729 - pymongo.topology - DEBUG - {"message": "Server heartbeat succeeded", "topologyId": {"$oid": "6962785d3127086e3f0188e5"}, "driverConnectionId": 1, "serverConnectionId": 221, "serverHost": "localhost", "serverPort": 27017, "awaited": true, "durationMS": 10074.293790850788, "reply": "{\"isWritablePrimary\": true, \"topologyVersion\": {\"processId\": {\"$oid\": \"695c03b553e27f5a444409fe\"}}, \"maxBsonObjectSize\": 16777216, \"maxMessageSizeBytes\": 48000000, \"maxWriteBatchSize\": 100000, \"localTime\": {\"$date\": \"2026-01-10T16:35:50.729Z\"}, \"logicalSessionTimeoutMinutes\": 30, \"connectionId\": 221, \"maxWireVersion\": 27, \"ok\": 1.0}"}
2026-01-10 18:35:50,731 - pymongo.topology - DEBUG - {"message": "Server heartbeat started", "topologyId": {"$oid": "6962785d3127086e3f0188e5"}, "driverConnectionId": 1, "serverConnectionId": 221, "serverHost": "localhost", "serverPort": 27017, "awaited": true}
2026-01-10 18:35:56,043 - httpcore.http11 - DEBUG - receive_response_headers.complete return_value=(b'HTTP/1.1', 200, b'OK', [(b'Server', b'nginx/1.18.0'), (b'Date', b'Sat, 10 Jan 2026 16:35:56 GMT'), (b'Content-Type', b'application/json'), (b'Content-Length', b'23'), (b'Connection', b'keep-alive'), (b'Strict-Transport-Security', b'max-age=31536000; includeSubDomains; preload'), (b'Access-Control-Allow-Origin', b'*'), (b'Access-Control-Allow-Methods', b'GET, POST, OPTIONS'), (b'Access-Control-Expose-Headers', b'Content-Length,Content-Type,Date,Server,Connection')])
2026-01-10 18:35:56,044 - httpx - INFO - HTTP Request: POST https://api.telegram.org/bot8490932438:AAFVy70Urq5Cj0h7gUKJbECBv3z9-apYZtM/getUpdates "HTTP/1.1 200 OK"
2026-01-10 18:35:56,044 - httpcore.http11 - DEBUG - receive_response_body.started request=<Request [b'POST']>
2026-01-10 18:35:56,044 - httpcore.http11 - DEBUG - receive_response_body.complete
2026-01-10 18:35:56,045 - httpcore.http11 - DEBUG - response_closed.started
2026-01-10 18:35:56,045 - httpcore.http11 - DEBUG - response_closed.complete
2026-01-10 18:35:56,045 - telegram.ext.ExtBot - DEBUG - Call to Bot API endpoint `getUpdates` finished with return value `[]`
2026-01-10 18:35:56,045 - telegram.ext.ExtBot - DEBUG - No new updates found.
2026-01-10 18:35:56,046 - telegram.ext.ExtBot - DEBUG - Calling Bot API endpoint `getUpdates` with parameters `{'timeout': datetime.timedelta(seconds=10), 'offset': 328648466, 'allowed_updates': [<UpdateType.MESSAGE>, <UpdateType.EDITED_MESSAGE>, <UpdateType.CHANNEL_POST>, <UpdateType.EDITED_CHANNEL_POST>, <UpdateType.INLINE_QUERY>, <UpdateType.CHOSEN_INLINE_RESULT>, <UpdateType.CALLBACK_QUERY>, <UpdateType.SHIPPING_QUERY>, <UpdateType.PRE_CHECKOUT_QUERY>, <UpdateType.POLL>, <UpdateType.POLL_ANSWER>, <UpdateType.MY_CHAT_MEMBER>, <UpdateType.CHAT_MEMBER>, <UpdateType.CHAT_JOIN_REQUEST>, <UpdateType.CHAT_BOOST>, <UpdateType.REMOVED_CHAT_BOOST>, <UpdateType.MESSAGE_REACTION>, <UpdateType.MESSAGE_REACTION_COUNT>, <UpdateType.BUSINESS_CONNECTION>, <UpdateType.BUSINESS_MESSAGE>, <UpdateType.EDITED_BUSINESS_MESSAGE>, <UpdateType.DELETED_BUSINESS_MESSAGES>, <UpdateType.PURCHASED_PAID_MEDIA>]}`
2026-01-10 18:35:56,047 - httpcore.http11 - DEBUG - send_request_headers.started request=<Request [b'POST']>
2026-01-10 18:35:56,048 - httpcore.http11 - DEBUG - send_request_headers.complete
2026-01-10 18:35:56,048 - httpcore.http11 - DEBUG - send_request_body.started request=<Request [b'POST']>
2026-01-10 18:35:56,048 - httpcore.http11 - DEBUG - send_request_body.complete
2026-01-10 18:35:56,048 - httpcore.http11 - DEBUG - receive_response_headers.started request=<Request [b'POST']>
2026-01-10 18:36:00,788 - pymongo.topology - DEBUG - {"message": "Server heartbeat succeeded", "topologyId": {"$oid": "6962785d3127086e3f0188e5"}, "driverConnectionId": 1, "serverConnectionId": 221, "serverHost": "localhost", "serverPort": 27017, "awaited": true, "durationMS": 10056.952541694045, "reply": "{\"isWritablePrimary\": true, \"topologyVersion\": {\"processId\": {\"$oid\": \"695c03b553e27f5a444409fe\"}}, \"maxBsonObjectSize\": 16777216, \"maxMessageSizeBytes\": 48000000, \"maxWriteBatchSize\": 100000, \"localTime\": {\"$date\": \"2026-01-10T16:36:00.788Z\"}, \"logicalSessionTimeoutMinutes\": 30, \"connectionId\": 221, \"maxWireVersion\": 27, \"ok\": 1.0}"}
2026-01-10 18:36:00,788 - pymongo.topology - DEBUG - {"message": "Server heartbeat started", "topologyId": {"$oid": "6962785d3127086e3f0188e5"}, "driverConnectionId": 1, "serverConnectionId": 221, "serverHost": "localhost", "serverPort": 27017, "awaited": true}
2026-01-10 18:36:06,133 - httpcore.http11 - DEBUG - receive_response_headers.complete return_value=(b'HTTP/1.1', 200, b'OK', [(b'Server', b'nginx/1.18.0'), (b'Date', b'Sat, 10 Jan 2026 16:36:06 GMT'), (b'Content-Type', b'application/json'), (b'Content-Length', b'23'), (b'Connection', b'keep-alive'), (b'Strict-Transport-Security', b'max-age=31536000; includeSubDomains; preload'), (b'Access-Control-Allow-Origin', b'*'), (b'Access-Control-Allow-Methods', b'GET, POST, OPTIONS'), (b'Access-Control-Expose-Headers', b'Content-Length,Content-Type,Date,Server,Connection')])
2026-01-10 18:36:06,134 - httpx - INFO - HTTP Request: POST https://api.telegram.org/bot8490932438:AAFVy70Urq5Cj0h7gUKJbECBv3z9-apYZtM/getUpdates "HTTP/1.1 200 OK"
2026-01-10 18:36:06,135 - httpcore.http11 - DEBUG - receive_response_body.started request=<Request [b'POST']>
2026-01-10 18:36:06,135 - httpcore.http11 - DEBUG - receive_response_body.complete
2026-01-10 18:36:06,135 - httpcore.http11 - DEBUG - response_closed.started
2026-01-10 18:36:06,135 - httpcore.http11 - DEBUG - response_closed.complete
2026-01-10 18:36:06,136 - telegram.ext.ExtBot - DEBUG - Call to Bot API endpoint `getUpdates` finished with return value `[]`
2026-01-10 18:36:06,136 - telegram.ext.ExtBot - DEBUG - No new updates found.
2026-01-10 18:36:06,136 - telegram.ext.ExtBot - DEBUG - Calling Bot API endpoint `getUpdates` with parameters `{'timeout': datetime.timedelta(seconds=10), 'offset': 328648466, 'allowed_updates': [<UpdateType.MESSAGE>, <UpdateType.EDITED_MESSAGE>, <UpdateType.CHANNEL_POST>, <UpdateType.EDITED_CHANNEL_POST>, <UpdateType.INLINE_QUERY>, <UpdateType.CHOSEN_INLINE_RESULT>, <UpdateType.CALLBACK_QUERY>, <UpdateType.SHIPPING_QUERY>, <UpdateType.PRE_CHECKOUT_QUERY>, <UpdateType.POLL>, <UpdateType.POLL_ANSWER>, <UpdateType.MY_CHAT_MEMBER>, <UpdateType.CHAT_MEMBER>, <UpdateType.CHAT_JOIN_REQUEST>, <UpdateType.CHAT_BOOST>, <UpdateType.REMOVED_CHAT_BOOST>, <UpdateType.MESSAGE_REACTION>, <UpdateType.MESSAGE_REACTION_COUNT>, <UpdateType.BUSINESS_CONNECTION>, <UpdateType.BUSINESS_MESSAGE>, <UpdateType.EDITED_BUSINESS_MESSAGE>, <UpdateType.DELETED_BUSINESS_MESSAGES>, <UpdateType.PURCHASED_PAID_MEDIA>]}`
2026-01-10 18:36:06,137 - httpcore.http11 - DEBUG - send_request_headers.started request=<Request [b'POST']>
2026-01-10 18:36:06,138 - httpcore.http11 - DEBUG - send_request_headers.complete
2026-01-10 18:36:06,138 - httpcore.http11 - DEBUG - send_request_body.started request=<Request [b'POST']>
2026-01-10 18:36:06,138 - httpcore.http11 - DEBUG - send_request_body.complete
2026-01-10 18:36:06,138 - httpcore.http11 - DEBUG - receive_response_headers.started request=<Request [b'POST']>
2026-01-10 18:36:10,862 - pymongo.topology - DEBUG - {"message": "Server heartbeat succeeded", "topologyId": {"$oid": "6962785d3127086e3f0188e5"}, "driverConnectionId": 1, "serverConnectionId": 221, "serverHost": "localhost", "serverPort": 27017, "awaited": true, "durationMS": 10073.282584082335, "reply": "{\"isWritablePrimary\": true, \"topologyVersion\": {\"processId\": {\"$oid\": \"695c03b553e27f5a444409fe\"}}, \"maxBsonObjectSize\": 16777216, \"maxMessageSizeBytes\": 48000000, \"maxWriteBatchSize\": 100000, \"localTime\": {\"$date\": \"2026-01-10T16:36:10.861Z\"}, \"logicalSessionTimeoutMinutes\": 30, \"connectionId\": 221, \"maxWireVersion\": 27, \"ok\": 1.0}"}
2026-01-10 18:36:10,863 - pymongo.topology - DEBUG - {"message": "Server heartbeat started", "topologyId": {"$oid": "6962785d3127086e3f0188e5"}, "driverConnectionId": 1, "serverConnectionId": 221, "serverHost": "localhost", "serverPort": 27017, "awaited": true}
2026-01-10 18:36:16,218 - httpcore.http11 - DEBUG - receive_response_headers.complete return_value=(b'HTTP/1.1', 200, b'OK', [(b'Server', b'nginx/1.18.0'), (b'Date', b'Sat, 10 Jan 2026 16:36:16 GMT'), (b'Content-Type', b'application/json'), (b'Content-Length', b'23'), (b'Connection', b'keep-alive'), (b'Strict-Transport-Security', b'max-age=31536000; includeSubDomains; preload'), (b'Access-Control-Allow-Origin', b'*'), (b'Access-Control-Allow-Methods', b'GET, POST, OPTIONS'), (b'Access-Control-Expose-Headers', b'Content-Length,Content-Type,Date,Server,Connection')])
2026-01-10 18:36:16,218 - httpx - INFO - HTTP Request: POST https://api.telegram.org/bot8490932438:AAFVy70Urq5Cj0h7gUKJbECBv3z9-apYZtM/getUpdates "HTTP/1.1 200 OK"
2026-01-10 18:36:16,219 - httpcore.http11 - DEBUG - receive_response_body.started request=<Request [b'POST']>
2026-01-10 18:36:16,219 - httpcore.http11 - DEBUG - receive_response_body.complete
2026-01-10 18:36:16,219 - httpcore.http11 - DEBUG - response_closed.started
2026-01-10 18:36:16,219 - httpcore.http11 - DEBUG - response_closed.complete
2026-01-10 18:36:16,219 - telegram.ext.ExtBot - DEBUG - Call to Bot API endpoint `getUpdates` finished with return value `[]`
2026-01-10 18:36:16,220 - telegram.ext.ExtBot - DEBUG - No new updates found.
2026-01-10 18:36:16,220 - telegram.ext.ExtBot - DEBUG - Calling Bot API endpoint `getUpdates` with parameters `{'timeout': datetime.timedelta(seconds=10), 'offset': 328648466, 'allowed_updates': [<UpdateType.MESSAGE>, <UpdateType.EDITED_MESSAGE>, <UpdateType.CHANNEL_POST>, <UpdateType.EDITED_CHANNEL_POST>, <UpdateType.INLINE_QUERY>, <UpdateType.CHOSEN_INLINE_RESULT>, <UpdateType.CALLBACK_QUERY>, <UpdateType.SHIPPING_QUERY>, <UpdateType.PRE_CHECKOUT_QUERY>, <UpdateType.POLL>, <UpdateType.POLL_ANSWER>, <UpdateType.MY_CHAT_MEMBER>, <UpdateType.CHAT_MEMBER>, <UpdateType.CHAT_JOIN_REQUEST>, <UpdateType.CHAT_BOOST>, <UpdateType.REMOVED_CHAT_BOOST>, <UpdateType.MESSAGE_REACTION>, <UpdateType.MESSAGE_REACTION_COUNT>, <UpdateType.BUSINESS_CONNECTION>, <UpdateType.BUSINESS_MESSAGE>, <UpdateType.EDITED_BUSINESS_MESSAGE>, <UpdateType.DELETED_BUSINESS_MESSAGES>, <UpdateType.PURCHASED_PAID_MEDIA>]}`
2026-01-10 18:36:16,221 - httpcore.http11 - DEBUG - send_request_headers.started request=<Request [b'POST']>
2026-01-10 18:36:16,221 - httpcore.http11 - DEBUG - send_request_headers.complete
2026-01-10 18:36:16,221 - httpcore.http11 - DEBUG - send_request_body.started request=<Request [b'POST']>
2026-01-10 18:36:16,222 - httpcore.http11 - DEBUG - send_request_body.complete
2026-01-10 18:36:16,222 - httpcore.http11 - DEBUG - receive_response_headers.started request=<Request [b'POST']>
2026-01-10 18:36:20,876 - pymongo.topology - DEBUG - {"message": "Server heartbeat succeeded", "topologyId": {"$oid": "6962785d3127086e3f0188e5"}, "driverConnectionId": 1, "serverConnectionId": 221, "serverHost": "localhost", "serverPort": 27017, "awaited": true, "durationMS": 10012.95829191804, "reply": "{\"isWritablePrimary\": true, \"topologyVersion\": {\"processId\": {\"$oid\": \"695c03b553e27f5a444409fe\"}}, \"maxBsonObjectSize\": 16777216, \"maxMessageSizeBytes\": 48000000, \"maxWriteBatchSize\": 100000, \"localTime\": {\"$date\": \"2026-01-10T16:36:20.875Z\"}, \"logicalSessionTimeoutMinutes\": 30, \"connectionId\": 221, \"maxWireVersion\": 27, \"ok\": 1.0}"}
2026-01-10 18:36:20,877 - pymongo.topology - DEBUG - {"message": "Server heartbeat started", "topologyId": {"$oid": "6962785d3127086e3f0188e5"}, "driverConnectionId": 1, "serverConnectionId": 221, "serverHost": "localhost", "serverPort": 27017, "awaited": true}
2026-01-10 18:36:26,395 - httpcore.http11 - DEBUG - receive_response_headers.complete return_value=(b'HTTP/1.1', 200, b'OK', [(b'Server', b'nginx/1.18.0'), (b'Date', b'Sat, 10 Jan 2026 16:36:26 GMT'), (b'Content-Type', b'application/json'), (b'Content-Length', b'23'), (b'Connection', b'keep-alive'), (b'Strict-Transport-Security', b'max-age=31536000; includeSubDomains; preload'), (b'Access-Control-Allow-Origin', b'*'), (b'Access-Control-Allow-Methods', b'GET, POST, OPTIONS'), (b'Access-Control-Expose-Headers', b'Content-Length,Content-Type,Date,Server,Connection')])
2026-01-10 18:36:26,396 - httpx - INFO - HTTP Request: POST https://api.telegram.org/bot8490932438:AAFVy70Urq5Cj0h7gUKJbECBv3z9-apYZtM/getUpdates "HTTP/1.1 200 OK"
2026-01-10 18:36:26,396 - httpcore.http11 - DEBUG - receive_response_body.started request=<Request [b'POST']>
2026-01-10 18:36:26,396 - httpcore.http11 - DEBUG - receive_response_body.complete
2026-01-10 18:36:26,397 - httpcore.http11 - DEBUG - response_closed.started
2026-01-10 18:36:26,397 - httpcore.http11 - DEBUG - response_closed.complete
2026-01-10 18:36:26,397 - telegram.ext.ExtBot - DEBUG - Call to Bot API endpoint `getUpdates` finished with return value `[]`
2026-01-10 18:36:26,397 - telegram.ext.ExtBot - DEBUG - No new updates found.
2026-01-10 18:36:26,398 - telegram.ext.ExtBot - DEBUG - Calling Bot API endpoint `getUpdates` with parameters `{'timeout': datetime.timedelta(seconds=10), 'offset': 328648466, 'allowed_updates': [<UpdateType.MESSAGE>, <UpdateType.EDITED_MESSAGE>, <UpdateType.CHANNEL_POST>, <UpdateType.EDITED_CHANNEL_POST>, <UpdateType.INLINE_QUERY>, <UpdateType.CHOSEN_INLINE_RESULT>, <UpdateType.CALLBACK_QUERY>, <UpdateType.SHIPPING_QUERY>, <UpdateType.PRE_CHECKOUT_QUERY>, <UpdateType.POLL>, <UpdateType.POLL_ANSWER>, <UpdateType.MY_CHAT_MEMBER>, <UpdateType.CHAT_MEMBER>, <UpdateType.CHAT_JOIN_REQUEST>, <UpdateType.CHAT_BOOST>, <UpdateType.REMOVED_CHAT_BOOST>, <UpdateType.MESSAGE_REACTION>, <UpdateType.MESSAGE_REACTION_COUNT>, <UpdateType.BUSINESS_CONNECTION>, <UpdateType.BUSINESS_MESSAGE>, <UpdateType.EDITED_BUSINESS_MESSAGE>, <UpdateType.DELETED_BUSINESS_MESSAGES>, <UpdateType.PURCHASED_PAID_MEDIA>]}`
2026-01-10 18:36:26,399 - httpcore.http11 - DEBUG - send_request_headers.started request=<Request [b'POST']>
2026-01-10 18:36:26,399 - httpcore.http11 - DEBUG - send_request_headers.complete
2026-01-10 18:36:26,399 - httpcore.http11 - DEBUG - send_request_body.started request=<Request [b'POST']>
2026-01-10 18:36:26,400 - httpcore.http11 - DEBUG - send_request_body.complete
2026-01-10 18:36:26,400 - httpcore.http11 - DEBUG - receive_response_headers.started request=<Request [b'POST']>
2026-01-10 18:36:30,883 - pymongo.topology - DEBUG - {"message": "Server heartbeat succeeded", "topologyId": {"$oid": "6962785d3127086e3f0188e5"}, "driverConnectionId": 1, "serverConnectionId": 221, "serverHost": "localhost", "serverPort": 27017, "awaited": true, "durationMS": 10005.962708033621, "reply": "{\"isWritablePrimary\": true, \"topologyVersion\": {\"processId\": {\"$oid\": \"695c03b553e27f5a444409fe\"}}, \"maxBsonObjectSize\": 16777216, \"maxMessageSizeBytes\": 48000000, \"maxWriteBatchSize\": 100000, \"localTime\": {\"$date\": \"2026-01-10T16:36:30.883Z\"}, \"logicalSessionTimeoutMinutes\": 30, \"connectionId\": 221, \"maxWireVersion\": 27, \"ok\": 1.0}"}
2026-01-10 18:36:30,884 - pymongo.topology - DEBUG - {"message": "Server heartbeat started", "topologyId": {"$oid": "6962785d3127086e3f0188e5"}, "driverConnectionId": 1, "serverConnectionId": 221, "serverHost": "localhost", "serverPort": 27017, "awaited": true}
2026-01-10 18:36:36,535 - httpcore.http11 - DEBUG - receive_response_headers.complete return_value=(b'HTTP/1.1', 200, b'OK', [(b'Server', b'nginx/1.18.0'), (b'Date', b'Sat, 10 Jan 2026 16:36:36 GMT'), (b'Content-Type', b'application/json'), (b'Content-Length', b'23'), (b'Connection', b'keep-alive'), (b'Strict-Transport-Security', b'max-age=31536000; includeSubDomains; preload'), (b'Access-Control-Allow-Origin', b'*'), (b'Access-Control-Allow-Methods', b'GET, POST, OPTIONS'), (b'Access-Control-Expose-Headers', b'Content-Length,Content-Type,Date,Server,Connection')])
2026-01-10 18:36:36,537 - httpx - INFO - HTTP Request: POST https://api.telegram.org/bot8490932438:AAFVy70Urq5Cj0h7gUKJbECBv3z9-apYZtM/getUpdates "HTTP/1.1 200 OK"
2026-01-10 18:36:36,537 - httpcore.http11 - DEBUG - receive_response_body.started request=<Request [b'POST']>
2026-01-10 18:36:36,538 - httpcore.http11 - DEBUG - receive_response_body.complete
2026-01-10 18:36:36,538 - httpcore.http11 - DEBUG - response_closed.started
2026-01-10 18:36:36,538 - httpcore.http11 - DEBUG - response_closed.complete
2026-01-10 18:36:36,538 - telegram.ext.ExtBot - DEBUG - Call to Bot API endpoint `getUpdates` finished with return value `[]`
2026-01-10 18:36:36,538 - telegram.ext.ExtBot - DEBUG - No new updates found.
2026-01-10 18:36:36,539 - telegram.ext.ExtBot - DEBUG - Calling Bot API endpoint `getUpdates` with parameters `{'timeout': datetime.timedelta(seconds=10), 'offset': 328648466, 'allowed_updates': [<UpdateType.MESSAGE>, <UpdateType.EDITED_MESSAGE>, <UpdateType.CHANNEL_POST>, <UpdateType.EDITED_CHANNEL_POST>, <UpdateType.INLINE_QUERY>, <UpdateType.CHOSEN_INLINE_RESULT>, <UpdateType.CALLBACK_QUERY>, <UpdateType.SHIPPING_QUERY>, <UpdateType.PRE_CHECKOUT_QUERY>, <UpdateType.POLL>, <UpdateType.POLL_ANSWER>, <UpdateType.MY_CHAT_MEMBER>, <UpdateType.CHAT_MEMBER>, <UpdateType.CHAT_JOIN_REQUEST>, <UpdateType.CHAT_BOOST>, <UpdateType.REMOVED_CHAT_BOOST>, <UpdateType.MESSAGE_REACTION>, <UpdateType.MESSAGE_REACTION_COUNT>, <UpdateType.BUSINESS_CONNECTION>, <UpdateType.BUSINESS_MESSAGE>, <UpdateType.EDITED_BUSINESS_MESSAGE>, <UpdateType.DELETED_BUSINESS_MESSAGES>, <UpdateType.PURCHASED_PAID_MEDIA>]}`
2026-01-10 18:36:36,540 - httpcore.http11 - DEBUG - send_request_headers.started request=<Request [b'POST']>
2026-01-10 18:36:36,540 - httpcore.http11 - DEBUG - send_request_headers.complete
2026-01-10 18:36:36,540 - httpcore.http11 - DEBUG - send_request_body.started request=<Request [b'POST']>
2026-01-10 18:36:36,540 - httpcore.http11 - DEBUG - send_request_body.complete
2026-01-10 18:36:36,541 - httpcore.http11 - DEBUG - receive_response_headers.started request=<Request [b'POST']>
2026-01-10 18:36:40,955 - pymongo.topology - DEBUG - {"message": "Server heartbeat succeeded", "topologyId": {"$oid": "6962785d3127086e3f0188e5"}, "driverConnectionId": 1, "serverConnectionId": 221, "serverHost": "localhost", "serverPort": 27017, "awaited": true, "durationMS": 10070.20749989897, "reply": "{\"isWritablePrimary\": true, \"topologyVersion\": {\"processId\": {\"$oid\": \"695c03b553e27f5a444409fe\"}}, \"maxBsonObjectSize\": 16777216, \"maxMessageSizeBytes\": 48000000, \"maxWriteBatchSize\": 100000, \"localTime\": {\"$date\": \"2026-01-10T16:36:40.954Z\"}, \"logicalSessionTimeoutMinutes\": 30, \"connectionId\": 221, \"maxWireVersion\": 27, \"ok\": 1.0}"}
2026-01-10 18:36:40,956 - pymongo.topology - DEBUG - {"message": "Server heartbeat started", "topologyId": {"$oid": "6962785d3127086e3f0188e5"}, "driverConnectionId": 1, "serverConnectionId": 221, "serverHost": "localhost", "serverPort": 27017, "awaited": true}
2026-01-10 18:36:46,623 - httpcore.http11 - DEBUG - receive_response_headers.complete return_value=(b'HTTP/1.1', 200, b'OK', [(b'Server', b'nginx/1.18.0'), (b'Date', b'Sat, 10 Jan 2026 16:36:46 GMT'), (b'Content-Type', b'application/json'), (b'Content-Length', b'23'), (b'Connection', b'keep-alive'), (b'Strict-Transport-Security', b'max-age=31536000; includeSubDomains; preload'), (b'Access-Control-Allow-Origin', b'*'), (b'Access-Control-Allow-Methods', b'GET, POST, OPTIONS'), (b'Access-Control-Expose-Headers', b'Content-Length,Content-Type,Date,Server,Connection')])
2026-01-10 18:36:46,623 - httpx - INFO - HTTP Request: POST https://api.telegram.org/bot8490932438:AAFVy70Urq5Cj0h7gUKJbECBv3z9-apYZtM/getUpdates "HTTP/1.1 200 OK"
2026-01-10 18:36:46,624 - httpcore.http11 - DEBUG - receive_response_body.started request=<Request [b'POST']>
2026-01-10 18:36:46,624 - httpcore.http11 - DEBUG - receive_response_body.complete
2026-01-10 18:36:46,624 - httpcore.http11 - DEBUG - response_closed.started
2026-01-10 18:36:46,624 - httpcore.http11 - DEBUG - response_closed.complete
2026-01-10 18:36:46,624 - telegram.ext.ExtBot - DEBUG - Call to Bot API endpoint `getUpdates` finished with return value `[]`
2026-01-10 18:36:46,624 - telegram.ext.ExtBot - DEBUG - No new updates found.
2026-01-10 18:36:46,624 - telegram.ext.ExtBot - DEBUG - Calling Bot API endpoint `getUpdates` with parameters `{'timeout': datetime.timedelta(seconds=10), 'offset': 328648466, 'allowed_updates': [<UpdateType.MESSAGE>, <UpdateType.EDITED_MESSAGE>, <UpdateType.CHANNEL_POST>, <UpdateType.EDITED_CHANNEL_POST>, <UpdateType.INLINE_QUERY>, <UpdateType.CHOSEN_INLINE_RESULT>, <UpdateType.CALLBACK_QUERY>, <UpdateType.SHIPPING_QUERY>, <UpdateType.PRE_CHECKOUT_QUERY>, <UpdateType.POLL>, <UpdateType.POLL_ANSWER>, <UpdateType.MY_CHAT_MEMBER>, <UpdateType.CHAT_MEMBER>, <UpdateType.CHAT_JOIN_REQUEST>, <UpdateType.CHAT_BOOST>, <UpdateType.REMOVED_CHAT_BOOST>, <UpdateType.MESSAGE_REACTION>, <UpdateType.MESSAGE_REACTION_COUNT>, <UpdateType.BUSINESS_CONNECTION>, <UpdateType.BUSINESS_MESSAGE>, <UpdateType.EDITED_BUSINESS_MESSAGE>, <UpdateType.DELETED_BUSINESS_MESSAGES>, <UpdateType.PURCHASED_PAID_MEDIA>]}`
2026-01-10 18:36:46,625 - httpcore.http11 - DEBUG - send_request_headers.started request=<Request [b'POST']>
2026-01-10 18:36:46,625 - httpcore.http11 - DEBUG - send_request_headers.complete
2026-01-10 18:36:46,625 - httpcore.http11 - DEBUG - send_request_body.started request=<Request [b'POST']>
2026-01-10 18:36:46,625 - httpcore.http11 - DEBUG - send_request_body.complete
2026-01-10 18:36:46,625 - httpcore.http11 - DEBUG - receive_response_headers.started request=<Request [b'POST']>
2026-01-10 18:36:50,993 - pymongo.topology - DEBUG - {"message": "Server heartbeat succeeded", "topologyId": {"$oid": "6962785d3127086e3f0188e5"}, "driverConnectionId": 1, "serverConnectionId": 221, "serverHost": "localhost", "serverPort": 27017, "awaited": true, "durationMS": 10036.653582938015, "reply": "{\"isWritablePrimary\": true, \"topologyVersion\": {\"processId\": {\"$oid\": \"695c03b553e27f5a444409fe\"}}, \"maxBsonObjectSize\": 16777216, \"maxMessageSizeBytes\": 48000000, \"maxWriteBatchSize\": 100000, \"localTime\": {\"$date\": \"2026-01-10T16:36:50.992Z\"}, \"logicalSessionTimeoutMinutes\": 30, \"connectionId\": 221, \"maxWireVersion\": 27, \"ok\": 1.0}"}
2026-01-10 18:36:50,994 - pymongo.topology - DEBUG - {"message": "Server heartbeat started", "topologyId": {"$oid": "6962785d3127086e3f0188e5"}, "driverConnectionId": 1, "serverConnectionId": 221, "serverHost": "localhost", "serverPort": 27017, "awaited": true}
2026-01-10 18:36:56,813 - httpcore.http11 - DEBUG - receive_response_headers.complete return_value=(b'HTTP/1.1', 200, b'OK', [(b'Server', b'nginx/1.18.0'), (b'Date', b'Sat, 10 Jan 2026 16:36:56 GMT'), (b'Content-Type', b'application/json'), (b'Content-Length', b'23'), (b'Connection', b'close'), (b'Strict-Transport-Security', b'max-age=31536000; includeSubDomains; preload'), (b'Access-Control-Allow-Origin', b'*'), (b'Access-Control-Allow-Methods', b'GET, POST, OPTIONS'), (b'Access-Control-Expose-Headers', b'Content-Length,Content-Type,Date,Server,Connection')])
2026-01-10 18:36:56,814 - httpx - INFO - HTTP Request: POST https://api.telegram.org/bot8490932438:AAFVy70Urq5Cj0h7gUKJbECBv3z9-apYZtM/getUpdates "HTTP/1.1 200 OK"
2026-01-10 18:36:56,814 - httpcore.http11 - DEBUG - receive_response_body.started request=<Request [b'POST']>
2026-01-10 18:36:56,814 - httpcore.http11 - DEBUG - receive_response_body.complete
2026-01-10 18:36:56,814 - httpcore.http11 - DEBUG - response_closed.started
2026-01-10 18:36:56,815 - httpcore.http11 - DEBUG - response_closed.complete
2026-01-10 18:36:56,815 - telegram.ext.ExtBot - DEBUG - Call to Bot API endpoint `getUpdates` finished with return value `[]`
2026-01-10 18:36:56,815 - telegram.ext.ExtBot - DEBUG - No new updates found.
2026-01-10 18:36:56,815 - telegram.ext.ExtBot - DEBUG - Calling Bot API endpoint `getUpdates` with parameters `{'timeout': datetime.timedelta(seconds=10), 'offset': 328648466, 'allowed_updates': [<UpdateType.MESSAGE>, <UpdateType.EDITED_MESSAGE>, <UpdateType.CHANNEL_POST>, <UpdateType.EDITED_CHANNEL_POST>, <UpdateType.INLINE_QUERY>, <UpdateType.CHOSEN_INLINE_RESULT>, <UpdateType.CALLBACK_QUERY>, <UpdateType.SHIPPING_QUERY>, <UpdateType.PRE_CHECKOUT_QUERY>, <UpdateType.POLL>, <UpdateType.POLL_ANSWER>, <UpdateType.MY_CHAT_MEMBER>, <UpdateType.CHAT_MEMBER>, <UpdateType.CHAT_JOIN_REQUEST>, <UpdateType.CHAT_BOOST>, <UpdateType.REMOVED_CHAT_BOOST>, <UpdateType.MESSAGE_REACTION>, <UpdateType.MESSAGE_REACTION_COUNT>, <UpdateType.BUSINESS_CONNECTION>, <UpdateType.BUSINESS_MESSAGE>, <UpdateType.EDITED_BUSINESS_MESSAGE>, <UpdateType.DELETED_BUSINESS_MESSAGES>, <UpdateType.PURCHASED_PAID_MEDIA>]}`
2026-01-10 18:36:56,816 - httpcore.connection - DEBUG - connect_tcp.started host='api.telegram.org' port=443 local_address=None timeout=5.0 socket_options=None
2026-01-10 18:36:56,909 - httpcore.connection - DEBUG - connect_tcp.complete return_value=<httpcore._backends.anyio.AnyIOStream object at 0x10bc61d10>
2026-01-10 18:36:56,909 - httpcore.connection - DEBUG - start_tls.started ssl_context=<ssl.SSLContext object at 0x10b82f140> server_hostname='api.telegram.org' timeout=5.0
2026-01-10 18:36:56,997 - httpcore.connection - DEBUG - start_tls.complete return_value=<httpcore._backends.anyio.AnyIOStream object at 0x10bc62dd0>
2026-01-10 18:36:56,997 - httpcore.http11 - DEBUG - send_request_headers.started request=<Request [b'POST']>
2026-01-10 18:36:56,998 - httpcore.http11 - DEBUG - send_request_headers.complete
2026-01-10 18:36:56,998 - httpcore.http11 - DEBUG - send_request_body.started request=<Request [b'POST']>
2026-01-10 18:36:56,998 - httpcore.http11 - DEBUG - send_request_body.complete
2026-01-10 18:36:56,998 - httpcore.http11 - DEBUG - receive_response_headers.started request=<Request [b'POST']>
2026-01-10 18:37:01,061 - pymongo.topology - DEBUG - {"message": "Server heartbeat succeeded", "topologyId": {"$oid": "6962785d3127086e3f0188e5"}, "driverConnectionId": 1, "serverConnectionId": 221, "serverHost": "localhost", "serverPort": 27017, "awaited": true, "durationMS": 10066.755333915353, "reply": "{\"isWritablePrimary\": true, \"topologyVersion\": {\"processId\": {\"$oid\": \"695c03b553e27f5a444409fe\"}}, \"maxBsonObjectSize\": 16777216, \"maxMessageSizeBytes\": 48000000, \"maxWriteBatchSize\": 100000, \"localTime\": {\"$date\": \"2026-01-10T16:37:01.061Z\"}, \"logicalSessionTimeoutMinutes\": 30, \"connectionId\": 221, \"maxWireVersion\": 27, \"ok\": 1.0}"}
2026-01-10 18:37:01,062 - pymongo.topology - DEBUG - {"message": "Server heartbeat started", "topologyId": {"$oid": "6962785d3127086e3f0188e5"}, "driverConnectionId": 1, "serverConnectionId": 221, "serverHost": "localhost", "serverPort": 27017, "awaited": true}
2026-01-10 18:37:07,080 - httpcore.http11 - DEBUG - receive_response_headers.complete return_value=(b'HTTP/1.1', 200, b'OK', [(b'Server', b'nginx/1.18.0'), (b'Date', b'Sat, 10 Jan 2026 16:37:07 GMT'), (b'Content-Type', b'application/json'), (b'Content-Length', b'23'), (b'Connection', b'keep-alive'), (b'Strict-Transport-Security', b'max-age=31536000; includeSubDomains; preload'), (b'Access-Control-Allow-Origin', b'*'), (b'Access-Control-Allow-Methods', b'GET, POST, OPTIONS'), (b'Access-Control-Expose-Headers', b'Content-Length,Content-Type,Date,Server,Connection')])
2026-01-10 18:37:07,081 - httpx - INFO - HTTP Request: POST https://api.telegram.org/bot8490932438:AAFVy70Urq5Cj0h7gUKJbECBv3z9-apYZtM/getUpdates "HTTP/1.1 200 OK"
2026-01-10 18:37:07,081 - httpcore.http11 - DEBUG - receive_response_body.started request=<Request [b'POST']>
2026-01-10 18:37:07,082 - httpcore.http11 - DEBUG - receive_response_body.complete
2026-01-10 18:37:07,082 - httpcore.http11 - DEBUG - response_closed.started
2026-01-10 18:37:07,082 - httpcore.http11 - DEBUG - response_closed.complete
2026-01-10 18:37:07,083 - telegram.ext.ExtBot - DEBUG - Call to Bot API endpoint `getUpdates` finished with return value `[]`
2026-01-10 18:37:07,083 - telegram.ext.ExtBot - DEBUG - No new updates found.
2026-01-10 18:37:07,083 - telegram.ext.ExtBot - DEBUG - Calling Bot API endpoint `getUpdates` with parameters `{'timeout': datetime.timedelta(seconds=10), 'offset': 328648466, 'allowed_updates': [<UpdateType.MESSAGE>, <UpdateType.EDITED_MESSAGE>, <UpdateType.CHANNEL_POST>, <UpdateType.EDITED_CHANNEL_POST>, <UpdateType.INLINE_QUERY>, <UpdateType.CHOSEN_INLINE_RESULT>, <UpdateType.CALLBACK_QUERY>, <UpdateType.SHIPPING_QUERY>, <UpdateType.PRE_CHECKOUT_QUERY>, <UpdateType.POLL>, <UpdateType.POLL_ANSWER>, <UpdateType.MY_CHAT_MEMBER>, <UpdateType.CHAT_MEMBER>, <UpdateType.CHAT_JOIN_REQUEST>, <UpdateType.CHAT_BOOST>, <UpdateType.REMOVED_CHAT_BOOST>, <UpdateType.MESSAGE_REACTION>, <UpdateType.MESSAGE_REACTION_COUNT>, <UpdateType.BUSINESS_CONNECTION>, <UpdateType.BUSINESS_MESSAGE>, <UpdateType.EDITED_BUSINESS_MESSAGE>, <UpdateType.DELETED_BUSINESS_MESSAGES>, <UpdateType.PURCHASED_PAID_MEDIA>]}`
2026-01-10 18:37:07,084 - httpcore.http11 - DEBUG - send_request_headers.started request=<Request [b'POST']>
2026-01-10 18:37:07,084 - httpcore.http11 - DEBUG - send_request_headers.complete
2026-01-10 18:37:07,084 - httpcore.http11 - DEBUG - send_request_body.started request=<Request [b'POST']>
2026-01-10 18:37:07,085 - httpcore.http11 - DEBUG - send_request_body.complete
2026-01-10 18:37:07,085 - httpcore.http11 - DEBUG - receive_response_headers.started request=<Request [b'POST']>
2026-01-10 18:37:11,118 - pymongo.topology - DEBUG - {"message": "Server heartbeat succeeded", "topologyId": {"$oid": "6962785d3127086e3f0188e5"}, "driverConnectionId": 1, "serverConnectionId": 221, "serverHost": "localhost", "serverPort": 27017, "awaited": true, "durationMS": 10055.182999931276, "reply": "{\"isWritablePrimary\": true, \"topologyVersion\": {\"processId\": {\"$oid\": \"695c03b553e27f5a444409fe\"}}, \"maxBsonObjectSize\": 16777216, \"maxMessageSizeBytes\": 48000000, \"maxWriteBatchSize\": 100000, \"localTime\": {\"$date\": \"2026-01-10T16:37:11.117Z\"}, \"logicalSessionTimeoutMinutes\": 30, \"connectionId\": 221, \"maxWireVersion\": 27, \"ok\": 1.0}"}
2026-01-10 18:37:11,119 - pymongo.topology - DEBUG - {"message": "Server heartbeat started", "topologyId": {"$oid": "6962785d3127086e3f0188e5"}, "driverConnectionId": 1, "serverConnectionId": 221, "serverHost": "localhost", "serverPort": 27017, "awaited": true}
2026-01-10 18:37:17,165 - httpcore.http11 - DEBUG - receive_response_headers.complete return_value=(b'HTTP/1.1', 200, b'OK', [(b'Server', b'nginx/1.18.0'), (b'Date', b'Sat, 10 Jan 2026 16:37:17 GMT'), (b'Content-Type', b'application/json'), (b'Content-Length', b'23'), (b'Connection', b'keep-alive'), (b'Strict-Transport-Security', b'max-age=31536000; includeSubDomains; preload'), (b'Access-Control-Allow-Origin', b'*'), (b'Access-Control-Allow-Methods', b'GET, POST, OPTIONS'), (b'Access-Control-Expose-Headers', b'Content-Length,Content-Type,Date,Server,Connection')])
2026-01-10 18:37:17,166 - httpx - INFO - HTTP Request: POST https://api.telegram.org/bot8490932438:AAFVy70Urq5Cj0h7gUKJbECBv3z9-apYZtM/getUpdates "HTTP/1.1 200 OK"
2026-01-10 18:37:17,166 - httpcore.http11 - DEBUG - receive_response_body.started request=<Request [b'POST']>
2026-01-10 18:37:17,166 - httpcore.http11 - DEBUG - receive_response_body.complete
2026-01-10 18:37:17,166 - httpcore.http11 - DEBUG - response_closed.started
2026-01-10 18:37:17,167 - httpcore.http11 - DEBUG - response_closed.complete
2026-01-10 18:37:17,167 - telegram.ext.ExtBot - DEBUG - Call to Bot API endpoint `getUpdates` finished with return value `[]`
2026-01-10 18:37:17,167 - telegram.ext.ExtBot - DEBUG - No new updates found.
2026-01-10 18:37:17,167 - telegram.ext.ExtBot - DEBUG - Calling Bot API endpoint `getUpdates` with parameters `{'timeout': datetime.timedelta(seconds=10), 'offset': 328648466, 'allowed_updates': [<UpdateType.MESSAGE>, <UpdateType.EDITED_MESSAGE>, <UpdateType.CHANNEL_POST>, <UpdateType.EDITED_CHANNEL_POST>, <UpdateType.INLINE_QUERY>, <UpdateType.CHOSEN_INLINE_RESULT>, <UpdateType.CALLBACK_QUERY>, <UpdateType.SHIPPING_QUERY>, <UpdateType.PRE_CHECKOUT_QUERY>, <UpdateType.POLL>, <UpdateType.POLL_ANSWER>, <UpdateType.MY_CHAT_MEMBER>, <UpdateType.CHAT_MEMBER>, <UpdateType.CHAT_JOIN_REQUEST>, <UpdateType.CHAT_BOOST>, <UpdateType.REMOVED_CHAT_BOOST>, <UpdateType.MESSAGE_REACTION>, <UpdateType.MESSAGE_REACTION_COUNT>, <UpdateType.BUSINESS_CONNECTION>, <UpdateType.BUSINESS_MESSAGE>, <UpdateType.EDITED_BUSINESS_MESSAGE>, <UpdateType.DELETED_BUSINESS_MESSAGES>, <UpdateType.PURCHASED_PAID_MEDIA>]}`
2026-01-10 18:37:17,168 - httpcore.http11 - DEBUG - send_request_headers.started request=<Request [b'POST']>
2026-01-10 18:37:17,169 - httpcore.http11 - DEBUG - send_request_headers.complete
2026-01-10 18:37:17,169 - httpcore.http11 - DEBUG - send_request_body.started request=<Request [b'POST']>
2026-01-10 18:37:17,169 - httpcore.http11 - DEBUG - send_request_body.complete
2026-01-10 18:37:17,169 - httpcore.http11 - DEBUG - receive_response_headers.started request=<Request [b'POST']>
2026-01-10 18:37:21,190 - pymongo.topology - DEBUG - {"message": "Server heartbeat succeeded", "topologyId": {"$oid": "6962785d3127086e3f0188e5"}, "driverConnectionId": 1, "serverConnectionId": 221, "serverHost": "localhost", "serverPort": 27017, "awaited": true, "durationMS": 10070.803583133966, "reply": "{\"isWritablePrimary\": true, \"topologyVersion\": {\"processId\": {\"$oid\": \"695c03b553e27f5a444409fe\"}}, \"maxBsonObjectSize\": 16777216, \"maxMessageSizeBytes\": 48000000, \"maxWriteBatchSize\": 100000, \"localTime\": {\"$date\": \"2026-01-10T16:37:21.189Z\"}, \"logicalSessionTimeoutMinutes\": 30, \"connectionId\": 221, \"maxWireVersion\": 27, \"ok\": 1.0}"}
2026-01-10 18:37:21,191 - pymongo.topology - DEBUG - {"message": "Server heartbeat started", "topologyId": {"$oid": "6962785d3127086e3f0188e5"}, "driverConnectionId": 1, "serverConnectionId": 221, "serverHost": "localhost", "serverPort": 27017, "awaited": true}
2026-01-10 18:37:27,255 - httpcore.http11 - DEBUG - receive_response_headers.complete return_value=(b'HTTP/1.1', 200, b'OK', [(b'Server', b'nginx/1.18.0'), (b'Date', b'Sat, 10 Jan 2026 16:37:27 GMT'), (b'Content-Type', b'application/json'), (b'Content-Length', b'23'), (b'Connection', b'keep-alive'), (b'Strict-Transport-Security', b'max-age=31536000; includeSubDomains; preload'), (b'Access-Control-Allow-Origin', b'*'), (b'Access-Control-Allow-Methods', b'GET, POST, OPTIONS'), (b'Access-Control-Expose-Headers', b'Content-Length,Content-Type,Date,Server,Connection')])
2026-01-10 18:37:27,256 - httpx - INFO - HTTP Request: POST https://api.telegram.org/bot8490932438:AAFVy70Urq5Cj0h7gUKJbECBv3z9-apYZtM/getUpdates "HTTP/1.1 200 OK"
2026-01-10 18:37:27,256 - httpcore.http11 - DEBUG - receive_response_body.started request=<Request [b'POST']>
2026-01-10 18:37:27,257 - httpcore.http11 - DEBUG - receive_response_body.complete
2026-01-10 18:37:27,257 - httpcore.http11 - DEBUG - response_closed.started
2026-01-10 18:37:27,257 - httpcore.http11 - DEBUG - response_closed.complete
2026-01-10 18:37:27,257 - telegram.ext.ExtBot - DEBUG - Call to Bot API endpoint `getUpdates` finished with return value `[]`
2026-01-10 18:37:27,257 - telegram.ext.ExtBot - DEBUG - No new updates found.
2026-01-10 18:37:27,258 - telegram.ext.ExtBot - DEBUG - Calling Bot API endpoint `getUpdates` with parameters `{'timeout': datetime.timedelta(seconds=10), 'offset': 328648466, 'allowed_updates': [<UpdateType.MESSAGE>, <UpdateType.EDITED_MESSAGE>, <UpdateType.CHANNEL_POST>, <UpdateType.EDITED_CHANNEL_POST>, <UpdateType.INLINE_QUERY>, <UpdateType.CHOSEN_INLINE_RESULT>, <UpdateType.CALLBACK_QUERY>, <UpdateType.SHIPPING_QUERY>, <UpdateType.PRE_CHECKOUT_QUERY>, <UpdateType.POLL>, <UpdateType.POLL_ANSWER>, <UpdateType.MY_CHAT_MEMBER>, <UpdateType.CHAT_MEMBER>, <UpdateType.CHAT_JOIN_REQUEST>, <UpdateType.CHAT_BOOST>, <UpdateType.REMOVED_CHAT_BOOST>, <UpdateType.MESSAGE_REACTION>, <UpdateType.MESSAGE_REACTION_COUNT>, <UpdateType.BUSINESS_CONNECTION>, <UpdateType.BUSINESS_MESSAGE>, <UpdateType.EDITED_BUSINESS_MESSAGE>, <UpdateType.DELETED_BUSINESS_MESSAGES>, <UpdateType.PURCHASED_PAID_MEDIA>]}`
2026-01-10 18:37:27,259 - httpcore.http11 - DEBUG - send_request_headers.started request=<Request [b'POST']>
2026-01-10 18:37:27,259 - httpcore.http11 - DEBUG - send_request_headers.complete
2026-01-10 18:37:27,259 - httpcore.http11 - DEBUG - send_request_body.started request=<Request [b'POST']>
2026-01-10 18:37:27,260 - httpcore.http11 - DEBUG - send_request_body.complete
2026-01-10 18:37:27,260 - httpcore.http11 - DEBUG - receive_response_headers.started request=<Request [b'POST']>
2026-01-10 18:37:31,244 - pymongo.topology - DEBUG - {"message": "Server heartbeat succeeded", "topologyId": {"$oid": "6962785d3127086e3f0188e5"}, "driverConnectionId": 1, "serverConnectionId": 221, "serverHost": "localhost", "serverPort": 27017, "awaited": true, "durationMS": 10052.465958055109, "reply": "{\"isWritablePrimary\": true, \"topologyVersion\": {\"processId\": {\"$oid\": \"695c03b553e27f5a444409fe\"}}, \"maxBsonObjectSize\": 16777216, \"maxMessageSizeBytes\": 48000000, \"maxWriteBatchSize\": 100000, \"localTime\": {\"$date\": \"2026-01-10T16:37:31.243Z\"}, \"logicalSessionTimeoutMinutes\": 30, \"connectionId\": 221, \"maxWireVersion\": 27, \"ok\": 1.0}"}
2026-01-10 18:37:31,244 - pymongo.topology - DEBUG - {"message": "Server heartbeat started", "topologyId": {"$oid": "6962785d3127086e3f0188e5"}, "driverConnectionId": 1, "serverConnectionId": 221, "serverHost": "localhost", "serverPort": 27017, "awaited": true}
2026-01-10 18:37:37,338 - httpcore.http11 - DEBUG - receive_response_headers.complete return_value=(b'HTTP/1.1', 200, b'OK', [(b'Server', b'nginx/1.18.0'), (b'Date', b'Sat, 10 Jan 2026 16:37:37 GMT'), (b'Content-Type', b'application/json'), (b'Content-Length', b'23'), (b'Connection', b'keep-alive'), (b'Strict-Transport-Security', b'max-age=31536000; includeSubDomains; preload'), (b'Access-Control-Allow-Origin', b'*'), (b'Access-Control-Allow-Methods', b'GET, POST, OPTIONS'), (b'Access-Control-Expose-Headers', b'Content-Length,Content-Type,Date,Server,Connection')])
2026-01-10 18:37:37,339 - httpx - INFO - HTTP Request: POST https://api.telegram.org/bot8490932438:AAFVy70Urq5Cj0h7gUKJbECBv3z9-apYZtM/getUpdates "HTTP/1.1 200 OK"
2026-01-10 18:37:37,339 - httpcore.http11 - DEBUG - receive_response_body.started request=<Request [b'POST']>
2026-01-10 18:37:37,339 - httpcore.http11 - DEBUG - receive_response_body.complete
2026-01-10 18:37:37,339 - httpcore.http11 - DEBUG - response_closed.started
2026-01-10 18:37:37,340 - httpcore.http11 - DEBUG - response_closed.complete
2026-01-10 18:37:37,340 - telegram.ext.ExtBot - DEBUG - Call to Bot API endpoint `getUpdates` finished with return value `[]`
2026-01-10 18:37:37,340 - telegram.ext.ExtBot - DEBUG - No new updates found.
2026-01-10 18:37:37,341 - telegram.ext.ExtBot - DEBUG - Calling Bot API endpoint `getUpdates` with parameters `{'timeout': datetime.timedelta(seconds=10), 'offset': 328648466, 'allowed_updates': [<UpdateType.MESSAGE>, <UpdateType.EDITED_MESSAGE>, <UpdateType.CHANNEL_POST>, <UpdateType.EDITED_CHANNEL_POST>, <UpdateType.INLINE_QUERY>, <UpdateType.CHOSEN_INLINE_RESULT>, <UpdateType.CALLBACK_QUERY>, <UpdateType.SHIPPING_QUERY>, <UpdateType.PRE_CHECKOUT_QUERY>, <UpdateType.POLL>, <UpdateType.POLL_ANSWER>, <UpdateType.MY_CHAT_MEMBER>, <UpdateType.CHAT_MEMBER>, <UpdateType.CHAT_JOIN_REQUEST>, <UpdateType.CHAT_BOOST>, <UpdateType.REMOVED_CHAT_BOOST>, <UpdateType.MESSAGE_REACTION>, <UpdateType.MESSAGE_REACTION_COUNT>, <UpdateType.BUSINESS_CONNECTION>, <UpdateType.BUSINESS_MESSAGE>, <UpdateType.EDITED_BUSINESS_MESSAGE>, <UpdateType.DELETED_BUSINESS_MESSAGES>, <UpdateType.PURCHASED_PAID_MEDIA>]}`
2026-01-10 18:37:37,341 - httpcore.http11 - DEBUG - send_request_headers.started request=<Request [b'POST']>
2026-01-10 18:37:37,342 - httpcore.http11 - DEBUG - send_request_headers.complete
2026-01-10 18:37:37,342 - httpcore.http11 - DEBUG - send_request_body.started request=<Request [b'POST']>
2026-01-10 18:37:37,342 - httpcore.http11 - DEBUG - send_request_body.complete
2026-01-10 18:37:37,342 - httpcore.http11 - DEBUG - receive_response_headers.started request=<Request [b'POST']>
2026-01-10 18:37:41,261 - pymongo.topology - DEBUG - {"message": "Server heartbeat succeeded", "topologyId": {"$oid": "6962785d3127086e3f0188e5"}, "driverConnectionId": 1, "serverConnectionId": 221, "serverHost": "localhost", "serverPort": 27017, "awaited": true, "durationMS": 10016.107209026814, "reply": "{\"isWritablePrimary\": true, \"topologyVersion\": {\"processId\": {\"$oid\": \"695c03b553e27f5a444409fe\"}}, \"maxBsonObjectSize\": 16777216, \"maxMessageSizeBytes\": 48000000, \"maxWriteBatchSize\": 100000, \"localTime\": {\"$date\": \"2026-01-10T16:37:41.260Z\"}, \"logicalSessionTimeoutMinutes\": 30, \"connectionId\": 221, \"maxWireVersion\": 27, \"ok\": 1.0}"}
2026-01-10 18:37:41,262 - pymongo.topology - DEBUG - {"message": "Server heartbeat started", "topologyId": {"$oid": "6962785d3127086e3f0188e5"}, "driverConnectionId": 1, "serverConnectionId": 221, "serverHost": "localhost", "serverPort": 27017, "awaited": true}
2026-01-10 18:37:47,426 - httpcore.http11 - DEBUG - receive_response_headers.complete return_value=(b'HTTP/1.1', 200, b'OK', [(b'Server', b'nginx/1.18.0'), (b'Date', b'Sat, 10 Jan 2026 16:37:47 GMT'), (b'Content-Type', b'application/json'), (b'Content-Length', b'23'), (b'Connection', b'keep-alive'), (b'Strict-Transport-Security', b'max-age=31536000; includeSubDomains; preload'), (b'Access-Control-Allow-Origin', b'*'), (b'Access-Control-Allow-Methods', b'GET, POST, OPTIONS'), (b'Access-Control-Expose-Headers', b'Content-Length,Content-Type,Date,Server,Connection')])
2026-01-10 18:37:47,426 - httpx - INFO - HTTP Request: POST https://api.telegram.org/bot8490932438:AAFVy70Urq5Cj0h7gUKJbECBv3z9-apYZtM/getUpdates "HTTP/1.1 200 OK"
2026-01-10 18:37:47,427 - httpcore.http11 - DEBUG - receive_response_body.started request=<Request [b'POST']>
2026-01-10 18:37:47,427 - httpcore.http11 - DEBUG - receive_response_body.complete
2026-01-10 18:37:47,427 - httpcore.http11 - DEBUG - response_closed.started
2026-01-10 18:37:47,427 - httpcore.http11 - DEBUG - response_closed.complete
2026-01-10 18:37:47,428 - telegram.ext.ExtBot - DEBUG - Call to Bot API endpoint `getUpdates` finished with return value `[]`
2026-01-10 18:37:47,428 - telegram.ext.ExtBot - DEBUG - No new updates found.
2026-01-10 18:37:47,428 - telegram.ext.ExtBot - DEBUG - Calling Bot API endpoint `getUpdates` with parameters `{'timeout': datetime.timedelta(seconds=10), 'offset': 328648466, 'allowed_updates': [<UpdateType.MESSAGE>, <UpdateType.EDITED_MESSAGE>, <UpdateType.CHANNEL_POST>, <UpdateType.EDITED_CHANNEL_POST>, <UpdateType.INLINE_QUERY>, <UpdateType.CHOSEN_INLINE_RESULT>, <UpdateType.CALLBACK_QUERY>, <UpdateType.SHIPPING_QUERY>, <UpdateType.PRE_CHECKOUT_QUERY>, <UpdateType.POLL>, <UpdateType.POLL_ANSWER>, <UpdateType.MY_CHAT_MEMBER>, <UpdateType.CHAT_MEMBER>, <UpdateType.CHAT_JOIN_REQUEST>, <UpdateType.CHAT_BOOST>, <UpdateType.REMOVED_CHAT_BOOST>, <UpdateType.MESSAGE_REACTION>, <UpdateType.MESSAGE_REACTION_COUNT>, <UpdateType.BUSINESS_CONNECTION>, <UpdateType.BUSINESS_MESSAGE>, <UpdateType.EDITED_BUSINESS_MESSAGE>, <UpdateType.DELETED_BUSINESS_MESSAGES>, <UpdateType.PURCHASED_PAID_MEDIA>]}`
2026-01-10 18:37:47,429 - httpcore.http11 - DEBUG - send_request_headers.started request=<Request [b'POST']>
2026-01-10 18:37:47,430 - httpcore.http11 - DEBUG - send_request_headers.complete
2026-01-10 18:37:47,430 - httpcore.http11 - DEBUG - send_request_body.started request=<Request [b'POST']>
2026-01-10 18:37:47,430 - httpcore.http11 - DEBUG - send_request_body.complete
2026-01-10 18:37:47,430 - httpcore.http11 - DEBUG - receive_response_headers.started request=<Request [b'POST']>
2026-01-10 18:37:51,299 - pymongo.topology - DEBUG - {"message": "Server heartbeat succeeded", "topologyId": {"$oid": "6962785d3127086e3f0188e5"}, "driverConnectionId": 1, "serverConnectionId": 221, "serverHost": "localhost", "serverPort": 27017, "awaited": true, "durationMS": 10036.449333187193, "reply": "{\"isWritablePrimary\": true, \"topologyVersion\": {\"processId\": {\"$oid\": \"695c03b553e27f5a444409fe\"}}, \"maxBsonObjectSize\": 16777216, \"maxMessageSizeBytes\": 48000000, \"maxWriteBatchSize\": 100000, \"localTime\": {\"$date\": \"2026-01-10T16:37:51.298Z\"}, \"logicalSessionTimeoutMinutes\": 30, \"connectionId\": 221, \"maxWireVersion\": 27, \"ok\": 1.0}"}
2026-01-10 18:37:51,299 - pymongo.topology - DEBUG - {"message": "Server heartbeat started", "topologyId": {"$oid": "6962785d3127086e3f0188e5"}, "driverConnectionId": 1, "serverConnectionId": 221, "serverHost": "localhost", "serverPort": 27017, "awaited": true}
2026-01-10 18:37:57,535 - httpcore.http11 - DEBUG - receive_response_headers.complete return_value=(b'HTTP/1.1', 200, b'OK', [(b'Server', b'nginx/1.18.0'), (b'Date', b'Sat, 10 Jan 2026 16:37:57 GMT'), (b'Content-Type', b'application/json'), (b'Content-Length', b'23'), (b'Connection', b'keep-alive'), (b'Strict-Transport-Security', b'max-age=31536000; includeSubDomains; preload'), (b'Access-Control-Allow-Origin', b'*'), (b'Access-Control-Allow-Methods', b'GET, POST, OPTIONS'), (b'Access-Control-Expose-Headers', b'Content-Length,Content-Type,Date,Server,Connection')])
2026-01-10 18:37:57,535 - httpx - INFO - HTTP Request: POST https://api.telegram.org/bot8490932438:AAFVy70Urq5Cj0h7gUKJbECBv3z9-apYZtM/getUpdates "HTTP/1.1 200 OK"
2026-01-10 18:37:57,536 - httpcore.http11 - DEBUG - receive_response_body.started request=<Request [b'POST']>
2026-01-10 18:37:57,536 - httpcore.http11 - DEBUG - receive_response_body.complete
2026-01-10 18:37:57,536 - httpcore.http11 - DEBUG - response_closed.started
2026-01-10 18:37:57,536 - httpcore.http11 - DEBUG - response_closed.complete
2026-01-10 18:37:57,537 - telegram.ext.ExtBot - DEBUG - Call to Bot API endpoint `getUpdates` finished with return value `[]`
2026-01-10 18:37:57,537 - telegram.ext.ExtBot - DEBUG - No new updates found.
2026-01-10 18:37:57,537 - telegram.ext.ExtBot - DEBUG - Calling Bot API endpoint `getUpdates` with parameters `{'timeout': datetime.timedelta(seconds=10), 'offset': 328648466, 'allowed_updates': [<UpdateType.MESSAGE>, <UpdateType.EDITED_MESSAGE>, <UpdateType.CHANNEL_POST>, <UpdateType.EDITED_CHANNEL_POST>, <UpdateType.INLINE_QUERY>, <UpdateType.CHOSEN_INLINE_RESULT>, <UpdateType.CALLBACK_QUERY>, <UpdateType.SHIPPING_QUERY>, <UpdateType.PRE_CHECKOUT_QUERY>, <UpdateType.POLL>, <UpdateType.POLL_ANSWER>, <UpdateType.MY_CHAT_MEMBER>, <UpdateType.CHAT_MEMBER>, <UpdateType.CHAT_JOIN_REQUEST>, <UpdateType.CHAT_BOOST>, <UpdateType.REMOVED_CHAT_BOOST>, <UpdateType.MESSAGE_REACTION>, <UpdateType.MESSAGE_REACTION_COUNT>, <UpdateType.BUSINESS_CONNECTION>, <UpdateType.BUSINESS_MESSAGE>, <UpdateType.EDITED_BUSINESS_MESSAGE>, <UpdateType.DELETED_BUSINESS_MESSAGES>, <UpdateType.PURCHASED_PAID_MEDIA>]}`
2026-01-10 18:37:57,538 - httpcore.http11 - DEBUG - send_request_headers.started request=<Request [b'POST']>
2026-01-10 18:37:57,538 - httpcore.http11 - DEBUG - send_request_headers.complete
2026-01-10 18:37:57,538 - httpcore.http11 - DEBUG - send_request_body.started request=<Request [b'POST']>
2026-01-10 18:37:57,538 - httpcore.http11 - DEBUG - send_request_body.complete
2026-01-10 18:37:57,538 - httpcore.http11 - DEBUG - receive_response_headers.started request=<Request [b'POST']>
2026-01-10 18:38:01,310 - pymongo.topology - DEBUG - {"message": "Server heartbeat succeeded", "topologyId": {"$oid": "6962785d3127086e3f0188e5"}, "driverConnectionId": 1, "serverConnectionId": 221, "serverHost": "localhost", "serverPort": 27017, "awaited": true, "durationMS": 10010.15158277005, "reply": "{\"isWritablePrimary\": true, \"topologyVersion\": {\"processId\": {\"$oid\": \"695c03b553e27f5a444409fe\"}}, \"maxBsonObjectSize\": 16777216, \"maxMessageSizeBytes\": 48000000, \"maxWriteBatchSize\": 100000, \"localTime\": {\"$date\": \"2026-01-10T16:38:01.309Z\"}, \"logicalSessionTimeoutMinutes\": 30, \"connectionId\": 221, \"maxWireVersion\": 27, \"ok\": 1.0}"}
2026-01-10 18:38:01,311 - pymongo.topology - DEBUG - {"message": "Server heartbeat started", "topologyId": {"$oid": "6962785d3127086e3f0188e5"}, "driverConnectionId": 1, "serverConnectionId": 221, "serverHost": "localhost", "serverPort": 27017, "awaited": true}
2026-01-10 18:38:07,673 - httpcore.http11 - DEBUG - receive_response_headers.complete return_value=(b'HTTP/1.1', 200, b'OK', [(b'Server', b'nginx/1.18.0'), (b'Date', b'Sat, 10 Jan 2026 16:38:07 GMT'), (b'Content-Type', b'application/json'), (b'Content-Length', b'23'), (b'Connection', b'keep-alive'), (b'Strict-Transport-Security', b'max-age=31536000; includeSubDomains; preload'), (b'Access-Control-Allow-Origin', b'*'), (b'Access-Control-Allow-Methods', b'GET, POST, OPTIONS'), (b'Access-Control-Expose-Headers', b'Content-Length,Content-Type,Date,Server,Connection')])
2026-01-10 18:38:07,674 - httpx - INFO - HTTP Request: POST https://api.telegram.org/bot8490932438:AAFVy70Urq5Cj0h7gUKJbECBv3z9-apYZtM/getUpdates "HTTP/1.1 200 OK"
2026-01-10 18:38:07,674 - httpcore.http11 - DEBUG - receive_response_body.started request=<Request [b'POST']>
2026-01-10 18:38:07,674 - httpcore.http11 - DEBUG - receive_response_body.complete
2026-01-10 18:38:07,674 - httpcore.http11 - DEBUG - response_closed.started
2026-01-10 18:38:07,675 - httpcore.http11 - DEBUG - response_closed.complete
2026-01-10 18:38:07,675 - telegram.ext.ExtBot - DEBUG - Call to Bot API endpoint `getUpdates` finished with return value `[]`
2026-01-10 18:38:07,675 - telegram.ext.ExtBot - DEBUG - No new updates found.
2026-01-10 18:38:07,676 - telegram.ext.ExtBot - DEBUG - Calling Bot API endpoint `getUpdates` with parameters `{'timeout': datetime.timedelta(seconds=10), 'offset': 328648466, 'allowed_updates': [<UpdateType.MESSAGE>, <UpdateType.EDITED_MESSAGE>, <UpdateType.CHANNEL_POST>, <UpdateType.EDITED_CHANNEL_POST>, <UpdateType.INLINE_QUERY>, <UpdateType.CHOSEN_INLINE_RESULT>, <UpdateType.CALLBACK_QUERY>, <UpdateType.SHIPPING_QUERY>, <UpdateType.PRE_CHECKOUT_QUERY>, <UpdateType.POLL>, <UpdateType.POLL_ANSWER>, <UpdateType.MY_CHAT_MEMBER>, <UpdateType.CHAT_MEMBER>, <UpdateType.CHAT_JOIN_REQUEST>, <UpdateType.CHAT_BOOST>, <UpdateType.REMOVED_CHAT_BOOST>, <UpdateType.MESSAGE_REACTION>, <UpdateType.MESSAGE_REACTION_COUNT>, <UpdateType.BUSINESS_CONNECTION>, <UpdateType.BUSINESS_MESSAGE>, <UpdateType.EDITED_BUSINESS_MESSAGE>, <UpdateType.DELETED_BUSINESS_MESSAGES>, <UpdateType.PURCHASED_PAID_MEDIA>]}`
2026-01-10 18:38:07,677 - httpcore.http11 - DEBUG - send_request_headers.started request=<Request [b'POST']>
2026-01-10 18:38:07,677 - httpcore.http11 - DEBUG - send_request_headers.complete
2026-01-10 18:38:07,677 - httpcore.http11 - DEBUG - send_request_body.started request=<Request [b'POST']>
2026-01-10 18:38:07,678 - httpcore.http11 - DEBUG - send_request_body.complete
2026-01-10 18:38:07,678 - httpcore.http11 - DEBUG - receive_response_headers.started request=<Request [b'POST']>
